1 1 -0.0007 -0.0004 100.0 518.67 641.82 1589.70 1400.60 14.62 21.61 554.36 2388.06 9046.19 1.30 47.47 521.66 2388.02 8138.62 8.4195 0.03 392 2388 100.00 39.06 23.4190  
1 2 0.0019 -0.0003 100.0 518.67 642.15 1591.82 1403.14 14.62 21.61 553.75 2388.04 9044.07 1.30 47.49 522.28 2388.07 8131.49 8.4318 0.03 392 2388 100.00 39.00 23.4236  
1 3 -0.0043 0.0003 100.0 518.67 642.35 1587.99 1404.20 14.62 21.61 554.26 2388.08 9052.94 1.30 47.27 522.42 2388.03 8133.23 8.4178 0.03 390 2388 100.00 38.95 23.3442  
1 4 0.0007 0.0000 100.0 518.67 642.35 1582.79 1401.87 14.62 21.61 554.45 2388.11 9049.48 1.30 47.13 522.86 2388.08 8133.83 8.3682 0.03 392 2388 100.00 38.88 23.3739  
1 5 -0.0019 -0.0002 100.0 518.67 642.37 1582.85 1406.22 14.62 21.61 554.00 2388.06 9055.15 1.30 47.28 522.19 2388.04 8133.80 8.4294 0.03 393 2388 100.00 38.90 23.4044  
1 6 -0.0043 -0.0001 100.0 518.67 642.10 1584.47 1398.37 14.62 21.61 554.67 2388.02 9049.68 1.30 47.16 521.68 2388.03 8132.85 8.4108 0.03 391 2388 100.00 38.98 23.3669  
1 7 0.0010 0.0001 100.0 518.67 642.48 1592.32 1397.77 14.62 21.61 554.34 2388.02 9059.13 1.30 47.36 522.32 2388.03 8132.32 8.3974 0.03 392 2388 100.00 39.10 23.3774  
1 8 -0.0034 0.0003 100.0 518.67 642.56 1582.96 1400.97 14.62 21.61 553.85 2388.00 9040.80 1.30 47.24 522.47 2388.03 8131.07 8.4076 0.03 391 2388 100.00 38.97 23.3106  
1 9 0.0008 0.0001 100.0 518.67 642.12 1590.98 1394.80 14.62 21.61 553.69 2388.05 9046.46 1.30 47.29 521.79 2388.05 8125.69 8.3728 0.03 392 2388 100.00 39.05 23.4066  
1 10 -0.0033 0.0001 100.0 518.67 641.71 1591.24 1400.46 14.62 21.61 553.59 2388.05 9051.70 1.30 47.03 521.79 2388.06 8129.38 8.4286 0.03 393 2388 100.00 38.95 23.4694  
1 11 0.0018 -0.0003 100.0 518.67 642.28 1581.75 1400.64 14.62 21.61 554.54 2388.05 9049.61 1.30 47.15 521.40 2388.01 8140.58 8.4340 0.03 392 2388 100.00 38.94 23.4787  
1 12 0.0016 0.0002 100.0 518.67 642.06 1583.41 1400.15 14.62 21.61 554.52 2388.09 9049.37 1.30 47.18 521.80 2388.02 8134.25 8.3938 0.03 391 2388 100.00 39.06 23.3660  
1 13 -0.0019 0.0004 100.0 518.67 643.07 1582.19 1400.83 14.62 21.61 553.44 2388.12 9046.82 1.30 47.38 521.85 2388.08 8128.10 8.4152 0.03 393 2388 100.00 38.93 23.2757  
1 14 0.0009 -0.0000 100.0 518.67 642.35 1592.95 1399.16 14.62 21.61 554.48 2388.09 9047.37 1.30 47.44 521.67 2388.00 8134.43 8.3964 0.03 393 2388 100.00 39.18 23.3826  
1 15 -0.0018 -0.0003 100.0 518.67 642.43 1583.82 1402.13 14.62 21.61 553.64 2388.11 9052.22 1.30 47.30 522.50 2388.08 8127.56 8.4199 0.03 391 2388 100.00 38.99 23.3500  
1 16 0.0006 0.0005 100.0 518.67 642.13 1587.98 1404.50 14.62 21.61 553.94 2388.05 9049.34 1.30 47.24 521.49 2388.07 8136.11 8.3936 0.03 392 2388 100.00 38.97 23.4550  
1 17 0.0002 0.0002 100.0 518.67 642.58 1584.96 1399.95 14.62 21.61 553.80 2388.06 9054.92 1.30 47.12 521.89 2388.04 8137.27 8.4542 0.03 392 2388 100.00 38.81 23.3319  
1 18 -0.0031 -0.0001 100.0 518.67 642.62 1591.04 1396.12 14.62 21.61 554.20 2388.05 9049.55 1.30 47.21 521.76 2388.07 8132.73 8.4028 0.03 392 2388 100.00 38.89 23.3987  
1 19 0.0032 -0.0003 100.0 518.67 641.79 1587.56 1400.35 14.62 21.61 554.18 2388.04 9053.99 1.30 47.40 521.89 2388.03 8129.13 8.4321 0.03 391 2388 100.00 38.80 23.3464  
1 20 -0.0037 0.0001 100.0 518.67 643.04 1581.11 1405.23 14.62 21.61 554.81 2388.05 9045.90 1.30 47.22 522.07 2388.02 8129.71 8.4210 0.03 392 2388 100.00 39.03 23.4220  
1 21 -0.0012 0.0001 100.0 518.67 642.37 1586.07 1398.13 14.62 21.61 554.08 2388.11 9048.15 1.30 47.15 522.42 2388.08 8134.02 8.4049 0.03 392 2388 100.00 39.09 23.3101  
1 22 0.0002 0.0000 100.0 518.67 642.77 1592.93 1400.57 14.62 21.61 553.63 2388.04 9061.21 1.30 47.24 522.00 2388.03 8130.41 8.4034 0.03 392 2388 100.00 38.92 23.3792  
1 23 0.0034 -0.0003 100.0 518.67 642.14 1588.19 1394.75 14.62 21.61 553.98 2388.05 9046.28 1.30 47.25 521.52 2388.05 8127.90 8.4240 0.03 392 2388 100.00 38.94 23.4562  
1 24 -0.0010 0.0003 100.0 518.67 642.38 1590.83 1398.81 14.62 21.61 553.49 2388.12 9043.76 1.30 47.44 522.13 2388.03 8133.88 8.3891 0.03 392 2388 100.00 39.00 23.3696  
1 25 0.0023 -0.0004 100.0 518.67 642.77 1594.10 1399.39 14.62 21.61 554.00 2388.02 9054.16 1.30 47.36 522.56 2388.02 8136.61 8.3917 0.03 393 2388 100.00 38.95 23.4288  
1 26 0.0000 0.0002 100.0 518.67 642.16 1589.08 1396.07 14.62 21.61 554.11 2388.07 9047.11 1.30 47.26 522.28 2388.06 8131.15 8.4260 0.03 394 2388 100.00 38.86 23.4149  
1 27 -0.0012 -0.0004 100.0 518.67 642.44 1590.47 1401.84 14.62 21.61 554.07 2388.02 9047.96 1.30 47.37 522.00 2388.13 8134.60 8.4046 0.03 393 2388 100.00 38.99 23.4472  
1 28 -0.0024 0.0005 100.0 518.67 642.35 1582.84 1399.13 14.62 21.61 554.68 2388.12 9049.84 1.30 47.41 522.57 2388.08 8127.30 8.4323 0.03 390 2388 100.00 39.01 23.2841  
1 29 0.0012 -0.0001 100.0 518.67 641.91 1584.83 1400.99 14.62 21.61 554.25 2388.05 9050.47 1.30 47.24 522.41 2388.06 8133.06 8.4189 0.03 393 2388 100.00 38.93 23.3597  
1 30 -0.0022 0.0000 100.0 518.67 642.20 1593.52 1396.08 14.62 21.61 554.37 2388.07 9045.62 1.30 47.40 522.19 2388.00 8137.86 8.4065 0.03 390 2388 100.00 39.05 23.4110  
1 31 0.0014 0.0005 100.0 518.67 642.02 1584.18 1396.90 14.62 21.61 554.13 2388.08 9058.78 1.30 47.41 521.95 2388.06 8125.28 8.4104 0.03 392 2388 100.00 38.94 23.3353  
1 32 0.0005 -0.0003 100.0 518.67 642.33 1591.38 1400.36 14.62 21.61 554.96 2388.04 9050.97 1.30 47.25 521.92 2388.07 8129.70 8.4148 0.03 392 2388 100.00 39.02 23.4999  
1 33 -0.0042 -0.0004 100.0 518.67 642.71 1588.40 1402.43 14.62 21.61 554.61 2388.04 9047.13 1.30 47.28 521.91 2388.08 8134.42 8.3753 0.03 392 2388 100.00 38.83 23.3506  
1 34 0.0015 -0.0001 100.0 518.67 642.54 1581.47 1400.48 14.62 21.61 554.30 2388.03 9046.46 1.30 47.47 521.70 2388.09 8126.61 8.4349 0.03 392 2388 100.00 38.81 23.3092  
1 35 0.0003 0.0002 100.0 518.67 642.44 1590.00 1403.00 14.62 21.61 554.30 2388.04 9045.76 1.30 47.31 521.75 2388.01 8140.17 8.4430 0.03 391 2388 100.00 39.13 23.4164  
1 36 -0.0004 -0.0002 100.0 518.67 642.54 1581.72 1405.54 14.62 21.61 554.53 2388.01 9044.56 1.30 47.25 522.32 2388.04 8132.48 8.4246 0.03 392 2388 100.00 38.86 23.4308  
1 37 -0.0004 -0.0000 100.0 518.67 641.99 1579.11 1398.90 14.62 21.61 554.63 2388.07 9055.44 1.30 47.29 522.29 2388.04 8131.95 8.4142 0.03 392 2388 100.00 38.99 23.4352  
1 38 -0.0018 -0.0002 100.0 518.67 641.93 1589.60 1399.50 14.62 21.61 554.70 2388.08 9055.27 1.30 47.27 522.42 2388.08 8136.61 8.4158 0.03 392 2388 100.00 39.06 23.4768  
1 39 -0.0030 -0.0001 100.0 518.67 642.01 1583.21 1400.69 14.62 21.61 553.97 2388.02 9051.76 1.30 47.12 522.23 2388.05 8131.81 8.4140 0.03 392 2388 100.00 38.70 23.3699  
1 40 -0.0000 -0.0004 100.0 518.67 642.24 1582.08 1401.77 14.62 21.61 554.57 2388.06 9052.98 1.30 47.33 521.84 2388.01 8131.03 8.3784 0.03 392 2388 100.00 38.84 23.3769  
1 41 0.0033 0.0004 100.0 518.67 642.40 1591.31 1403.21 14.62 21.61 553.72 2388.06 9048.99 1.30 47.09 522.07 2388.03 8138.08 8.4370 0.03 392 2388 100.00 39.13 23.4444  
1 42 0.0005 -0.0004 100.0 518.67 642.12 1584.66 1401.38 14.62 21.61 553.94 2388.08 9057.06 1.30 47.49 522.23 2388.05 8130.88 8.4137 0.03 392 2388 100.00 39.00 23.3750  
1 43 -0.0027 0.0005 100.0 518.67 642.24 1591.52 1406.05 14.62 21.61 553.68 2388.03 9057.88 1.30 47.32 522.74 2388.09 8127.22 8.4068 0.03 392 2388 100.00 38.99 23.3148  
1 44 -0.0001 0.0002 100.0 518.67 641.93 1586.94 1401.20 14.62 21.61 554.15 2388.04 9046.87 1.30 47.45 522.30 2388.00 8131.45 8.4201 0.03 392 2388 100.00 39.06 23.4753  
1 45 -0.0013 -0.0000 100.0 518.67 642.53 1582.42 1399.16 14.62 21.61 553.83 2388.08 9060.32 1.30 47.45 521.73 2388.05 8128.31 8.4099 0.03 393 2388 100.00 38.79 23.3943  
1 46 0.0003 0.0001 100.0 518.67 642.43 1588.29 1401.27 14.62 21.61 553.76 2388.06 9060.38 1.30 47.20 522.02 2388.08 8128.71 8.3977 0.03 393 2388 100.00 38.93 23.3745  
1 47 0.0000 0.0005 100.0 518.67 642.21 1580.32 1402.89 14.62 21.61 554.38 2388.06 9052.04 1.30 47.22 521.84 2388.05 8126.21 8.3973 0.03 392 2388 100.00 38.99 23.4873  
1 48 0.0019 0.0001 100.0 518.67 641.89 1588.51 1399.16 14.62 21.61 554.02 2388.08 9045.26 1.30 47.40 521.91 2388.06 8129.99 8.4376 0.03 392 2388 100.00 38.94 23.3650  
1 49 -0.0014 0.0005 100.0 518.67 642.23 1584.35 1397.76 14.62 21.61 554.23 2388.07 9050.64 1.30 47.22 521.37 2388.04 8135.48 8.4151 0.03 392 2388 100.00 39.06 23.4498  
1 50 -0.0032 -0.0001 100.0 518.67 642.77 1588.49 1403.62 14.62 21.61 553.92 2388.06 9048.60 1.30 47.47 522.33 2388.09 8127.30 8.4116 0.03 392 2388 100.00 38.85 23.4106  
1 51 -0.0010 0.0003 100.0 518.67 642.81 1585.54 1400.42 14.62 21.61 553.73 2388.02 9047.09 1.30 47.12 521.91 2388.05 8134.36 8.4504 0.03 393 2388 100.00 38.94 23.3651  
1 52 0.0018 -0.0001 100.0 518.67 642.76 1583.77 1395.57 14.62 21.61 553.04 2388.04 9056.01 1.30 47.07 522.10 2388.07 8132.82 8.4539 0.03 391 2388 100.00 39.00 23.3388  
1 53 0.0021 -0.0001 100.0 518.67 642.61 1579.82 1402.26 14.62 21.61 554.16 2388.05 9051.15 1.30 47.29 521.96 2388.06 8134.38 8.4418 0.03 392 2388 100.00 38.90 23.3775  
1 54 -0.0002 0.0005 100.0 518.67 642.42 1592.59 1401.20 14.62 21.61 553.95 2388.04 9056.29 1.30 47.38 522.44 2388.06 8129.95 8.4189 0.03 392 2388 100.00 38.96 23.2348  
1 55 0.0009 -0.0000 100.0 518.67 642.41 1584.95 1401.58 14.62 21.61 554.45 2388.04 9048.94 1.30 47.40 522.11 2388.02 8134.10 8.4071 0.03 392 2388 100.00 39.06 23.3567  
1 56 0.0007 -0.0002 100.0 518.67 642.49 1586.33 1400.76 14.62 21.61 553.98 2388.01 9042.42 1.30 47.26 522.48 2388.04 8135.40 8.4022 0.03 391 2388 100.00 38.68 23.3408  
1 57 -0.0033 0.0000 100.0 518.67 642.13 1583.67 1402.79 14.62 21.61 553.42 2388.05 9050.80 1.30 47.29 521.62 2388.08 8135.48 8.4263 0.03 392 2388 100.00 38.84 23.3567  
1 58 -0.0014 0.0001 100.0 518.67 641.90 1590.46 1397.99 14.62 21.61 554.14 2388.09 9050.33 1.30 47.26 522.21 2388.04 8132.08 8.4319 0.03 390 2388 100.00 38.93 23.2893  
1 59 -0.0006 0.0002 100.0 518.67 642.33 1596.72 1403.51 14.62 21.61 554.62 2388.07 9050.06 1.30 47.26 521.32 2388.02 8128.81 8.4476 0.03 392 2388 100.00 38.92 23.4444  
1 60 -0.0010 -0.0002 100.0 518.67 642.34 1582.75 1403.07 14.62 21.61 554.00 2388.06 9051.69 1.30 47.41 522.49 2388.03 8132.89 8.3878 0.03 393 2388 100.00 38.89 23.3870  
1 61 0.0004 0.0005 100.0 518.67 642.10 1583.55 1405.52 14.62 21.61 554.09 2388.11 9050.58 1.30 47.31 522.34 2388.09 8131.66 8.4264 0.03 391 2388 100.00 38.89 23.3638  
1 62 0.0004 0.0001 100.0 518.67 642.17 1581.59 1399.54 14.62 21.61 554.45 2388.10 9053.62 1.30 47.28 522.19 2388.10 8132.28 8.4071 0.03 391 2388 100.00 39.03 23.2707  
1 63 0.0015 0.0002 100.0 518.67 642.60 1592.14 1395.38 14.62 21.61 553.48 2388.06 9049.96 1.30 47.51 521.56 2388.01 8130.73 8.4357 0.03 394 2388 100.00 38.77 23.3436  
1 64 0.0017 0.0002 100.0 518.67 642.23 1584.51 1400.11 14.62 21.61 553.88 2388.10 9043.67 1.30 47.45 521.82 2388.04 8128.15 8.4066 0.03 391 2388 100.00 38.93 23.3840  
1 65 -0.0000 0.0005 100.0 518.67 642.28 1584.72 1403.24 14.62 21.61 553.97 2388.03 9044.01 1.30 47.56 521.54 2388.13 8132.94 8.4406 0.03 392 2388 100.00 38.90 23.3752  
1 66 -0.0007 -0.0004 100.0 518.67 642.50 1588.50 1399.52 14.62 21.61 554.00 2388.06 9059.45 1.30 47.14 521.76 2388.05 8128.32 8.3911 0.03 391 2388 100.00 38.95 23.3152  
1 67 0.0016 -0.0004 100.0 518.67 642.33 1590.22 1403.02 14.62 21.61 554.31 2388.10 9050.24 1.30 47.39 522.64 2388.08 8134.07 8.3925 0.03 393 2388 100.00 38.97 23.2910  
1 68 -0.0018 0.0000 100.0 518.67 642.51 1582.06 1404.42 14.62 21.61 554.04 2388.10 9051.78 1.30 47.36 521.72 2388.07 8132.39 8.4242 0.03 392 2388 100.00 38.95 23.3174  
1 69 -0.0022 0.0005 100.0 518.67 642.44 1590.70 1401.24 14.62 21.61 554.65 2388.07 9050.59 1.30 47.41 522.22 2388.10 8129.13 8.4292 0.03 392 2388 100.00 39.00 23.3742  
1 70 -0.0005 0.0002 100.0 518.67 642.22 1584.02 1402.78 14.62 21.61 554.01 2388.11 9053.43 1.30 47.41 521.93 2388.12 8130.36 8.4279 0.03 392 2388 100.00 38.86 23.4513  
1 71 0.0016 -0.0003 100.0 518.67 642.21 1580.41 1403.09 14.62 21.61 554.06 2388.03 9046.09 1.30 47.30 521.72 2388.09 8134.28 8.4230 0.03 391 2388 100.00 38.80 23.3881  
1 72 -0.0017 0.0001 100.0 518.67 642.41 1579.25 1406.81 14.62 21.61 553.76 2388.07 9054.42 1.30 47.27 521.97 2388.09 8133.95 8.3951 0.03 391 2388 100.00 38.84 23.3085  
1 73 -0.0012 -0.0002 100.0 518.67 642.29 1592.04 1397.93 14.62 21.61 553.88 2388.03 9049.64 1.30 47.29 522.04 2388.10 8129.85 8.4040 0.03 391 2388 100.00 39.03 23.3975  
1 74 0.0027 0.0001 100.0 518.67 642.96 1584.65 1401.48 14.62 21.61 554.03 2388.07 9045.85 1.30 47.58 522.25 2387.97 8132.67 8.4135 0.03 392 2388 100.00 38.80 23.3820  
1 75 0.0009 -0.0004 100.0 518.67 641.96 1582.32 1394.82 14.62 21.61 553.60 2388.07 9042.32 1.30 47.22 521.77 2388.11 8130.13 8.4621 0.03 392 2388 100.00 38.89 23.3521  
1 76 -0.0015 0.0002 100.0 518.67 642.21 1589.21 1398.94 14.62 21.61 553.66 2388.02 9056.55 1.30 47.44 521.58 2388.03 8136.44 8.3996 0.03 390 2388 100.00 39.02 23.4428  
1 77 0.0022 0.0004 100.0 518.67 642.55 1586.30 1400.97 14.62 21.61 554.61 2388.06 9046.44 1.30 47.41 521.60 2388.08 8135.25 8.4530 0.03 393 2388 100.00 38.99 23.2750  
1 78 0.0040 0.0002 100.0 518.67 641.99 1580.76 1404.10 14.62 21.61 553.47 2388.08 9042.37 1.30 47.40 522.28 2388.16 8133.91 8.3793 0.03 392 2388 100.00 38.88 23.3486  
1 79 0.0022 -0.0002 100.0 518.67 642.12 1582.46 1403.93 14.62 21.61 553.77 2388.04 9047.86 1.30 47.35 521.85 2388.13 8135.40 8.4132 0.03 394 2388 100.00 38.90 23.3121  
1 80 -0.0002 -0.0004 100.0 518.67 641.94 1591.96 1393.58 14.62 21.61 553.91 2388.06 9043.67 1.30 47.64 521.52 2388.10 8134.66 8.4235 0.03 392 2388 100.00 38.89 23.3613  
1 81 -0.0018 -0.0004 100.0 518.67 642.73 1584.82 1402.04 14.62 21.61 553.88 2388.10 9045.31 1.30 47.43 521.66 2388.05 8128.87 8.4247 0.03 392 2388 100.00 38.77 23.3730  
1 82 -0.0012 0.0001 100.0 518.67 642.04 1589.07 1399.17 14.62 21.61 554.18 2388.10 9048.22 1.30 47.25 521.95 2388.03 8134.04 8.3986 0.03 393 2388 100.00 38.89 23.2713  
1 83 0.0004 0.0005 100.0 518.67 642.66 1588.05 1406.38 14.62 21.61 553.49 2388.08 9049.08 1.30 47.22 521.93 2388.05 8131.32 8.4128 0.03 391 2388 100.00 38.80 23.3274  
1 84 0.0005 0.0002 100.0 518.67 642.64 1585.52 1406.60 14.62 21.61 553.91 2388.05 9050.47 1.30 47.38 521.54 2388.06 8131.54 8.4139 0.03 392 2388 100.00 38.73 23.2653  
1 85 0.0025 0.0003 100.0 518.67 642.28 1590.12 1405.96 14.62 21.61 554.40 2388.01 9056.08 1.30 47.36 522.30 2388.05 8135.31 8.4499 0.03 392 2388 100.00 39.01 23.2840  
1 86 -0.0012 0.0004 100.0 518.67 641.84 1588.80 1403.56 14.62 21.61 553.69 2388.10 9047.26 1.30 47.38 521.82 2388.09 8130.06 8.4173 0.03 394 2388 100.00 38.94 23.3945  
1 87 0.0000 -0.0004 100.0 518.67 642.33 1586.69 1413.10 14.62 21.61 554.10 2388.14 9050.52 1.30 47.34 521.43 2388.06 8130.41 8.4326 0.03 391 2388 100.00 38.88 23.3402  
1 88 0.0029 0.0003 100.0 518.67 641.96 1581.29 1406.09 14.62 21.61 554.48 2388.07 9046.73 1.30 47.46 522.20 2388.04 8131.47 8.4586 0.03 392 2388 100.00 38.90 23.3086  
1 89 0.0008 -0.0001 100.0 518.67 642.24 1584.73 1402.22 14.62 21.61 553.91 2388.05 9055.24 1.30 47.46 521.55 2388.08 8135.15 8.4489 0.03 392 2388 100.00 38.95 23.3288  
1 90 0.0017 -0.0001 100.0 518.67 642.67 1584.38 1412.93 14.62 21.61 552.88 2388.10 9051.27 1.30 47.32 521.49 2388.09 8129.72 8.3961 0.03 391 2388 100.00 38.98 23.4712  
1 91 0.0025 -0.0004 100.0 518.67 641.98 1584.84 1404.76 14.62 21.61 553.54 2388.04 9050.72 1.30 47.32 521.55 2388.10 8134.40 8.3949 0.03 394 2388 100.00 39.11 23.3842  
1 92 0.0010 -0.0002 100.0 518.67 642.89 1590.03 1400.77 14.62 21.61 553.81 2388.14 9048.36 1.30 47.45 521.91 2388.05 8131.39 8.3982 0.03 392 2388 100.00 38.99 23.3522  
1 93 0.0032 0.0002 100.0 518.67 642.85 1593.74 1408.48 14.62 21.61 554.07 2388.07 9047.87 1.30 47.46 521.43 2388.08 8133.15 8.4210 0.03 392 2388 100.00 38.86 23.2477  
1 94 -0.0021 0.0002 100.0 518.67 642.45 1583.27 1404.94 14.62 21.61 553.86 2388.15 9045.83 1.30 47.48 521.61 2388.07 8132.40 8.4524 0.03 393 2388 100.00 38.85 23.3758  
1 95 0.0019 0.0003 100.0 518.67 642.86 1577.60 1410.10 14.62 21.61 553.91 2388.02 9048.85 1.30 47.38 521.92 2388.02 8131.63 8.4575 0.03 394 2388 100.00 38.76 23.3269  
1 96 -0.0034 0.0001 100.0 518.67 642.19 1584.07 1395.16 14.62 21.61 553.34 2388.07 9048.71 1.30 47.39 521.66 2388.06 8130.69 8.4311 0.03 392 2388 100.00 38.88 23.3255  
1 97 0.0035 -0.0003 100.0 518.67 642.07 1595.77 1407.81 14.62 21.61 553.40 2388.09 9046.10 1.30 47.46 521.67 2388.06 8128.74 8.4105 0.03 392 2388 100.00 39.01 23.2963  
1 98 0.0006 0.0004 100.0 518.67 642.00 1591.11 1404.56 14.62 21.61 552.75 2388.06 9045.49 1.30 47.37 522.31 2388.06 8127.89 8.4012 0.03 391 2388 100.00 38.96 23.2554  
1 99 -0.0005 -0.0000 100.0 518.67 642.46 1592.73 1406.13 14.62 21.61 553.76 2388.08 9045.14 1.30 47.40 521.42 2388.10 8131.77 8.4481 0.03 393 2388 100.00 38.82 23.2323  
1 100 -0.0021 -0.0003 100.0 518.67 642.22 1589.63 1411.35 14.62 21.61 554.22 2388.07 9045.72 1.30 47.64 521.55 2388.08 8132.49 8.4241 0.03 392 2388 100.00 38.93 23.4090  
1 101 0.0012 0.0003 100.0 518.67 642.75 1584.18 1403.41 14.62 21.61 553.37 2388.06 9052.30 1.30 47.62 521.89 2388.08 8125.97 8.4353 0.03 391 2388 100.00 38.75 23.4149  
1 102 0.0017 0.0005 100.0 518.67 642.85 1589.11 1403.42 14.62 21.61 553.42 2388.15 9051.36 1.30 47.49 521.38 2388.05 8130.40 8.4561 0.03 393 2388 100.00 38.94 23.3653  
1 103 -0.0013 0.0001 100.0 518.67 642.21 1581.27 1403.21 14.62 21.61 553.64 2388.09 9053.28 1.30 47.57 521.41 2388.10 8124.40 8.4263 0.03 392 2388 100.00 38.69 23.4289  
1 104 -0.0001 0.0001 100.0 518.67 642.29 1590.63 1406.25 14.62 21.61 553.66 2388.08 9044.73 1.30 47.34 522.38 2388.09 8131.89 8.4021 0.03 392 2388 100.00 38.96 23.3393  
1 105 0.0024 0.0004 100.0 518.67 642.01 1588.28 1403.22 14.62 21.61 553.11 2388.09 9048.36 1.30 47.31 521.81 2388.08 8134.01 8.4326 0.03 393 2388 100.00 38.77 23.3857  
1 106 0.0000 0.0001 100.0 518.67 642.68 1589.05 1404.45 14.62 21.61 553.60 2388.08 9049.82 1.30 47.44 521.51 2388.09 8126.38 8.4664 0.03 392 2388 100.00 39.08 23.4148  
1 107 -0.0012 -0.0001 100.0 518.67 642.53 1595.13 1407.73 14.62 21.61 553.74 2388.07 9048.68 1.30 47.35 521.75 2388.07 8132.40 8.4241 0.03 396 2388 100.00 39.01 23.4086  
1 108 0.0008 0.0001 100.0 518.67 643.49 1585.91 1399.47 14.62 21.61 554.43 2388.14 9047.03 1.30 47.61 521.52 2388.03 8131.52 8.4133 0.03 393 2388 100.00 38.75 23.3032  
1 109 -0.0011 -0.0003 100.0 518.67 642.49 1586.45 1409.10 14.62 21.61 553.59 2388.10 9051.13 1.30 47.58 521.62 2388.11 8130.97 8.3757 0.03 394 2388 100.00 39.05 23.3561  
1 110 -0.0000 0.0004 100.0 518.67 642.55 1590.01 1401.27 14.62 21.61 554.08 2388.13 9051.40 1.30 47.55 522.01 2388.12 8127.16 8.4638 0.03 393 2388 100.00 39.06 23.2951  
1 111 0.0008 0.0004 100.0 518.67 642.67 1584.38 1408.11 14.62 21.61 553.49 2388.12 9051.64 1.30 47.62 521.53 2388.14 8132.40 8.4447 0.03 392 2388 100.00 38.92 23.2135  
1 112 0.0005 0.0003 100.0 518.67 642.66 1586.46 1401.84 14.62 21.61 553.19 2388.06 9051.28 1.30 47.22 521.90 2388.08 8131.52 8.4445 0.03 394 2388 100.00 38.84 23.3207  
1 113 0.0007 0.0001 100.0 518.67 642.68 1590.85 1406.59 14.62 21.61 552.91 2388.10 9053.15 1.30 47.46 521.75 2388.16 8129.32 8.4580 0.03 393 2388 100.00 38.90 23.3101  
1 114 0.0003 0.0004 100.0 518.67 642.31 1588.42 1402.97 14.62 21.61 554.29 2388.07 9046.58 1.30 47.58 521.68 2388.15 8132.36 8.4290 0.03 394 2388 100.00 38.89 23.3754  
1 115 -0.0017 0.0005 100.0 518.67 642.66 1594.84 1406.60 14.62 21.61 554.13 2388.11 9050.37 1.30 47.43 521.36 2388.12 8127.60 8.4345 0.03 393 2388 100.00 38.93 23.3022  
1 116 -0.0020 -0.0003 100.0 518.67 642.64 1580.31 1401.99 14.62 21.61 554.40 2388.08 9049.71 1.30 47.43 521.60 2388.05 8134.46 8.4059 0.03 394 2388 100.00 39.03 23.3512  
1 117 0.0005 0.0004 100.0 518.67 642.38 1589.77 1409.35 14.62 21.61 554.59 2388.10 9049.61 1.30 47.52 521.22 2388.10 8126.12 8.4256 0.03 391 2388 100.00 38.73 23.1766  
1 118 -0.0006 -0.0004 100.0 518.67 642.34 1585.67 1409.34 14.62 21.61 554.25 2388.10 9051.12 1.30 47.55 521.31 2388.12 8135.21 8.4197 0.03 393 2388 100.00 38.88 23.2966  
1 119 0.0013 0.0005 100.0 518.67 642.67 1596.80 1404.46 14.62 21.61 553.77 2388.10 9045.89 1.30 47.55 521.46 2388.09 8123.85 8.4194 0.03 394 2388 100.00 39.01 23.3188  
1 120 -0.0024 0.0005 100.0 518.67 642.81 1593.78 1407.68 14.62 21.61 553.66 2388.10 9048.72 1.30 47.60 521.34 2388.10 8125.57 8.4029 0.03 393 2388 100.00 38.81 23.3061  
1 121 -0.0033 0.0004 100.0 518.67 642.63 1593.56 1411.90 14.62 21.61 553.70 2388.07 9040.97 1.30 47.44 521.30 2388.04 8133.94 8.4263 0.03 394 2388 100.00 38.63 23.4220  
1 122 0.0026 -0.0001 100.0 518.67 643.30 1593.68 1413.97 14.62 21.61 553.43 2388.15 9042.39 1.30 47.60 520.92 2388.12 8131.81 8.4256 0.03 393 2388 100.00 38.86 23.2793  
1 123 0.0016 -0.0002 100.0 518.67 643.39 1586.66 1403.04 14.62 21.61 552.64 2388.12 9049.44 1.30 47.41 521.60 2388.17 8129.72 8.4396 0.03 392 2388 100.00 38.90 23.2920  
1 124 0.0025 0.0002 100.0 518.67 642.48 1587.14 1402.28 14.62 21.61 552.26 2388.13 9053.03 1.30 47.55 521.40 2388.13 8133.82 8.4416 0.03 393 2388 100.00 38.80 23.2341  
1 125 -0.0004 0.0005 100.0 518.67 642.96 1585.47 1406.42 14.62 21.61 552.44 2388.13 9046.16 1.30 47.63 521.57 2388.11 8126.33 8.4079 0.03 394 2388 100.00 38.68 23.3039  
1 126 0.0016 0.0001 100.0 518.67 642.49 1582.64 1418.50 14.62 21.61 553.72 2388.05 9049.11 1.30 47.49 521.35 2388.08 8130.94 8.4378 0.03 392 2388 100.00 38.85 23.2289  
1 127 -0.0010 0.0002 100.0 518.67 642.99 1586.90 1399.49 14.62 21.61 553.81 2388.09 9047.90 1.30 47.63 521.34 2388.10 8133.00 8.4626 0.03 393 2388 100.00 38.91 23.2772  
1 128 -0.0006 0.0003 100.0 518.67 642.47 1593.87 1407.06 14.62 21.61 552.74 2388.13 9056.59 1.30 47.62 521.96 2388.16 8132.08 8.4413 0.03 393 2388 100.00 38.85 23.2641  
1 129 -0.0033 0.0003 100.0 518.67 642.41 1591.33 1408.42 14.62 21.61 552.42 2388.09 9046.08 1.30 47.61 522.02 2388.13 8127.33 8.4681 0.03 393 2388 100.00 38.84 23.2656  
1 130 -0.0007 0.0002 100.0 518.67 642.70 1585.90 1412.25 14.62 21.61 552.66 2388.13 9042.97 1.30 47.46 521.49 2388.07 8125.29 8.3938 0.03 394 2388 100.00 38.71 23.3461  
1 131 0.0002 -0.0001 100.0 518.67 643.01 1585.78 1413.25 14.62 21.61 553.70 2388.11 9045.10 1.30 47.70 521.45 2388.13 8126.38 8.4328 0.03 391 2388 100.00 38.73 23.3435  
1 132 0.0032 -0.0001 100.0 518.67 643.19 1596.06 1405.76 14.62 21.61 553.16 2388.17 9044.04 1.30 47.56 521.64 2388.16 8128.92 8.4227 0.03 393 2388 100.00 38.53 23.3186  
1 133 0.0032 -0.0002 100.0 518.67 642.45 1592.64 1410.11 14.62 21.61 553.82 2388.11 9050.95 1.30 47.57 521.23 2388.09 8130.93 8.4604 0.03 394 2388 100.00 38.95 23.2521  
1 134 -0.0014 0.0000 100.0 518.67 642.85 1583.62 1402.67 14.62 21.61 553.20 2388.11 9046.16 1.30 47.75 521.52 2388.13 8131.30 8.4293 0.03 393 2388 100.00 38.68 23.2833  
1 135 -0.0017 0.0001 100.0 518.67 642.45 1585.55 1406.83 14.62 21.61 553.09 2388.14 9050.65 1.30 47.34 520.99 2388.12 8129.34 8.4242 0.03 392 2388 100.00 38.85 23.2744  
1 136 0.0030 -0.0001 100.0 518.67 642.84 1584.72 1404.39 14.62 21.61 554.18 2388.06 9040.89 1.30 47.43 521.54 2388.11 8130.43 8.4469 0.03 393 2388 100.00 38.76 23.1699  
1 137 -0.0011 0.0000 100.0 518.67 642.43 1594.69 1405.15 14.62 21.61 553.39 2388.14 9040.55 1.30 47.89 521.63 2388.12 8128.81 8.4490 0.03 394 2388 100.00 38.87 23.2593  
1 138 -0.0011 0.0001 100.0 518.67 642.79 1589.82 1413.34 14.62 21.61 552.91 2388.11 9049.64 1.30 47.40 521.57 2388.18 8129.67 8.4208 0.03 392 2388 100.00 39.00 23.3664  
1 139 -0.0014 0.0005 100.0 518.67 643.11 1592.28 1412.60 14.62 21.61 553.25 2388.06 9044.81 1.30 47.67 521.03 2388.15 8124.97 8.4621 0.03 394 2388 100.00 38.88 23.3422  
1 140 -0.0006 -0.0001 100.0 518.67 643.05 1590.89 1408.36 14.62 21.61 552.15 2388.17 9055.85 1.30 47.51 521.27 2388.05 8130.27 8.4397 0.03 393 2388 100.00 38.82 23.3704  
1 141 -0.0023 0.0005 100.0 518.67 642.39 1590.02 1415.25 14.62 21.61 553.45 2388.13 9050.86 1.30 47.49 521.06 2388.16 8120.93 8.4641 0.03 394 2388 100.00 39.02 23.2382  
1 142 0.0026 0.0002 100.0 518.67 642.51 1595.29 1413.42 14.62 21.61 553.11 2388.10 9046.61 1.30 47.59 520.44 2388.18 8124.87 8.4291 0.03 392 2388 100.00 38.71 23.2816  
1 143 -0.0005 -0.0003 100.0 518.67 642.77 1593.10 1404.21 14.62 21.61 553.62 2388.13 9050.63 1.30 47.52 520.98 2388.11 8126.81 8.4419 0.03 393 2388 100.00 38.79 23.2305  
1 144 0.0025 -0.0004 100.0 518.67 643.09 1591.89 1405.76 14.62 21.61 553.77 2388.17 9049.33 1.30 47.57 521.11 2388.17 8125.47 8.4601 0.03 393 2388 100.00 38.75 23.2249  
1 145 -0.0004 -0.0001 100.0 518.67 642.95 1594.92 1409.63 14.62 21.61 553.03 2388.13 9046.92 1.30 47.54 521.13 2388.15 8130.91 8.4644 0.03 395 2388 100.00 38.67 23.1490  
1 146 0.0002 -0.0003 100.0 518.67 642.72 1586.75 1408.82 14.62 21.61 552.60 2388.12 9045.99 1.30 47.63 521.13 2388.12 8129.19 8.4312 0.03 392 2388 100.00 38.69 23.3233  
1 147 0.0047 0.0001 100.0 518.67 642.25 1594.85 1409.96 14.62 21.61 553.09 2388.14 9041.24 1.30 47.80 520.92 2388.12 8126.13 8.4428 0.03 393 2388 100.00 38.77 23.2684  
1 148 0.0010 -0.0004 100.0 518.67 643.02 1590.03 1411.89 14.62 21.61 552.84 2388.16 9040.93 1.30 47.49 521.08 2388.15 8124.48 8.4276 0.03 392 2388 100.00 38.77 23.2498  
1 149 0.0025 0.0004 100.0 518.67 642.90 1592.78 1410.70 14.62 21.61 552.54 2388.17 9057.24 1.30 47.83 521.13 2388.15 8124.34 8.4731 0.03 394 2388 100.00 38.77 23.2565  
1 150 0.0010 -0.0003 100.0 518.67 643.06 1589.01 1409.22 14.62 21.61 553.57 2388.12 9044.76 1.30 47.60 520.50 2388.21 8122.99 8.4726 0.03 394 2388 100.00 38.68 23.2082  
1 151 -0.0019 -0.0001 100.0 518.67 642.82 1592.39 1411.94 14.62 21.61 552.41 2388.14 9048.12 1.30 47.58 520.94 2388.22 8127.21 8.4612 0.03 394 2388 100.00 38.56 23.2277  
1 152 0.0009 -0.0001 100.0 518.67 642.67 1598.60 1420.83 14.62 21.61 552.62 2388.18 9043.90 1.30 47.72 520.39 2388.19 8119.00 8.4572 0.03 395 2388 100.00 38.77 23.2369  
1 153 0.0011 -0.0004 100.0 518.67 642.99 1589.17 1414.56 14.62 21.61 552.68 2388.14 9049.43 1.30 47.74 520.69 2388.17 8124.14 8.4435 0.03 393 2388 100.00 38.78 23.1719  
1 154 -0.0012 0.0000 100.0 518.67 642.81 1597.03 1416.07 14.62 21.61 552.57 2388.14 9049.08 1.30 47.73 520.72 2388.18 8129.24 8.4794 0.03 394 2388 100.00 38.82 23.2366  
1 155 -0.0033 0.0002 100.0 518.67 642.83 1590.40 1414.89 14.62 21.61 552.89 2388.16 9049.56 1.30 47.61 521.23 2388.17 8120.41 8.4729 0.03 394 2388 100.00 38.68 23.2749  
1 156 -0.0020 0.0003 100.0 518.67 643.04 1585.61 1421.23 14.62 21.61 553.24 2388.26 9044.21 1.30 47.58 520.75 2388.16 8128.48 8.4432 0.03 395 2388 100.00 38.77 23.2791  
1 157 -0.0018 0.0002 100.0 518.67 642.20 1598.04 1412.47 14.62 21.61 552.32 2388.14 9053.12 1.30 47.72 520.94 2388.17 8125.07 8.4328 0.03 392 2388 100.00 38.67 23.2354  
1 158 -0.0023 0.0001 100.0 518.67 642.88 1596.82 1410.09 14.62 21.61 553.19 2388.20 9049.22 1.30 47.68 520.88 2388.22 8126.33 8.4368 0.03 394 2388 100.00 38.75 23.2894  
1 159 -0.0006 0.0001 100.0 518.67 642.89 1589.54 1420.37 14.62 21.61 552.18 2388.13 9048.06 1.30 47.76 520.65 2388.23 8127.61 8.4403 0.03 394 2388 100.00 38.76 23.2530  
1 160 -0.0006 -0.0004 100.0 518.67 643.45 1590.65 1418.08 14.62 21.61 551.87 2388.21 9045.42 1.30 47.84 520.47 2388.22 8122.68 8.4433 0.03 396 2388 100.00 38.52 23.2817  
1 161 0.0008 0.0001 100.0 518.67 643.00 1594.20 1417.31 14.62 21.61 552.80 2388.18 9048.06 1.30 47.77 520.47 2388.18 8126.97 8.4405 0.03 394 2388 100.00 38.66 23.2962  
1 162 -0.0005 0.0004 100.0 518.67 643.15 1592.22 1423.48 14.62 21.61 552.68 2388.15 9044.45 1.30 47.79 520.44 2388.20 8123.77 8.5015 0.03 394 2388 100.00 38.78 23.1538  
1 163 0.0003 -0.0004 100.0 518.67 642.85 1600.54 1421.09 14.62 21.61 552.41 2388.20 9049.24 1.30 47.89 520.30 2388.20 8124.06 8.5129 0.03 393 2388 100.00 38.65 23.1419  
1 164 0.0005 -0.0002 100.0 518.67 643.17 1598.96 1416.76 14.62 21.61 551.90 2388.17 9048.92 1.30 47.70 520.63 2388.28 8124.63 8.4803 0.03 394 2388 100.00 38.62 23.1761  
1 165 0.0010 0.0004 100.0 518.67 642.76 1597.03 1408.09 14.62 21.61 552.79 2388.19 9039.09 1.30 47.89 520.69 2388.24 8126.53 8.4922 0.03 393 2388 100.00 38.59 23.2129  
1 166 -0.0022 -0.0003 100.0 518.67 643.34 1596.72 1422.37 14.62 21.61 552.13 2388.22 9043.11 1.30 47.86 520.02 2388.22 8119.14 8.4663 0.03 395 2388 100.00 38.62 23.1450  
1 167 0.0012 0.0003 100.0 518.67 643.02 1593.83 1414.72 14.62 21.61 552.57 2388.23 9042.05 1.30 47.85 520.49 2388.18 8122.41 8.4632 0.03 394 2388 100.00 38.77 23.3011  
1 168 -0.0043 0.0002 100.0 518.67 642.68 1591.19 1415.70 14.62 21.61 552.09 2388.22 9036.35 1.30 47.84 520.78 2388.19 8124.44 8.4925 0.03 393 2388 100.00 38.76 23.2770  
1 169 -0.0017 0.0004 100.0 518.67 643.20 1590.16 1418.05 14.62 21.61 552.71 2388.25 9055.18 1.30 47.88 520.44 2388.18 8125.30 8.4767 0.03 394 2388 100.00 38.58 23.1870  
1 170 -0.0017 -0.0002 100.0 518.67 642.92 1592.71 1417.41 14.62 21.61 552.02 2388.21 9044.03 1.30 47.86 520.23 2388.26 8121.76 8.4900 0.03 395 2388 100.00 38.66 23.1615  
1 171 0.0004 -0.0003 100.0 518.67 643.26 1592.06 1414.99 14.62 21.61 552.71 2388.20 9042.12 1.30 48.03 519.85 2388.22 8124.87 8.4922 0.03 395 2388 100.00 38.68 23.2444  
1 172 -0.0014 -0.0003 100.0 518.67 643.33 1591.71 1413.73 14.62 21.61 551.69 2388.24 9039.10 1.30 48.07 520.54 2388.26 8120.08 8.4595 0.03 393 2388 100.00 38.65 23.1585  
1 173 -0.0032 0.0002 100.0 518.67 642.97 1590.69 1425.27 14.62 21.61 552.13 2388.22 9048.82 1.30 47.90 520.11 2388.23 8121.64 8.5091 0.03 395 2388 100.00 38.59 23.1789  
1 174 -0.0001 -0.0002 100.0 518.67 642.64 1599.81 1422.58 14.62 21.61 552.32 2388.22 9041.25 1.30 48.00 520.22 2388.21 8119.17 8.4476 0.03 393 2388 100.00 38.57 23.0357  
1 175 0.0001 0.0002 100.0 518.67 643.61 1603.29 1422.52 14.62 21.61 551.64 2388.23 9042.66 1.30 47.86 520.38 2388.22 8125.76 8.4890 0.03 394 2388 100.00 38.58 23.1573  
1 176 -0.0020 -0.0003 100.0 518.67 642.86 1592.27 1422.73 14.62 21.61 551.91 2388.23 9045.74 1.30 47.84 519.80 2388.20 8123.80 8.4853 0.03 394 2388 100.00 38.72 23.2491  
1 177 -0.0038 -0.0003 100.0 518.67 643.79 1602.02 1423.99 14.62 21.61 551.93 2388.25 9046.20 1.30 48.03 520.24 2388.23 8120.11 8.4779 0.03 396 2388 100.00 38.63 23.1673  
1 178 -0.0001 0.0002 100.0 518.67 643.38 1605.33 1424.65 14.62 21.61 552.18 2388.23 9046.17 1.30 48.00 520.20 2388.20 8116.56 8.4770 0.03 395 2388 100.00 38.65 23.1770  
1 179 0.0023 -0.0003 100.0 518.67 642.86 1592.56 1429.45 14.62 21.61 551.57 2388.26 9044.23 1.30 48.02 520.38 2388.18 8116.84 8.4947 0.03 395 2388 100.00 38.77 23.1888  
1 180 -0.0024 0.0000 100.0 518.67 643.58 1599.87 1417.14 14.62 21.61 552.91 2388.21 9039.33 1.30 47.85 519.84 2388.28 8122.57 8.4737 0.03 395 2388 100.00 38.86 23.0070  
1 181 -0.0006 0.0005 100.0 518.67 643.44 1596.71 1420.64 14.62 21.61 551.83 2388.23 9038.29 1.30 48.10 520.43 2388.23 8114.79 8.4720 0.03 397 2388 100.00 38.34 23.1652  
1 182 -0.0010 0.0003 100.0 518.67 644.21 1602.08 1426.62 14.62 21.61 551.90 2388.26 9041.23 1.30 47.98 520.46 2388.25 8119.67 8.5158 0.03 397 2388 100.00 38.43 23.1787  
1 183 0.0001 0.0001 100.0 518.67 643.24 1597.23 1419.03 14.62 21.61 551.38 2388.21 9040.94 1.30 48.03 520.05 2388.23 8117.80 8.5041 0.03 396 2388 100.00 38.56 23.1302  
1 184 0.0004 0.0003 100.0 518.67 644.07 1605.44 1432.52 14.62 21.61 551.00 2388.24 9047.91 1.30 48.07 519.77 2388.28 8115.61 8.5133 0.03 395 2388 100.00 38.43 23.0146  
1 185 0.0008 0.0001 100.0 518.67 643.80 1603.46 1424.40 14.62 21.61 551.64 2388.29 9043.71 1.30 48.15 519.82 2388.27 8113.69 8.4984 0.03 395 2388 100.00 38.51 23.0700  
1 186 0.0027 -0.0003 100.0 518.67 643.51 1595.16 1426.30 14.62 21.61 552.57 2388.21 9051.37 1.30 48.12 520.08 2388.25 8123.45 8.5227 0.03 397 2388 100.00 38.47 23.0564  
1 187 -0.0047 -0.0000 100.0 518.67 643.32 1592.10 1427.27 14.62 21.61 551.08 2388.29 9037.71 1.30 48.23 519.53 2388.28 8115.67 8.5218 0.03 396 2388 100.00 38.42 23.0822  
1 188 -0.0067 0.0003 100.0 518.67 643.75 1602.38 1422.78 14.62 21.61 551.94 2388.31 9037.91 1.30 48.00 519.79 2388.23 8117.69 8.5207 0.03 396 2388 100.00 38.51 22.9588  
1 189 -0.0006 0.0002 100.0 518.67 644.18 1596.17 1428.01 14.62 21.61 550.70 2388.27 9044.55 1.30 48.08 519.58 2388.33 8117.51 8.5183 0.03 395 2388 100.00 38.48 23.1127  
1 190 -0.0027 0.0001 100.0 518.67 643.64 1599.22 1425.95 14.62 21.61 551.29 2388.29 9040.58 1.30 48.33 520.04 2388.35 8112.58 8.5223 0.03 398 2388 100.00 38.49 23.0675  
1 191 -0.0000 -0.0004 100.0 518.67 643.34 1602.36 1425.77 14.62 21.61 550.92 2388.28 9042.76 1.30 48.15 519.57 2388.30 8114.61 8.5174 0.03 394 2388 100.00 38.45 23.1295  
1 192 0.0009 -0.0000 100.0 518.67 643.54 1601.41 1427.20 14.62 21.61 551.25 2388.32 9033.22 1.30 48.25 520.08 2388.32 8110.93 8.5113 0.03 396 2388 100.00 38.48 22.9649  
2 1 -0.0018 0.0006 100.0 518.67 641.89 1583.84 1391.28 14.62 21.60 554.53 2388.01 9054.72 1.30 46.93 522.33 2388.06 8137.72 8.3905 0.03 391 2388 100.00 38.94 23.4585  
2 2 0.0043 -0.0003 100.0 518.67 641.82 1587.05 1393.13 14.62 21.61 554.77 2387.98 9051.31 1.30 47.24 522.70 2387.98 8131.09 8.4167 0.03 392 2388 100.00 39.06 23.4085  
2 3 0.0018 0.0003 100.0 518.67 641.55 1588.32 1398.96 14.62 21.60 555.14 2388.04 9054.24 1.30 47.22 522.58 2387.99 8140.58 8.3802 0.03 391 2388 100.00 39.11 23.4250  
2 4 0.0035 -0.0004 100.0 518.67 641.68 1584.15 1396.08 14.62 21.61 554.25 2387.98 9058.01 1.30 47.10 522.49 2387.93 8140.44 8.4018 0.03 391 2388 100.00 39.13 23.5027  
2 5 0.0005 0.0004 100.0 518.67 641.73 1579.03 1402.52 14.62 21.60 555.12 2388.03 9058.15 1.30 47.25 522.27 2387.94 8136.67 8.3867 0.03 390 2388 100.00 39.18 23.4234  
2 6 -0.0010 0.0004 100.0 518.67 641.30 1577.50 1396.76 14.62 21.61 554.98 2388.04 9054.07 1.30 47.05 522.80 2387.99 8133.65 8.3800 0.03 392 2388 100.00 39.15 23.4270  
2 7 0.0001 -0.0002 100.0 518.67 642.03 1587.49 1400.65 14.62 21.61 554.84 2388.05 9052.67 1.30 47.10 522.14 2388.04 8136.33 8.3941 0.03 391 2388 100.00 39.10 23.4718  
2 8 0.0015 -0.0004 100.0 518.67 642.55 1590.41 1395.39 14.62 21.61 554.65 2388.01 9055.82 1.30 47.20 522.77 2387.96 8137.92 8.3861 0.03 391 2388 100.00 39.11 23.4381  
2 9 0.0017 -0.0004 100.0 518.67 641.98 1581.99 1395.01 14.62 21.60 554.69 2388.02 9051.67 1.30 47.14 522.40 2387.98 8145.29 8.3868 0.03 390 2388 100.00 39.06 23.4875  
2 10 -0.0045 0.0002 100.0 518.67 641.99 1586.37 1394.86 14.62 21.60 554.63 2387.99 9058.88 1.30 47.21 521.99 2387.97 8138.64 8.3982 0.03 391 2388 100.00 39.20 23.6005  
2 11 0.0006 0.0004 100.0 518.67 642.26 1589.21 1401.29 14.62 21.61 554.70 2388.01 9053.21 1.30 47.21 522.20 2388.03 8135.85 8.4188 0.03 392 2388 100.00 39.23 23.3888  
2 12 0.0002 0.0006 100.0 518.67 641.64 1579.99 1401.90 14.62 21.61 554.57 2387.98 9047.89 1.30 47.13 521.94 2387.97 8136.49 8.3925 0.03 392 2388 100.00 39.12 23.4201  
2 13 0.0007 0.0005 100.0 518.67 641.78 1586.77 1401.53 14.62 21.61 554.69 2387.94 9053.63 1.30 47.03 522.33 2387.99 8140.61 8.3742 0.03 391 2388 100.00 38.88 23.4317  
2 14 -0.0024 -0.0004 100.0 518.67 641.66 1584.04 1395.46 14.62 21.61 554.47 2388.01 9047.30 1.30 47.12 523.07 2387.98 8140.09 8.3887 0.03 391 2388 100.00 38.93 23.4074  
2 15 -0.0012 -0.0003 100.0 518.67 642.21 1579.84 1402.11 14.62 21.61 554.17 2388.02 9049.82 1.30 47.17 521.96 2388.02 8137.72 8.3704 0.03 393 2388 100.00 38.94 23.4311  
2 16 -0.0010 0.0003 100.0 518.67 641.81 1581.99 1393.46 14.62 21.61 554.53 2387.99 9051.79 1.30 47.24 522.49 2387.95 8133.45 8.3805 0.03 392 2388 100.00 39.01 23.4462  
2 17 0.0003 -0.0001 100.0 518.67 642.43 1583.58 1390.27 14.62 21.61 553.62 2388.04 9052.05 1.30 47.13 522.71 2388.08 8134.78 8.3714 0.03 391 2388 100.00 39.04 23.5245  
2 18 0.0014 0.0001 100.0 518.67 641.95 1588.43 1400.25 14.62 21.61 554.83 2388.00 9051.35 1.30 47.22 522.92 2388.00 8133.20 8.4053 0.03 391 2388 100.00 39.00 23.4203  
2 19 0.0025 0.0001 100.0 518.67 641.75 1576.84 1401.77 14.62 21.61 555.25 2388.02 9055.07 1.30 47.14 522.38 2387.98 8137.51 8.4035 0.03 392 2388 100.00 39.10 23.4102  
2 20 0.0042 -0.0004 100.0 518.67 642.34 1582.94 1394.38 14.62 21.61 554.64 2388.00 9050.27 1.30 47.14 522.54 2387.94 8139.83 8.3698 0.03 391 2388 100.00 39.02 23.3821  
2 21 -0.0023 0.0001 100.0 518.67 642.05 1579.51 1392.28 14.62 21.61 554.72 2388.03 9055.29 1.30 47.04 522.58 2388.01 8136.57 8.3954 0.03 391 2388 100.00 39.24 23.5014  
2 22 0.0024 0.0006 100.0 518.67 642.16 1580.18 1397.67 14.62 21.61 554.35 2387.96 9053.31 1.30 47.17 521.73 2388.04 8140.79 8.3792 0.03 391 2388 100.00 38.98 23.4241  
2 23 -0.0013 0.0003 100.0 518.67 642.37 1580.89 1387.50 14.62 21.61 554.69 2387.96 9051.43 1.30 47.21 522.26 2388.07 8131.57 8.3937 0.03 393 2388 100.00 39.10 23.2867  
2 24 -0.0019 -0.0000 100.0 518.67 641.99 1580.97 1398.67 14.62 21.61 553.50 2387.98 9052.35 1.30 47.15 522.25 2387.97 8136.16 8.3866 0.03 391 2388 100.00 39.18 23.3981  
2 25 0.0063 0.0001 100.0 518.67 641.81 1585.38 1396.62 14.62 21.61 554.14 2388.00 9055.28 1.30 47.19 522.31 2388.03 8136.97 8.3959 0.03 391 2388 100.00 38.99 23.4883  
2 26 -0.0011 0.0003 100.0 518.67 641.87 1575.38 1392.30 14.62 21.61 554.03 2387.98 9050.81 1.30 47.12 522.80 2388.00 8137.27 8.3472 0.03 391 2388 100.00 38.96 23.4691  
2 27 0.0006 0.0005 100.0 518.67 642.12 1585.44 1402.31 14.62 21.61 555.16 2388.03 9058.01 1.30 47.03 522.11 2388.06 8137.73 8.4077 0.03 392 2388 100.00 38.96 23.4275  
2 28 0.0037 0.0005 100.0 518.67 642.04 1581.60 1397.45 14.62 21.61 554.77 2387.99 9053.78 1.30 46.99 522.68 2387.93 8136.55 8.3734 0.03 390 2388 100.00 38.95 23.4395  
2 29 -0.0032 -0.0003 100.0 518.67 642.08 1583.78 1398.08 14.62 21.61 554.75 2388.00 9055.84 1.30 47.11 522.26 2388.02 8140.77 8.3700 0.03 390 2388 100.00 38.97 23.4249  
2 30 0.0012 0.0000 100.0 518.67 641.78 1590.32 1395.07 14.62 21.61 554.62 2387.98 9050.80 1.30 47.20 522.43 2388.00 8136.63 8.4190 0.03 391 2388 100.00 39.10 23.3985  
2 31 -0.0009 0.0005 100.0 518.67 641.97 1579.86 1390.94 14.62 21.61 554.80 2388.00 9049.93 1.30 47.05 522.17 2388.04 8131.62 8.4393 0.03 391 2388 100.00 39.17 23.4154  
2 32 0.0013 -0.0001 100.0 518.67 641.58 1584.52 1391.11 14.62 21.61 554.56 2387.98 9045.87 1.30 47.12 522.54 2387.98 8138.76 8.3783 0.03 390 2388 100.00 38.97 23.4006  
2 33 -0.0032 0.0004 100.0 518.67 641.79 1585.17 1396.15 14.62 21.61 553.62 2388.01 9051.18 1.30 47.09 522.26 2387.99 8133.62 8.4102 0.03 392 2388 100.00 39.01 23.4434  
2 34 0.0042 0.0003 100.0 518.67 642.12 1584.08 1394.24 14.62 21.61 555.09 2388.00 9059.29 1.30 47.22 522.64 2387.96 8139.80 8.4188 0.03 390 2388 100.00 38.87 23.4571  
2 35 0.0020 0.0002 100.0 518.67 641.37 1575.73 1392.55 14.62 21.61 554.73 2388.02 9057.34 1.30 47.25 522.00 2388.00 8142.08 8.4164 0.03 394 2388 100.00 39.06 23.5283  
2 36 0.0013 0.0004 100.0 518.67 641.27 1581.56 1397.13 14.62 21.61 554.59 2388.02 9055.79 1.30 47.21 522.32 2388.00 8142.06 8.3709 0.03 391 2388 100.00 39.12 23.3881  
2 37 0.0050 0.0005 100.0 518.67 642.10 1585.63 1396.29 14.62 21.61 555.01 2388.04 9058.16 1.30 47.16 522.69 2388.02 8136.08 8.3609 0.03 391 2388 100.00 39.08 23.4047  
2 38 0.0013 0.0005 100.0 518.67 642.22 1585.15 1397.75 14.62 21.61 554.21 2388.00 9055.35 1.30 47.22 522.13 2388.05 8134.91 8.4069 0.03 390 2388 100.00 39.09 23.4191  
2 39 -0.0018 0.0005 100.0 518.67 642.00 1585.69 1391.49 14.62 21.61 554.05 2388.00 9061.16 1.30 47.20 522.79 2388.05 8138.78 8.3755 0.03 391 2388 100.00 39.02 23.4489  
2 40 0.0005 0.0005 100.0 518.67 642.02 1582.69 1398.38 14.62 21.61 554.07 2388.03 9046.96 1.30 47.22 522.30 2388.01 8137.16 8.4010 0.03 391 2388 100.00 38.84 23.4402  
2 41 0.0015 0.0006 100.0 518.67 642.41 1578.97 1398.74 14.62 21.61 554.34 2388.04 9053.60 1.30 47.26 522.22 2388.01 8140.84 8.3856 0.03 392 2388 100.00 38.94 23.3071  
2 42 0.0016 0.0005 100.0 518.67 642.27 1579.21 1392.13 14.62 21.61 553.98 2387.97 9046.36 1.30 47.14 522.87 2388.00 8135.30 8.3449 0.03 392 2388 100.00 39.08 23.4631  
2 43 0.0027 0.0000 100.0 518.67 642.02 1580.59 1391.60 14.62 21.61 554.14 2388.04 9053.65 1.30 47.08 522.90 2388.02 8135.14 8.4144 0.03 392 2388 100.00 38.92 23.4966  
2 44 0.0003 0.0003 100.0 518.67 642.01 1584.33 1398.69 14.62 21.61 554.16 2388.04 9057.05 1.30 47.22 522.77 2388.06 8137.23 8.4087 0.03 392 2388 100.00 39.03 23.4546  
2 45 -0.0014 -0.0002 100.0 518.67 642.05 1586.41 1397.60 14.62 21.61 554.20 2388.05 9060.38 1.30 47.17 522.27 2388.00 8141.93 8.3847 0.03 390 2388 100.00 38.99 23.4284  
2 46 0.0002 -0.0003 100.0 518.67 642.15 1575.45 1392.60 14.62 21.61 554.54 2388.00 9053.33 1.30 47.19 522.08 2388.05 8140.52 8.3994 0.03 390 2388 100.00 38.93 23.5041  
2 47 0.0021 0.0003 100.0 518.67 642.40 1583.85 1396.46 14.62 21.61 554.96 2388.04 9046.52 1.30 47.03 522.73 2388.00 8136.97 8.3756 0.03 391 2388 100.00 38.89 23.3447  
2 48 0.0006 -0.0001 100.0 518.67 642.09 1586.71 1397.95 14.62 21.61 554.67 2387.99 9057.73 1.30 47.18 522.41 2387.98 8134.97 8.3821 0.03 392 2388 100.00 39.23 23.4336  
2 49 -0.0006 0.0005 100.0 518.67 642.85 1583.86 1396.50 14.62 21.61 554.04 2388.04 9049.11 1.30 47.18 522.83 2387.99 8135.93 8.4024 0.03 390 2388 100.00 39.17 23.4871  
2 50 -0.0002 -0.0004 100.0 518.67 642.02 1577.86 1399.78 14.62 21.61 554.73 2388.00 9051.65 1.30 47.16 522.16 2388.05 8138.46 8.4042 0.03 391 2388 100.00 39.10 23.3530  
2 51 0.0008 0.0003 100.0 518.67 642.03 1585.34 1393.06 14.62 21.61 555.02 2388.02 9055.92 1.30 47.03 522.34 2388.01 8137.89 8.3731 0.03 392 2388 100.00 38.90 23.3239  
2 52 -0.0010 -0.0001 100.0 518.67 641.52 1588.48 1401.66 14.62 21.60 554.76 2388.00 9056.25 1.30 47.09 522.58 2388.01 8134.22 8.4064 0.03 392 2388 100.00 39.08 23.3668  
2 53 -0.0023 -0.0001 100.0 518.67 642.00 1584.90 1397.09 14.62 21.61 554.33 2388.05 9051.78 1.30 46.98 522.73 2388.01 8137.95 8.4110 0.03 391 2388 100.00 38.95 23.5307  
2 54 0.0004 -0.0003 100.0 518.67 641.58 1583.46 1405.33 14.62 21.61 554.42 2388.01 9046.85 1.30 47.10 522.48 2387.99 8141.65 8.4057 0.03 392 2388 100.00 39.13 23.3626  
2 55 -0.0035 -0.0004 100.0 518.67 642.33 1585.59 1387.16 14.62 21.60 554.54 2388.02 9044.62 1.30 47.18 522.70 2388.02 8134.65 8.4077 0.03 392 2388 100.00 39.11 23.3779  
2 56 -0.0035 0.0002 100.0 518.67 641.84 1587.04 1388.97 14.62 21.61 554.72 2388.02 9052.27 1.30 47.03 522.10 2388.01 8139.72 8.3930 0.03 391 2388 100.00 39.10 23.3796  
2 57 -0.0003 -0.0001 100.0 518.67 642.50 1584.13 1389.62 14.62 21.61 553.87 2388.05 9052.86 1.30 47.17 521.98 2387.96 8136.88 8.4008 0.03 391 2388 100.00 39.23 23.4544  
2 58 -0.0000 -0.0002 100.0 518.67 642.30 1582.93 1389.91 14.62 21.61 554.46 2388.03 9047.75 1.30 47.30 522.24 2387.98 8134.92 8.3731 0.03 391 2388 100.00 39.15 23.3861  
2 59 0.0032 -0.0000 100.0 518.67 642.48 1584.24 1397.95 14.62 21.61 554.60 2388.08 9053.20 1.30 47.17 522.78 2388.00 8136.90 8.4036 0.03 391 2388 100.00 39.04 23.4347  
2 60 0.0014 -0.0002 100.0 518.67 642.09 1584.57 1396.84 14.62 21.61 554.06 2388.04 9057.57 1.30 47.12 521.93 2388.02 8141.27 8.4003 0.03 393 2388 100.00 39.11 23.3928  
2 61 -0.0044 0.0001 100.0 518.67 642.41 1585.45 1399.71 14.62 21.61 555.08 2388.03 9057.02 1.30 47.09 522.69 2387.99 8135.88 8.4006 0.03 391 2388 100.00 39.04 23.2745  
2 62 -0.0017 -0.0001 100.0 518.67 641.81 1577.87 1401.66 14.62 21.61 554.52 2388.03 9048.80 1.30 47.27 521.78 2387.98 8135.86 8.4193 0.03 391 2388 100.00 39.23 23.4442  
2 63 -0.0014 0.0005 100.0 518.67 641.91 1575.83 1395.05 14.62 21.61 554.63 2388.00 9061.57 1.30 47.17 522.15 2388.01 8134.72 8.3867 0.03 392 2388 100.00 38.98 23.3250  
2 64 -0.0000 0.0001 100.0 518.67 641.66 1581.65 1401.46 14.62 21.61 554.93 2388.02 9048.35 1.30 47.11 522.18 2388.05 8136.88 8.4144 0.03 391 2388 100.00 39.07 23.3980  
2 65 0.0008 0.0000 100.0 518.67 641.70 1582.59 1395.40 14.62 21.60 554.28 2388.00 9057.07 1.30 47.34 522.52 2387.98 8135.72 8.4128 0.03 391 2388 100.00 38.92 23.3455  
2 66 0.0005 -0.0002 100.0 518.67 642.26 1584.60 1394.01 14.62 21.61 554.11 2388.06 9054.62 1.30 47.17 522.65 2387.98 8138.89 8.4121 0.03 392 2388 100.00 39.00 23.4260  
2 67 -0.0036 -0.0001 100.0 518.67 642.17 1587.63 1395.44 14.62 21.61 554.99 2388.10 9048.97 1.30 46.96 522.58 2388.00 8138.81 8.3761 0.03 393 2388 100.00 39.02 23.3933  
2 68 0.0008 0.0001 100.0 518.67 642.50 1577.16 1399.27 14.62 21.61 554.07 2387.97 9054.61 1.30 47.16 522.20 2388.00 8137.75 8.4141 0.03 392 2388 100.00 38.97 23.4076  
2 69 -0.0004 0.0000 100.0 518.67 642.73 1586.47 1399.73 14.62 21.61 554.35 2388.01 9049.25 1.30 47.33 522.21 2387.97 8136.47 8.4116 0.03 392 2388 100.00 39.09 23.3783  
2 70 0.0005 -0.0002 100.0 518.67 641.76 1593.24 1397.30 14.62 21.61 554.47 2388.05 9049.78 1.30 47.26 522.17 2387.98 8134.06 8.4118 0.03 392 2388 100.00 39.06 23.3894  
2 71 -0.0004 0.0002 100.0 518.67 642.39 1586.68 1403.09 14.62 21.61 555.01 2388.00 9053.44 1.30 47.24 522.02 2387.94 8131.12 8.3993 0.03 392 2388 100.00 38.92 23.3170  
2 72 -0.0007 -0.0001 100.0 518.67 642.48 1583.11 1393.85 14.62 21.61 554.54 2388.03 9057.61 1.30 47.19 522.40 2388.02 8136.69 8.4012 0.03 392 2388 100.00 39.12 23.4393  
2 73 -0.0004 -0.0001 100.0 518.67 641.73 1586.57 1400.98 14.62 21.61 554.41 2388.01 9057.35 1.30 47.15 522.95 2388.02 8142.06 8.3896 0.03 390 2388 100.00 38.94 23.4567  
2 74 -0.0013 0.0001 100.0 518.67 642.39 1584.04 1396.13 14.62 21.60 555.36 2388.01 9060.56 1.30 47.25 521.97 2388.03 8138.80 8.3932 0.03 391 2388 100.00 39.07 23.4015  
2 75 0.0025 0.0004 100.0 518.67 641.64 1578.27 1390.64 14.62 21.60 555.45 2387.95 9053.52 1.30 47.09 522.54 2388.07 8133.37 8.3944 0.03 392 2388 100.00 38.99 23.4210  
2 76 -0.0037 0.0001 100.0 518.67 642.01 1586.91 1399.66 14.62 21.61 554.05 2388.05 9052.13 1.30 46.99 522.08 2388.07 8136.29 8.3629 0.03 392 2388 100.00 38.88 23.4591  
2 77 0.0003 0.0000 100.0 518.67 641.97 1588.54 1395.38 14.62 21.61 554.06 2388.02 9052.12 1.30 46.95 522.36 2388.02 8138.64 8.4399 0.03 392 2388 100.00 39.01 23.4969  
2 78 0.0004 -0.0001 100.0 518.67 642.44 1587.20 1394.24 14.62 21.61 554.83 2387.99 9058.82 1.30 47.12 522.57 2387.98 8135.85 8.4018 0.03 391 2388 100.00 38.96 23.5367  
2 79 0.0021 0.0004 100.0 518.67 641.62 1585.59 1398.51 14.62 21.61 554.19 2388.00 9057.44 1.30 47.23 522.26 2388.09 8135.02 8.3931 0.03 390 2388 100.00 39.15 23.2873  
2 80 0.0027 -0.0000 100.0 518.67 641.37 1588.33 1394.00 14.62 21.61 554.94 2387.99 9056.41 1.30 47.20 523.26 2388.03 8138.12 8.3889 0.03 391 2388 100.00 38.95 23.4198  
2 81 0.0006 -0.0001 100.0 518.67 641.72 1578.31 1390.12 14.62 21.61 555.25 2388.02 9053.00 1.30 47.25 522.62 2388.07 8135.81 8.4162 0.03 391 2388 100.00 39.08 23.4685  
2 82 0.0035 -0.0001 100.0 518.67 641.86 1587.24 1402.78 14.62 21.61 554.17 2388.01 9055.28 1.30 47.19 522.30 2388.00 8135.13 8.3428 0.03 391 2388 100.00 39.17 23.4491  
2 83 0.0000 -0.0004 100.0 518.67 641.73 1585.18 1398.81 14.62 21.61 554.18 2388.07 9047.88 1.30 47.13 523.13 2388.04 8135.08 8.3997 0.03 390 2388 100.00 39.00 23.4056  
2 84 -0.0037 -0.0004 100.0 518.67 642.41 1586.46 1402.26 14.62 21.61 554.86 2388.06 9050.39 1.30 47.29 522.75 2387.92 8138.11 8.3940 0.03 392 2388 100.00 38.95 23.4055  
2 85 0.0002 0.0004 100.0 518.67 641.73 1588.31 1398.33 14.62 21.60 554.50 2387.97 9049.41 1.30 47.19 522.63 2387.96 8137.66 8.3954 0.03 391 2388 100.00 39.13 23.4072  
2 86 0.0004 -0.0000 100.0 518.67 641.85 1579.31 1399.12 14.62 21.61 554.51 2388.02 9050.83 1.30 47.27 522.26 2388.01 8138.02 8.3958 0.03 391 2388 100.00 38.87 23.4982  
2 87 0.0019 -0.0002 100.0 518.67 642.36 1582.64 1399.51 14.62 21.61 554.77 2387.95 9056.36 1.30 47.26 522.59 2387.96 8140.14 8.3952 0.03 393 2388 100.00 39.10 23.2916  
2 88 0.0007 -0.0002 100.0 518.67 642.23 1587.88 1398.17 14.62 21.60 554.71 2388.01 9056.67 1.30 47.04 522.62 2388.00 8139.82 8.3851 0.03 391 2388 100.00 39.06 23.4173  
2 89 0.0017 0.0005 100.0 518.67 641.95 1584.62 1394.07 14.62 21.61 554.18 2388.00 9054.70 1.30 47.18 522.42 2388.08 8135.49 8.4143 0.03 393 2388 100.00 39.18 23.4148  
2 90 0.0019 -0.0003 100.0 518.67 642.06 1580.77 1405.34 14.62 21.61 554.10 2387.98 9053.58 1.30 47.21 522.04 2388.00 8138.51 8.3922 0.03 390 2388 100.00 38.90 23.4878  
2 91 -0.0007 -0.0002 100.0 518.67 642.09 1583.57 1399.47 14.62 21.61 553.79 2388.02 9045.94 1.30 47.15 522.48 2388.05 8134.67 8.4026 0.03 391 2388 100.00 39.10 23.3972  
2 92 -0.0006 0.0005 100.0 518.67 642.36 1584.87 1399.17 14.62 21.60 554.28 2388.02 9050.92 1.30 47.13 522.45 2388.00 8137.35 8.3919 0.03 392 2388 100.00 38.81 23.2772  
2 93 0.0019 -0.0004 100.0 518.67 642.21 1591.68 1392.48 14.62 21.61 553.92 2388.05 9049.14 1.30 47.24 522.52 2388.00 8137.98 8.4005 0.03 391 2388 100.00 38.94 23.3075  
2 94 0.0000 0.0005 100.0 518.67 642.10 1585.62 1395.39 14.62 21.61 554.53 2388.03 9054.99 1.30 47.38 522.74 2387.99 8141.01 8.4075 0.03 392 2388 100.00 39.15 23.4165  
2 95 -0.0022 0.0002 100.0 518.67 642.56 1579.26 1402.79 14.62 21.61 553.99 2388.05 9048.27 1.30 47.06 522.37 2388.02 8131.72 8.3773 0.03 392 2388 100.00 38.98 23.4318  
2 96 -0.0026 0.0006 100.0 518.67 642.42 1576.94 1399.59 14.62 21.61 554.40 2387.97 9059.00 1.30 47.07 521.66 2388.06 8137.78 8.3698 0.03 392 2388 100.00 38.92 23.3285  
2 97 0.0008 0.0001 100.0 518.67 642.04 1586.12 1400.50 14.62 21.61 554.42 2388.02 9056.26 1.30 47.19 522.22 2388.06 8135.99 8.4202 0.03 391 2388 100.00 39.06 23.3578  
2 98 -0.0001 0.0003 100.0 518.67 641.73 1587.84 1401.08 14.62 21.61 554.57 2388.04 9056.94 1.30 47.21 522.92 2387.98 8140.08 8.4115 0.03 391 2388 100.00 39.08 23.5011  
2 99 -0.0034 -0.0004 100.0 518.67 642.04 1585.48 1400.97 14.62 21.61 554.43 2388.05 9054.46 1.30 47.13 522.50 2388.00 8138.18 8.4179 0.03 393 2388 100.00 39.15 23.3414  
2 100 0.0076 -0.0001 100.0 518.67 642.04 1586.01 1402.72 14.62 21.61 554.48 2388.00 9056.18 1.30 47.21 522.01 2388.05 8135.50 8.4107 0.03 390 2388 100.00 38.85 23.3310  
2 101 0.0031 -0.0000 100.0 518.67 641.96 1582.66 1397.81 14.62 21.61 555.07 2387.98 9051.47 1.30 47.37 522.40 2388.01 8140.13 8.3835 0.03 392 2388 100.00 38.93 23.4257  
2 102 0.0016 0.0001 100.0 518.67 642.44 1590.24 1407.05 14.62 21.60 554.44 2388.03 9052.38 1.30 47.19 522.05 2388.04 8136.45 8.4052 0.03 391 2388 100.00 38.92 23.3453  
2 103 -0.0022 0.0002 100.0 518.67 642.05 1587.75 1392.16 14.62 21.61 554.44 2388.11 9050.80 1.30 47.23 522.36 2388.02 8144.59 8.4148 0.03 392 2388 100.00 39.12 23.4403  
2 104 -0.0034 0.0002 100.0 518.67 642.41 1582.04 1397.31 14.62 21.61 554.91 2388.00 9055.21 1.30 47.26 522.18 2388.07 8142.03 8.4037 0.03 390 2388 100.00 39.03 23.4053  
2 105 -0.0050 0.0004 100.0 518.67 641.94 1585.65 1397.45 14.62 21.61 554.81 2388.02 9058.39 1.30 47.32 522.11 2388.05 8140.65 8.4056 0.03 392 2388 100.00 39.00 23.3467  
2 106 0.0002 -0.0004 100.0 518.67 641.87 1584.61 1402.62 14.62 21.61 553.96 2388.06 9061.94 1.30 47.32 522.11 2387.97 8133.60 8.3727 0.03 393 2388 100.00 39.09 23.4154  
2 107 0.0011 -0.0001 100.0 518.67 642.52 1581.70 1402.93 14.62 21.61 554.21 2387.96 9058.97 1.30 47.16 522.34 2388.05 8136.62 8.3723 0.03 393 2388 100.00 39.13 23.5191  
2 108 0.0014 0.0004 100.0 518.67 642.24 1578.45 1396.25 14.62 21.61 554.29 2388.03 9056.31 1.30 47.23 522.27 2388.04 8136.72 8.3978 0.03 391 2388 100.00 38.75 23.4441  
2 109 0.0014 0.0000 100.0 518.67 642.12 1590.41 1392.90 14.62 21.61 553.72 2388.12 9053.21 1.30 47.28 522.00 2387.99 8145.36 8.4061 0.03 391 2388 100.00 39.10 23.3497  
2 110 -0.0013 -0.0002 100.0 518.67 642.29 1583.30 1398.47 14.62 21.61 554.50 2388.07 9053.81 1.30 47.31 522.27 2388.02 8140.04 8.3723 0.03 391 2388 100.00 39.06 23.3997  
2 111 0.0039 0.0000 100.0 518.67 642.24 1576.85 1393.76 14.62 21.61 554.42 2387.99 9062.68 1.30 47.18 522.32 2387.99 8137.95 8.4437 0.03 392 2388 100.00 39.16 23.4703  
2 112 -0.0023 -0.0002 100.0 518.67 642.49 1588.35 1397.20 14.62 21.61 554.33 2388.01 9063.33 1.30 47.37 522.23 2388.00 8138.79 8.4025 0.03 392 2388 100.00 39.06 23.3444  
2 113 -0.0030 0.0000 100.0 518.67 641.95 1584.21 1404.74 14.62 21.61 554.07 2388.01 9049.10 1.30 47.23 522.10 2387.99 8141.12 8.3994 0.03 391 2388 100.00 39.12 23.5029  
2 114 -0.0005 -0.0002 100.0 518.67 642.13 1576.56 1397.05 14.62 21.61 555.10 2388.01 9055.66 1.30 47.19 522.13 2388.02 8138.67 8.4119 0.03 391 2388 100.00 39.06 23.3784  
2 115 -0.0041 -0.0001 100.0 518.67 642.16 1583.27 1401.33 14.62 21.61 554.37 2388.01 9055.06 1.30 47.14 522.10 2388.03 8138.48 8.3950 0.03 390 2388 100.00 38.89 23.3130  
2 116 -0.0010 0.0004 100.0 518.67 642.38 1577.87 1398.39 14.62 21.61 554.45 2387.97 9053.87 1.30 47.01 522.48 2388.02 8145.28 8.3895 0.03 391 2388 100.00 38.96 23.4542  
2 117 -0.0031 -0.0000 100.0 518.67 641.97 1583.84 1395.40 14.62 21.61 554.60 2388.02 9056.45 1.30 47.23 522.39 2388.03 8139.95 8.4365 0.03 392 2388 100.00 39.05 23.4320  
2 118 -0.0013 0.0004 100.0 518.67 641.95 1580.49 1400.99 14.62 21.61 553.96 2388.01 9055.61 1.30 47.11 522.23 2388.05 8141.01 8.3735 0.03 392 2388 100.00 39.04 23.2912  
2 119 0.0000 -0.0002 100.0 518.67 642.67 1585.06 1401.87 14.62 21.61 554.32 2388.00 9054.52 1.30 47.24 522.21 2388.00 8141.97 8.4236 0.03 392 2388 100.00 38.74 23.3731  
2 120 -0.0001 0.0004 100.0 518.67 642.01 1589.61 1394.39 14.62 21.61 554.42 2388.05 9056.54 1.30 47.22 521.62 2388.01 8136.11 8.3666 0.03 391 2388 100.00 39.18 23.4077  
2 121 0.0027 0.0003 100.0 518.67 642.04 1580.19 1391.52 14.62 21.61 554.51 2387.96 9053.67 1.30 47.28 522.31 2387.97 8140.79 8.4134 0.03 392 2388 100.00 39.09 23.3381  
2 122 0.0011 0.0003 100.0 518.67 642.08 1585.52 1405.27 14.62 21.61 553.82 2388.01 9051.03 1.30 47.23 521.96 2387.97 8136.04 8.3783 0.03 392 2388 100.00 38.88 23.3284  
2 123 -0.0010 -0.0004 100.0 518.67 642.11 1588.59 1403.23 14.62 21.61 554.31 2388.04 9056.30 1.30 47.21 522.14 2388.03 8134.83 8.3887 0.03 391 2388 100.00 38.86 23.4492  
2 124 -0.0002 0.0004 100.0 518.67 642.37 1583.12 1399.26 14.62 21.61 554.58 2388.04 9053.57 1.30 47.06 522.64 2387.99 8135.96 8.4049 0.03 392 2388 100.00 39.03 23.3364  
2 125 -0.0015 0.0001 100.0 518.67 642.71 1586.32 1397.94 14.62 21.61 554.81 2388.01 9060.56 1.30 47.31 522.23 2387.98 8142.91 8.4012 0.03 391 2388 100.00 39.09 23.3785  
2 126 0.0006 0.0005 100.0 518.67 642.07 1587.45 1403.41 14.62 21.61 554.03 2387.96 9057.08 1.30 47.28 521.95 2387.99 8136.69 8.4243 0.03 392 2388 100.00 38.91 23.3592  
2 127 -0.0002 -0.0004 100.0 518.67 642.26 1586.65 1400.81 14.62 21.61 554.08 2387.99 9056.25 1.30 47.21 522.20 2388.08 8134.49 8.4476 0.03 391 2388 100.00 39.08 23.3400  
2 128 -0.0008 0.0000 100.0 518.67 641.54 1592.20 1397.34 14.62 21.60 554.16 2388.01 9054.43 1.30 47.20 522.36 2388.05 8142.32 8.4098 0.03 392 2388 100.00 39.05 23.3966  
2 129 0.0007 0.0004 100.0 518.67 641.66 1590.59 1400.25 14.62 21.60 554.60 2388.07 9052.79 1.30 47.23 522.19 2387.99 8139.65 8.3986 0.03 392 2388 100.00 38.96 23.4331  
2 130 0.0035 -0.0003 100.0 518.67 642.06 1584.83 1409.98 14.62 21.61 554.42 2387.99 9060.71 1.30 47.26 522.40 2388.05 8137.80 8.4145 0.03 391 2388 100.00 38.92 23.3645  
2 131 -0.0001 0.0001 100.0 518.67 641.96 1587.61 1394.26 14.62 21.61 554.88 2388.01 9055.73 1.30 47.36 522.37 2387.98 8141.50 8.4074 0.03 392 2388 100.00 39.02 23.4016  
2 132 0.0002 0.0006 100.0 518.67 642.01 1586.66 1398.78 14.62 21.61 554.40 2388.13 9059.84 1.30 47.12 522.25 2388.03 8140.33 8.4102 0.03 390 2388 100.00 38.91 23.3130  
2 133 -0.0016 -0.0004 100.0 518.67 642.84 1581.22 1393.87 14.62 21.61 554.21 2388.04 9060.79 1.30 47.18 521.71 2388.05 8140.53 8.4054 0.03 392 2388 100.00 38.89 23.2668  
2 134 0.0026 0.0001 100.0 518.67 642.76 1586.44 1406.20 14.62 21.60 553.88 2388.02 9061.20 1.30 47.17 521.95 2388.02 8142.84 8.3810 0.03 390 2388 100.00 38.95 23.3367  
2 135 0.0009 -0.0002 100.0 518.67 642.02 1580.12 1404.56 14.62 21.61 554.52 2388.01 9051.53 1.30 47.34 522.13 2388.03 8129.68 8.4108 0.03 392 2388 100.00 38.91 23.3992  
2 136 0.0010 -0.0003 100.0 518.67 642.06 1582.91 1402.67 14.62 21.61 554.50 2388.05 9056.59 1.30 47.09 521.86 2387.99 8142.13 8.3889 0.03 389 2388 100.00 39.00 23.4236  
2 137 0.0044 -0.0004 100.0 518.67 642.46 1585.36 1406.79 14.62 21.61 554.42 2388.01 9057.59 1.30 47.39 522.21 2388.00 8135.55 8.3690 0.03 391 2388 100.00 38.98 23.3517  
2 138 0.0012 0.0004 100.0 518.67 642.34 1585.19 1398.95 14.62 21.61 555.03 2387.99 9063.57 1.30 47.16 521.73 2388.04 8137.50 8.4125 0.03 392 2388 100.00 38.82 23.4346  
2 139 -0.0003 0.0005 100.0 518.67 642.63 1590.88 1400.87 14.62 21.61 554.24 2388.06 9057.55 1.30 47.30 522.61 2388.03 8139.90 8.3919 0.03 391 2388 100.00 38.94 23.4316  
2 140 0.0014 -0.0001 100.0 518.67 642.29 1593.70 1403.14 14.62 21.61 554.86 2388.09 9051.91 1.30 47.32 522.49 2387.95 8139.78 8.4243 0.03 392 2388 100.00 39.01 23.4740  
2 141 0.0019 0.0003 100.0 518.67 642.07 1585.09 1403.25 14.62 21.61 554.70 2388.05 9057.75 1.30 47.43 522.50 2388.05 8137.35 8.4254 0.03 393 2388 100.00 39.02 23.4038  
2 142 -0.0007 0.0004 100.0 518.67 641.91 1586.41 1401.27 14.62 21.61 554.18 2388.08 9060.33 1.30 47.30 522.18 2388.04 8134.04 8.3936 0.03 391 2388 100.00 39.00 23.4716  
2 143 0.0001 0.0004 100.0 518.67 642.31 1588.88 1400.49 14.62 21.61 554.05 2388.03 9057.74 1.30 47.30 521.73 2388.05 8138.17 8.4230 0.03 393 2388 100.00 38.82 23.4197  
2 144 -0.0005 0.0002 100.0 518.67 642.02 1584.35 1401.21 14.62 21.61 553.96 2388.03 9060.12 1.30 47.32 522.11 2388.01 8141.03 8.3836 0.03 392 2388 100.00 39.19 23.3494  
2 145 -0.0021 0.0001 100.0 518.67 642.01 1582.72 1403.53 14.62 21.61 554.10 2387.97 9059.10 1.30 47.33 521.93 2388.08 8146.37 8.3967 0.03 393 2388 100.00 38.83 23.5167  
2 146 0.0043 -0.0001 100.0 518.67 642.52 1590.06 1405.09 14.62 21.61 554.25 2388.05 9051.00 1.30 47.30 522.00 2388.04 8140.25 8.4074 0.03 391 2388 100.00 38.97 23.4017  
2 147 0.0004 -0.0001 100.0 518.67 642.27 1588.78 1394.58 14.62 21.61 554.16 2388.05 9055.27 1.30 47.48 521.91 2388.06 8134.58 8.3896 0.03 393 2388 100.00 38.89 23.3356  
2 148 0.0018 0.0004 100.0 518.67 642.65 1584.50 1398.30 14.62 21.61 554.32 2388.02 9055.59 1.30 47.31 522.57 2388.06 8140.37 8.4128 0.03 393 2388 100.00 39.13 23.3971  
2 149 -0.0020 -0.0003 100.0 518.67 642.03 1587.88 1404.41 14.62 21.61 553.84 2388.04 9057.81 1.30 47.31 521.87 2388.00 8138.62 8.3870 0.03 391 2388 100.00 38.89 23.4024  
2 150 -0.0021 0.0004 100.0 518.67 642.62 1585.43 1393.74 14.62 21.61 554.13 2388.01 9056.95 1.30 47.15 522.22 2388.02 8138.55 8.4175 0.03 391 2388 100.00 39.03 23.2996  
2 151 0.0051 -0.0004 100.0 518.67 642.54 1590.21 1398.31 14.62 21.61 553.66 2387.98 9055.31 1.30 47.33 522.28 2388.04 8143.30 8.4173 0.03 390 2388 100.00 38.92 23.3831  
2 152 -0.0004 0.0003 100.0 518.67 642.38 1583.49 1400.90 14.62 21.61 553.86 2388.06 9052.60 1.30 47.25 522.06 2388.07 8136.96 8.4123 0.03 391 2388 100.00 38.86 23.3666  
2 153 0.0043 0.0002 100.0 518.67 641.96 1594.33 1397.52 14.62 21.61 553.78 2388.09 9058.68 1.30 47.29 521.82 2388.07 8134.54 8.4262 0.03 392 2388 100.00 38.71 23.3222  
2 154 0.0012 0.0001 100.0 518.67 642.34 1591.30 1413.28 14.62 21.60 554.45 2388.01 9055.03 1.30 47.23 522.21 2388.02 8137.22 8.4161 0.03 391 2388 100.00 38.89 23.4216  
2 155 -0.0022 -0.0003 100.0 518.67 642.17 1580.93 1397.45 14.62 21.61 553.84 2388.06 9054.82 1.30 47.23 521.91 2388.07 8146.25 8.4029 0.03 392 2388 100.00 38.99 23.3634  
2 156 -0.0045 0.0004 100.0 518.67 642.15 1578.73 1399.13 14.62 21.61 554.70 2388.04 9057.22 1.30 47.31 522.14 2388.07 8139.57 8.4075 0.03 391 2388 100.00 39.07 23.3474  
2 157 -0.0014 -0.0004 100.0 518.67 642.04 1588.70 1400.63 14.62 21.61 553.71 2388.07 9065.16 1.30 47.45 522.25 2388.06 8143.04 8.4137 0.03 394 2388 100.00 38.97 23.2225  
2 158 0.0014 0.0001 100.0 518.67 641.99 1586.95 1404.68 14.62 21.61 554.67 2388.02 9057.68 1.30 47.45 522.32 2388.03 8140.57 8.4324 0.03 392 2388 100.00 39.03 23.4220  
2 159 -0.0018 -0.0003 100.0 518.67 641.81 1593.89 1399.71 14.62 21.61 553.70 2388.04 9058.80 1.30 47.26 522.20 2388.00 8138.61 8.4138 0.03 393 2388 100.00 38.89 23.3979  
2 160 0.0033 -0.0003 100.0 518.67 642.53 1585.65 1409.72 14.62 21.61 554.65 2388.07 9059.70 1.30 47.46 521.96 2388.05 8144.03 8.4012 0.03 393 2388 100.00 38.92 23.4119  
2 161 -0.0031 0.0003 100.0 518.67 642.08 1586.65 1396.32 14.62 21.61 554.18 2388.05 9057.22 1.30 47.19 521.96 2388.04 8140.21 8.4601 0.03 393 2388 100.00 38.83 23.4036  
2 162 0.0028 0.0003 100.0 518.67 641.71 1588.83 1401.23 14.62 21.61 553.95 2388.06 9062.65 1.30 47.42 522.09 2388.01 8134.78 8.3739 0.03 392 2388 100.00 39.05 23.4045  
2 163 0.0007 0.0004 100.0 518.67 642.88 1589.56 1396.20 14.62 21.61 553.96 2388.08 9059.47 1.30 47.29 521.55 2388.05 8142.54 8.3904 0.03 392 2388 100.00 38.94 23.4442  
2 164 0.0043 0.0003 100.0 518.67 642.82 1588.23 1405.50 14.62 21.61 554.31 2387.99 9055.65 1.30 47.32 521.74 2388.04 8138.60 8.4304 0.03 391 2388 100.00 38.97 23.4381  
2 165 -0.0043 0.0004 100.0 518.67 642.17 1588.55 1402.96 14.62 21.61 553.71 2388.03 9060.97 1.30 47.39 522.28 2387.97 8134.48 8.4068 0.03 392 2388 100.00 38.93 23.4707  
2 166 -0.0068 0.0002 100.0 518.67 641.79 1589.09 1394.26 14.62 21.61 553.71 2388.03 9060.46 1.30 47.43 521.96 2388.01 8142.11 8.4111 0.03 392 2388 100.00 38.87 23.4352  
2 167 0.0005 -0.0001 100.0 518.67 642.25 1588.74 1395.35 14.62 21.61 553.62 2388.01 9056.24 1.30 47.39 522.11 2388.03 8148.57 8.4261 0.03 393 2388 100.00 38.84 23.3977  
2 168 -0.0026 -0.0003 100.0 518.67 642.55 1593.95 1404.01 14.62 21.61 554.32 2388.04 9055.88 1.30 47.30 521.89 2388.04 8135.51 8.4329 0.03 391 2388 100.00 38.84 23.3787  
2 169 -0.0004 0.0003 100.0 518.67 642.26 1581.85 1406.06 14.62 21.61 553.06 2388.06 9059.37 1.30 47.33 521.77 2388.09 8141.96 8.4214 0.03 391 2388 100.00 38.93 23.3766  
2 170 0.0025 0.0004 100.0 518.67 642.14 1577.26 1405.93 14.62 21.61 553.84 2388.03 9065.67 1.30 47.35 522.36 2388.07 8140.59 8.4079 0.03 394 2388 100.00 38.88 23.3532  
2 171 0.0012 0.0005 100.0 518.67 642.21 1587.94 1410.34 14.62 21.61 553.84 2388.03 9060.51 1.30 47.34 521.89 2388.02 8143.29 8.4027 0.03 392 2388 100.00 38.91 23.2870  
2 172 -0.0041 0.0004 100.0 518.67 642.07 1589.42 1398.26 14.62 21.61 553.69 2388.06 9055.70 1.30 47.25 521.42 2388.09 8134.03 8.4109 0.03 392 2388 100.00 39.09 23.3496  
2 173 0.0003 -0.0002 100.0 518.67 642.66 1589.00 1403.22 14.62 21.61 554.64 2388.04 9058.55 1.30 47.27 521.40 2388.05 8140.73 8.4288 0.03 392 2388 100.00 38.92 23.3576  
2 174 -0.0009 -0.0003 100.0 518.67 642.34 1588.01 1403.24 14.62 21.61 553.76 2388.08 9066.40 1.30 47.31 521.85 2388.04 8144.79 8.3994 0.03 394 2388 100.00 39.02 23.3513  
2 175 -0.0005 0.0005 100.0 518.67 642.46 1584.58 1398.37 14.62 21.61 554.01 2388.02 9067.91 1.30 47.45 522.20 2388.08 8140.85 8.4170 0.03 393 2388 100.00 38.88 23.3065  
2 176 -0.0010 -0.0004 100.0 518.67 642.32 1585.73 1405.47 14.62 21.61 554.15 2388.04 9058.59 1.30 47.22 521.54 2388.07 8147.04 8.4189 0.03 392 2388 100.00 39.08 23.4372  
2 177 0.0004 -0.0001 100.0 518.67 642.35 1586.88 1400.31 14.62 21.61 554.59 2388.06 9057.99 1.30 47.42 521.95 2388.04 8139.00 8.4153 0.03 393 2388 100.00 38.74 23.3538  
2 178 0.0031 0.0003 100.0 518.67 642.43 1590.29 1404.39 14.62 21.61 553.83 2388.04 9056.85 1.30 47.56 521.97 2388.07 8146.93 8.3914 0.03 391 2388 100.00 38.85 23.3530  
2 179 -0.0024 -0.0001 100.0 518.67 642.33 1584.55 1399.30 14.62 21.61 553.86 2388.03 9060.98 1.30 47.37 522.48 2388.03 8140.62 8.4462 0.03 394 2388 100.00 38.91 23.3329  
2 180 -0.0011 0.0000 100.0 518.67 642.50 1593.51 1402.27 14.62 21.61 554.21 2388.11 9058.30 1.30 47.52 521.76 2388.05 8139.98 8.4404 0.03 392 2388 100.00 39.04 23.3712  
2 181 0.0003 -0.0002 100.0 518.67 642.01 1585.87 1399.24 14.62 21.61 554.29 2388.03 9057.86 1.30 47.27 522.19 2388.01 8134.52 8.4148 0.03 393 2388 100.00 38.92 23.3777  
2 182 -0.0000 -0.0002 100.0 518.67 642.39 1586.42 1406.61 14.62 21.61 553.63 2388.03 9069.40 1.30 47.52 522.39 2388.09 8143.47 8.4072 0.03 392 2388 100.00 39.04 23.2931  
2 183 -0.0015 -0.0002 100.0 518.67 642.60 1584.95 1406.15 14.62 21.61 554.35 2388.08 9064.12 1.30 47.24 521.84 2388.06 8142.25 8.4225 0.03 392 2388 100.00 38.85 23.3851  
2 184 0.0037 0.0000 100.0 518.67 642.43 1585.66 1408.13 14.62 21.61 554.99 2388.04 9067.28 1.30 47.47 521.86 2388.06 8142.27 8.3996 0.03 394 2388 100.00 38.85 23.4003  
2 185 -0.0020 0.0004 100.0 518.67 642.66 1581.09 1407.11 14.62 21.61 554.53 2388.02 9059.27 1.30 47.23 522.22 2388.05 8143.76 8.4200 0.03 392 2388 100.00 38.94 23.2801  
2 186 -0.0004 0.0002 100.0 518.67 642.80 1582.46 1404.35 14.62 21.61 554.42 2388.05 9063.38 1.30 47.47 521.82 2388.16 8145.64 8.4131 0.03 393 2388 100.00 38.75 23.3416  
2 187 0.0019 0.0002 100.0 518.67 642.69 1588.88 1407.54 14.62 21.61 553.32 2388.08 9060.97 1.30 47.51 521.09 2388.05 8136.80 8.4101 0.03 392 2388 100.00 38.93 23.3926  
2 188 0.0024 0.0002 100.0 518.67 642.64 1582.97 1402.72 14.62 21.61 554.26 2388.07 9062.70 1.30 47.37 522.34 2388.04 8139.36 8.4124 0.03 392 2388 100.00 38.82 23.3060  
2 189 0.0003 0.0002 100.0 518.67 642.81 1583.54 1403.09 14.62 21.61 554.03 2388.03 9069.79 1.30 47.42 521.70 2388.04 8141.68 8.4253 0.03 393 2388 100.00 39.02 23.2923  
2 190 0.0013 0.0004 100.0 518.67 642.48 1592.50 1405.73 14.62 21.61 554.40 2388.06 9059.23 1.30 47.20 521.73 2388.03 8139.40 8.4128 0.03 393 2388 100.00 39.04 23.2623  
2 191 -0.0009 0.0004 100.0 518.67 642.23 1584.59 1407.64 14.62 21.61 553.42 2388.04 9064.99 1.30 47.40 521.92 2388.05 8142.41 8.4694 0.03 393 2388 100.00 38.93 23.3507  
2 192 0.0003 0.0002 100.0 518.67 642.18 1589.95 1404.07 14.62 21.60 553.09 2388.03 9071.88 1.30 47.49 521.70 2388.09 8141.81 8.4309 0.03 392 2388 100.00 38.87 23.3049  
2 193 -0.0021 -0.0003 100.0 518.67 642.13 1588.28 1399.59 14.62 21.61 553.54 2388.09 9063.55 1.30 47.30 521.16 2388.08 8144.36 8.4143 0.03 393 2388 100.00 38.73 23.2606  
2 194 -0.0003 -0.0003 100.0 518.67 643.10 1592.38 1404.64 14.62 21.61 553.86 2388.05 9065.99 1.30 47.69 522.17 2388.10 8142.38 8.4304 0.03 393 2388 100.00 38.90 23.3282  
2 195 -0.0026 0.0004 100.0 518.67 643.24 1591.55 1410.18 14.62 21.61 553.22 2388.01 9060.17 1.30 47.32 521.92 2388.07 8147.43 8.4224 0.03 393 2388 100.00 39.09 23.3326  
2 196 0.0003 0.0004 100.0 518.67 642.64 1591.39 1408.59 14.62 21.61 554.31 2388.15 9054.20 1.30 47.43 522.02 2388.06 8139.28 8.4614 0.03 393 2388 100.00 39.04 23.3682  
2 197 0.0018 0.0005 100.0 518.67 642.55 1588.64 1403.29 14.62 21.61 554.07 2388.07 9061.28 1.30 47.36 521.47 2388.06 8148.80 8.4387 0.03 390 2388 100.00 38.79 23.3426  
2 198 -0.0051 0.0003 100.0 518.67 643.21 1596.17 1402.91 14.62 21.61 553.94 2388.05 9059.21 1.30 47.14 521.50 2388.05 8146.21 8.4410 0.03 392 2388 100.00 38.90 23.2813  
2 199 0.0026 0.0001 100.0 518.67 642.44 1587.17 1409.39 14.62 21.61 554.06 2388.09 9061.54 1.30 47.49 521.22 2388.08 8144.69 8.4290 0.03 394 2388 100.00 39.08 23.2433  
2 200 -0.0017 0.0000 100.0 518.67 642.74 1589.73 1406.28 14.62 21.61 553.13 2388.08 9065.78 1.30 47.44 521.69 2388.07 8144.69 8.4143 0.03 394 2388 100.00 38.95 23.4101  
2 201 0.0021 0.0002 100.0 518.67 642.31 1595.57 1400.92 14.62 21.61 554.25 2388.04 9062.65 1.30 47.44 521.88 2388.10 8144.50 8.4458 0.03 392 2388 100.00 38.93 23.3551  
2 202 -0.0001 0.0003 100.0 518.67 642.56 1589.47 1408.72 14.62 21.61 554.14 2388.14 9070.71 1.30 47.45 522.01 2388.03 8148.95 8.4287 0.03 392 2388 100.00 38.68 23.1814  
2 203 0.0048 0.0001 100.0 518.67 641.95 1593.02 1410.33 14.62 21.61 553.20 2388.05 9070.42 1.30 47.58 521.41 2388.12 8137.27 8.4197 0.03 393 2388 100.00 38.70 23.1596  
2 204 0.0012 0.0003 100.0 518.67 642.46 1591.84 1404.01 14.62 21.61 553.94 2388.02 9064.87 1.30 47.43 521.33 2388.06 8145.46 8.4779 0.03 393 2388 100.00 38.93 23.3788  
2 205 -0.0021 0.0003 100.0 518.67 642.65 1586.59 1409.11 14.62 21.61 552.83 2388.07 9065.07 1.30 47.42 521.48 2388.09 8144.24 8.4298 0.03 393 2388 100.00 39.01 23.3266  
2 206 -0.0004 -0.0003 100.0 518.67 642.51 1588.18 1411.14 14.62 21.61 553.86 2388.03 9059.13 1.30 47.24 521.37 2388.08 8145.04 8.4086 0.03 391 2388 100.00 38.80 23.3974  
2 207 -0.0003 -0.0004 100.0 518.67 642.73 1591.04 1402.94 14.62 21.61 553.06 2388.05 9067.79 1.30 47.39 521.55 2388.04 8146.73 8.4175 0.03 392 2388 100.00 38.87 23.3080  
2 208 0.0004 0.0004 100.0 518.67 642.60 1590.29 1407.93 14.62 21.61 553.09 2388.05 9061.96 1.30 47.51 521.64 2388.11 8140.99 8.4580 0.03 394 2388 100.00 38.75 23.2931  
2 209 0.0040 0.0002 100.0 518.67 642.27 1590.92 1409.20 14.62 21.61 553.66 2388.09 9065.23 1.30 47.43 520.72 2388.11 8147.10 8.4281 0.03 391 2388 100.00 38.97 23.3362  
2 210 -0.0050 0.0001 100.0 518.67 642.88 1583.56 1396.99 14.62 21.61 553.50 2388.10 9064.68 1.30 47.51 521.77 2388.08 8141.12 8.4317 0.03 393 2388 100.00 38.92 23.2484  
2 211 -0.0017 -0.0002 100.0 518.67 642.80 1584.65 1409.23 14.62 21.61 552.47 2388.08 9066.43 1.30 47.48 521.67 2388.08 8143.14 8.4520 0.03 392 2388 100.00 38.86 23.2252  
2 212 0.0005 -0.0004 100.0 518.67 642.54 1586.71 1406.43 14.62 21.61 553.32 2388.13 9068.20 1.30 47.51 521.74 2388.16 8148.07 8.4610 0.03 391 2388 100.00 39.03 23.2138  
2 213 -0.0039 -0.0000 100.0 518.67 642.39 1594.64 1407.38 14.62 21.61 554.04 2388.09 9066.07 1.30 47.56 521.65 2388.05 8144.00 8.4354 0.03 392 2388 100.00 38.73 23.3246  
2 214 0.0017 -0.0002 100.0 518.67 642.39 1588.17 1402.21 14.62 21.61 553.86 2388.09 9062.68 1.30 47.49 521.81 2388.13 8148.16 8.4428 0.03 390 2388 100.00 38.82 23.2857  
2 215 -0.0004 0.0005 100.0 518.67 642.97 1591.44 1411.63 14.62 21.61 553.75 2388.09 9071.14 1.30 47.57 521.02 2388.09 8141.90 8.4192 0.03 395 2388 100.00 38.72 23.1170  
2 216 -0.0021 0.0005 100.0 518.67 642.46 1583.46 1408.68 14.62 21.61 553.01 2388.08 9063.95 1.30 47.53 522.19 2388.06 8144.70 8.4520 0.03 393 2388 100.00 38.97 23.3221  
2 217 0.0023 0.0005 100.0 518.67 643.30 1585.11 1407.97 14.62 21.61 553.22 2388.10 9061.10 1.30 47.51 521.29 2388.08 8148.52 8.4982 0.03 392 2388 100.00 38.94 23.2658  
2 218 0.0033 -0.0002 100.0 518.67 642.91 1592.69 1412.70 14.62 21.61 553.09 2388.12 9070.12 1.30 47.56 521.70 2388.02 8146.85 8.4763 0.03 394 2388 100.00 38.87 23.2734  
2 219 0.0029 0.0001 100.0 518.67 642.88 1592.52 1412.91 14.62 21.61 553.28 2388.02 9074.41 1.30 47.71 521.74 2388.12 8147.72 8.4600 0.03 393 2388 100.00 38.78 23.3710  
2 220 -0.0036 -0.0002 100.0 518.67 642.87 1600.76 1406.68 14.62 21.61 552.92 2388.09 9068.44 1.30 47.54 520.77 2388.11 8148.15 8.4123 0.03 392 2388 100.00 38.86 23.3541  
2 221 0.0032 -0.0001 100.0 518.67 643.09 1586.57 1408.21 14.62 21.61 553.77 2388.12 9072.45 1.30 47.47 521.46 2388.11 8145.66 8.4446 0.03 394 2388 100.00 38.99 23.3309  
2 222 0.0010 0.0001 100.0 518.67 643.16 1590.78 1411.66 14.62 21.61 553.56 2388.10 9068.24 1.30 47.52 521.46 2388.10 8144.87 8.4414 0.03 393 2388 100.00 38.75 23.3147  
2 223 -0.0002 0.0003 100.0 518.67 643.06 1596.47 1406.28 14.62 21.61 553.91 2388.06 9068.95 1.30 47.62 520.84 2388.12 8152.25 8.4348 0.03 393 2388 100.00 38.84 23.2077  
2 224 -0.0010 0.0001 100.0 518.67 642.86 1592.47 1414.63 14.62 21.61 553.17 2388.13 9070.23 1.30 47.74 521.16 2388.12 8148.63 8.4495 0.03 394 2388 100.00 38.79 23.2336  
2 225 0.0014 -0.0000 100.0 518.67 642.68 1590.59 1409.87 14.62 21.61 553.96 2388.12 9069.70 1.30 47.67 521.33 2388.15 8150.97 8.4357 0.03 393 2388 100.00 38.75 23.2090  
2 226 -0.0018 0.0002 100.0 518.67 643.23 1601.02 1408.90 14.62 21.61 553.45 2388.05 9063.54 1.30 47.46 521.59 2388.11 8143.41 8.4744 0.03 394 2388 100.00 38.83 23.3575  
2 227 0.0014 0.0004 100.0 518.67 642.80 1587.46 1410.40 14.62 21.61 553.73 2388.11 9070.71 1.30 47.66 521.28 2388.09 8148.82 8.4472 0.03 393 2388 100.00 38.80 23.2895  
2 228 -0.0017 0.0001 100.0 518.67 642.67 1592.83 1406.88 14.62 21.61 553.35 2388.11 9069.67 1.30 47.46 521.18 2388.10 8152.87 8.4493 0.03 394 2388 100.00 38.72 23.2553  
2 229 0.0008 -0.0001 100.0 518.67 642.32 1593.83 1407.69 14.62 21.61 553.00 2388.13 9071.15 1.30 47.65 521.66 2388.11 8144.84 8.4447 0.03 393 2388 100.00 38.82 23.1824  
2 230 -0.0002 0.0004 100.0 518.67 642.68 1593.67 1412.71 14.62 21.61 553.43 2388.09 9077.18 1.30 47.69 520.94 2388.09 8148.90 8.4482 0.03 394 2388 100.00 38.71 23.2213  
2 231 -0.0004 -0.0001 100.0 518.67 642.99 1593.78 1404.68 14.62 21.61 552.61 2388.13 9071.48 1.30 47.64 521.73 2388.11 8144.02 8.4620 0.03 394 2388 100.00 38.81 23.2847  
2 232 0.0027 0.0004 100.0 518.67 642.98 1590.33 1411.66 14.62 21.61 553.53 2388.11 9070.67 1.30 47.56 520.90 2388.07 8151.93 8.4395 0.03 394 2388 100.00 38.70 23.2459  
2 233 -0.0023 -0.0004 100.0 518.67 642.96 1599.65 1413.34 14.62 21.61 553.49 2388.07 9070.71 1.30 47.66 521.63 2388.11 8146.92 8.4480 0.03 392 2388 100.00 38.63 23.3894  
2 234 -0.0022 -0.0002 100.0 518.67 643.49 1588.68 1412.07 14.62 21.61 553.31 2388.12 9070.14 1.30 47.58 521.42 2388.10 8150.84 8.4341 0.03 394 2388 100.00 38.87 23.2635  
2 235 0.0019 0.0002 100.0 518.67 642.63 1594.54 1406.42 14.62 21.61 552.42 2388.12 9073.86 1.30 47.85 521.66 2388.12 8149.47 8.4699 0.03 394 2388 100.00 38.82 23.2137  
2 236 -0.0044 0.0003 100.0 518.67 643.01 1598.16 1410.66 14.62 21.61 553.52 2388.15 9068.90 1.30 47.63 521.17 2388.11 8147.85 8.4679 0.03 394 2388 100.00 38.63 23.2750  
2 237 0.0027 0.0004 100.0 518.67 643.14 1593.05 1419.76 14.62 21.61 552.78 2388.11 9069.61 1.30 47.65 520.70 2388.12 8152.81 8.4742 0.03 394 2388 100.00 38.57 23.2618  
2 238 -0.0018 -0.0000 100.0 518.67 643.13 1599.64 1413.73 14.62 21.61 552.98 2388.11 9072.97 1.30 47.52 521.34 2388.12 8152.62 8.4681 0.03 394 2388 100.00 38.67 23.1829  
2 239 0.0026 -0.0003 100.0 518.67 642.73 1598.37 1417.49 14.62 21.61 553.05 2388.13 9072.08 1.30 47.83 520.66 2388.12 8143.53 8.4318 0.03 394 2388 100.00 38.68 23.2728  
2 240 -0.0017 -0.0002 100.0 518.67 642.61 1599.71 1406.54 14.62 21.61 553.18 2388.11 9077.79 1.30 47.66 521.18 2388.11 8152.44 8.4820 0.03 393 2388 100.00 38.76 23.3140  
2 241 -0.0026 0.0001 100.0 518.67 643.14 1598.65 1418.33 14.62 21.61 552.36 2388.16 9075.94 1.30 47.70 521.10 2388.13 8151.05 8.4423 0.03 396 2388 100.00 38.80 23.1703  
2 242 -0.0008 0.0004 100.0 518.67 643.77 1593.70 1408.71 14.62 21.61 553.07 2388.13 9078.67 1.30 47.54 521.60 2388.08 8155.17 8.4377 0.03 393 2388 100.00 38.78 23.2157  
2 243 0.0042 -0.0002 100.0 518.67 643.04 1593.98 1411.41 14.62 21.61 552.71 2388.09 9078.11 1.30 47.55 521.05 2388.06 8152.43 8.4661 0.03 395 2388 100.00 38.57 23.2729  
2 244 -0.0013 0.0005 100.0 518.67 642.88 1595.99 1413.04 14.62 21.61 552.68 2388.13 9072.86 1.30 47.71 520.60 2388.14 8156.27 8.4785 0.03 393 2388 100.00 38.57 23.3427  
2 245 -0.0016 0.0005 100.0 518.67 642.70 1590.93 1418.05 14.62 21.61 552.75 2388.15 9081.05 1.30 47.75 521.03 2388.12 8152.57 8.4748 0.03 395 2388 100.00 38.73 23.2067  
2 246 0.0001 0.0003 100.0 518.67 642.85 1589.74 1420.20 14.62 21.61 552.57 2388.12 9075.07 1.30 47.72 521.27 2388.11 8149.52 8.4702 0.03 396 2388 100.00 38.66 23.2700  
2 247 -0.0013 -0.0002 100.0 518.67 642.88 1601.20 1413.56 14.62 21.61 552.46 2388.10 9074.98 1.30 47.70 520.61 2388.14 8149.50 8.4745 0.03 394 2388 100.00 38.58 23.2229  
2 248 0.0048 0.0001 100.0 518.67 643.06 1599.41 1417.22 14.62 21.61 552.52 2388.08 9088.08 1.30 47.75 520.49 2388.12 8156.50 8.5015 0.03 392 2388 100.00 38.80 23.1900  
2 249 0.0013 -0.0004 100.0 518.67 643.79 1599.77 1419.19 14.62 21.61 551.56 2388.17 9076.61 1.30 47.66 520.70 2388.13 8153.91 8.4615 0.03 395 2388 100.00 38.88 23.2251  
2 250 -0.0029 0.0004 100.0 518.67 643.15 1598.28 1415.35 14.62 21.61 553.00 2388.16 9076.40 1.30 47.79 520.37 2388.07 8153.25 8.4495 0.03 394 2388 100.00 38.71 23.1868  
2 251 -0.0017 -0.0003 100.0 518.67 642.47 1598.68 1418.61 14.62 21.61 552.01 2388.16 9077.39 1.30 47.92 520.99 2388.10 8149.06 8.4670 0.03 394 2388 100.00 38.54 23.2506  
2 252 -0.0040 0.0004 100.0 518.67 642.83 1596.89 1422.69 14.62 21.61 552.51 2388.11 9077.59 1.30 47.70 519.98 2388.14 8155.19 8.4779 0.03 394 2388 100.00 38.50 23.2033  
2 253 0.0009 -0.0002 100.0 518.67 643.01 1596.43 1416.12 14.62 21.61 553.07 2388.14 9084.10 1.30 47.69 520.70 2388.12 8159.27 8.4662 0.03 394 2388 100.00 38.72 23.1700  
2 254 -0.0009 0.0005 100.0 518.67 643.31 1593.88 1423.55 14.62 21.61 551.99 2388.15 9084.75 1.30 47.95 520.83 2388.15 8157.22 8.4604 0.03 393 2388 100.00 38.78 23.1766  
2 255 0.0012 0.0006 100.0 518.67 643.48 1598.25 1412.73 14.62 21.61 553.26 2388.15 9082.41 1.30 47.67 520.85 2388.12 8156.91 8.4829 0.03 395 2388 100.00 38.67 23.2282  
2 256 -0.0044 0.0004 100.0 518.67 642.92 1598.83 1421.46 14.62 21.61 552.68 2388.12 9083.63 1.30 47.77 520.67 2388.12 8153.87 8.5297 0.03 395 2388 100.00 38.62 23.2518  
2 257 0.0000 -0.0002 100.0 518.67 643.06 1593.17 1426.94 14.62 21.61 552.19 2388.14 9086.82 1.30 48.02 520.95 2388.14 8158.12 8.4847 0.03 395 2388 100.00 38.64 23.2133  
2 258 0.0007 -0.0000 100.0 518.67 642.93 1599.77 1421.07 14.62 21.61 552.71 2388.11 9082.16 1.30 47.66 520.79 2388.18 8156.39 8.4796 0.03 394 2388 100.00 38.49 23.1194  
2 259 0.0006 -0.0003 100.0 518.67 642.78 1597.65 1416.63 14.62 21.61 552.58 2388.12 9088.69 1.30 47.91 520.52 2388.13 8153.52 8.5312 0.03 395 2388 100.00 38.48 23.1053  
2 260 0.0027 0.0001 100.0 518.67 642.94 1593.51 1419.41 14.62 21.61 552.02 2388.17 9078.61 1.30 47.94 520.54 2388.04 8158.73 8.4766 0.03 392 2388 100.00 38.44 23.1530  
2 261 -0.0009 0.0003 100.0 518.67 643.69 1594.00 1419.92 14.62 21.61 552.31 2388.09 9086.97 1.30 48.03 519.98 2388.13 8157.24 8.4775 0.03 393 2388 100.00 38.58 23.1426  
2 262 0.0068 -0.0002 100.0 518.67 643.05 1588.30 1418.20 14.62 21.61 553.01 2388.14 9079.59 1.30 47.82 520.68 2388.12 8157.10 8.4670 0.03 395 2388 100.00 38.40 23.1573  
2 263 -0.0023 0.0001 100.0 518.67 643.16 1592.32 1422.82 14.62 21.61 552.81 2388.20 9079.99 1.30 47.91 521.04 2388.14 8159.57 8.5205 0.03 395 2388 100.00 38.81 23.1446  
2 264 -0.0017 0.0005 100.0 518.67 643.47 1610.10 1424.48 14.62 21.61 552.17 2388.18 9086.82 1.30 48.07 520.47 2388.15 8154.78 8.5220 0.03 395 2388 100.00 38.67 23.2342  
2 265 -0.0035 0.0004 100.0 518.67 643.03 1593.48 1420.27 14.62 21.61 552.45 2388.18 9085.70 1.30 47.66 520.27 2388.12 8160.30 8.5185 0.03 395 2388 100.00 38.66 23.0402  
2 266 0.0020 -0.0001 100.0 518.67 643.14 1591.54 1422.54 14.62 21.61 551.84 2388.10 9083.55 1.30 47.84 520.52 2388.16 8158.06 8.4610 0.03 397 2388 100.00 38.51 23.1815  
2 267 -0.0000 0.0003 100.0 518.67 642.96 1602.23 1422.12 14.62 21.61 552.61 2388.11 9091.67 1.30 47.80 520.20 2388.15 8161.44 8.4596 0.03 395 2388 100.00 38.49 23.1591  
2 268 0.0006 -0.0000 100.0 518.67 643.10 1602.53 1419.61 14.62 21.61 552.10 2388.16 9085.07 1.30 47.96 520.93 2388.15 8161.33 8.5129 0.03 395 2388 100.00 38.55 23.1937  
2 269 -0.0002 -0.0002 100.0 518.67 643.11 1594.52 1419.23 14.62 21.61 551.28 2388.20 9086.70 1.30 48.09 519.74 2388.14 8159.05 8.5043 0.03 395 2388 100.00 38.71 22.9897  
2 270 0.0005 -0.0002 100.0 518.67 643.12 1604.32 1424.27 14.62 21.61 551.75 2388.20 9083.41 1.30 48.04 520.35 2388.12 8158.10 8.5204 0.03 395 2388 100.00 38.59 23.1713  
2 271 0.0001 0.0002 100.0 518.67 643.87 1607.43 1425.06 14.62 21.61 551.73 2388.22 9088.84 1.30 48.14 519.97 2388.21 8158.97 8.5014 0.03 395 2388 100.00 38.49 22.9721  
2 272 -0.0004 0.0001 100.0 518.67 643.27 1600.02 1426.70 14.62 21.61 552.44 2388.22 9085.04 1.30 47.96 520.56 2388.20 8155.61 8.5126 0.03 395 2388 100.00 38.48 23.1781  
2 273 -0.0036 -0.0003 100.0 518.67 643.71 1598.88 1418.55 14.62 21.61 552.47 2388.15 9094.09 1.30 47.88 519.72 2388.20 8163.69 8.5098 0.03 394 2388 100.00 38.53 23.1182  
2 274 -0.0000 0.0004 100.0 518.67 643.18 1598.98 1427.83 14.62 21.61 551.25 2388.20 9089.30 1.30 48.07 519.73 2388.18 8161.62 8.4880 0.03 396 2388 100.00 38.27 23.1046  
2 275 0.0010 0.0001 100.0 518.67 643.67 1595.30 1421.80 14.62 21.61 551.86 2388.21 9094.94 1.30 48.02 520.00 2388.17 8157.59 8.5136 0.03 396 2388 100.00 38.67 23.1980  
2 276 -0.0018 0.0004 100.0 518.67 643.82 1605.46 1429.66 14.62 21.61 551.43 2388.16 9087.19 1.30 47.98 520.09 2388.17 8163.22 8.5177 0.03 396 2388 100.00 38.41 23.0895  
2 277 0.0017 -0.0004 100.0 518.67 643.91 1601.47 1424.78 14.62 21.61 552.45 2388.22 9092.92 1.30 48.03 519.93 2388.17 8171.90 8.5206 0.03 395 2388 100.00 38.68 23.0609  
2 278 -0.0000 -0.0003 100.0 518.67 643.44 1597.61 1423.67 14.62 21.61 551.49 2388.19 9096.47 1.30 47.99 519.72 2388.24 8160.69 8.5285 0.03 396 2388 100.00 38.49 23.0702  
2 279 0.0006 0.0005 100.0 518.67 643.64 1594.80 1426.95 14.62 21.61 551.16 2388.19 9096.60 1.30 48.13 519.66 2388.26 8164.77 8.5237 0.03 395 2388 100.00 38.51 23.0460  
2 280 -0.0061 -0.0000 100.0 518.67 643.63 1594.21 1422.89 14.62 21.61 551.84 2388.24 9101.42 1.30 48.12 519.91 2388.21 8163.77 8.4889 0.03 396 2388 100.00 38.56 23.1462  
2 281 -0.0009 -0.0003 100.0 518.67 643.60 1598.25 1424.36 14.62 21.61 551.44 2388.18 9089.18 1.30 48.17 519.48 2388.15 8167.57 8.5377 0.03 398 2388 100.00 38.52 23.0385  
2 282 0.0012 -0.0000 100.0 518.67 643.94 1598.56 1426.87 14.62 21.61 552.29 2388.23 9092.20 1.30 48.27 520.05 2388.18 8168.43 8.5149 0.03 397 2388 100.00 38.44 23.0940  
2 283 0.0046 0.0002 100.0 518.67 643.78 1602.03 1429.67 14.62 21.61 551.46 2388.16 9084.13 1.30 48.21 520.07 2388.20 8174.85 8.5199 0.03 398 2388 100.00 38.42 23.0358  
2 284 -0.0006 0.0001 100.0 518.67 643.91 1601.35 1430.04 14.62 21.61 551.96 2388.22 9089.87 1.30 48.18 519.95 2388.21 8166.83 8.5291 0.03 395 2388 100.00 38.23 23.1196  
2 285 -0.0007 0.0004 100.0 518.67 643.67 1596.84 1431.17 14.62 21.61 550.85 2388.20 9098.67 1.30 48.27 519.91 2388.22 8164.83 8.5242 0.03 396 2388 100.00 38.39 23.1155  
2 286 -0.0010 -0.0003 100.0 518.67 643.44 1603.63 1429.57 14.62 21.61 551.61 2388.18 9102.01 1.30 48.14 519.51 2388.22 8169.97 8.4932 0.03 395 2388 100.00 38.33 23.0169  
2 287 -0.0005 0.0006 100.0 518.67 643.85 1608.50 1430.84 14.62 21.61 551.66 2388.20 9109.36 1.30 48.12 519.81 2388.21 8175.57 8.5365 0.03 398 2388 100.00 38.43 23.0848  
3 1 0.0008 0.0005 100.0 518.67 642.04 1584.20 1398.13 14.62 21.61 553.96 2388.06 9056.95 1.30 47.14 522.24 2388.00 8138.40 8.4207 0.03 391 2388 100.00 38.96 23.3205  
3 2 -0.0010 0.0000 100.0 518.67 642.66 1587.04 1398.62 14.62 21.61 554.76 2388.05 9059.67 1.30 47.35 522.03 2388.01 8137.38 8.3949 0.03 390 2388 100.00 39.07 23.4369  
3 3 0.0013 -0.0002 100.0 518.67 642.07 1580.75 1401.10 14.62 21.61 554.51 2388.03 9050.43 1.30 46.94 522.16 2388.01 8137.20 8.3820 0.03 393 2388 100.00 39.03 23.3162  
3 4 0.0008 -0.0002 100.0 518.67 642.50 1580.12 1395.76 14.62 21.61 554.48 2388.07 9060.43 1.30 47.44 522.31 2388.07 8139.35 8.3940 0.03 391 2388 100.00 38.94 23.4901  
3 5 0.0020 0.0004 100.0 518.67 641.97 1581.48 1394.05 14.62 21.61 554.14 2388.01 9054.36 1.30 47.16 522.00 2388.03 8135.99 8.4233 0.03 391 2388 100.00 38.90 23.4190  
3 6 -0.0010 -0.0003 100.0 518.67 642.65 1581.26 1397.98 14.62 21.61 554.86 2388.08 9048.62 1.30 47.12 522.58 2388.08 8137.99 8.4126 0.03 392 2388 100.00 39.04 23.4656  
3 7 -0.0018 -0.0003 100.0 518.67 642.62 1583.68 1405.76 14.62 21.61 554.29 2388.06 9051.91 1.30 47.26 522.08 2388.01 8141.85 8.4369 0.03 393 2388 100.00 39.03 23.4051  
3 8 0.0017 -0.0005 100.0 518.67 642.23 1581.60 1401.86 14.62 21.61 554.11 2388.00 9059.59 1.30 47.13 521.87 2388.06 8141.47 8.4197 0.03 392 2388 100.00 38.85 23.3564  
3 9 0.0000 0.0003 100.0 518.67 642.60 1581.04 1398.30 14.62 21.61 554.61 2387.99 9060.04 1.30 47.16 522.47 2388.09 8136.84 8.4151 0.03 392 2388 100.00 39.02 23.3873  
3 10 -0.0009 0.0003 100.0 518.67 642.72 1582.20 1400.07 14.62 21.61 554.28 2388.00 9053.42 1.30 47.22 522.40 2388.05 8130.42 8.4063 0.03 392 2388 100.00 38.96 23.3129  
3 11 -0.0009 0.0002 100.0 518.67 641.94 1591.43 1400.59 14.62 21.61 554.88 2388.03 9051.86 1.30 47.40 522.02 2388.01 8138.08 8.4237 0.03 391 2388 100.00 38.80 23.4161  
3 12 -0.0029 0.0003 100.0 518.67 642.61 1583.92 1404.93 14.62 21.61 553.45 2388.06 9049.23 1.30 47.17 522.07 2388.02 8141.09 8.3779 0.03 393 2388 100.00 38.90 23.3028  
3 13 0.0002 0.0003 100.0 518.67 642.63 1583.25 1403.52 14.62 21.61 555.25 2388.03 9057.09 1.30 47.25 522.26 2388.06 8138.75 8.3743 0.03 390 2388 100.00 39.16 23.3372  
3 14 0.0000 0.0004 100.0 518.67 642.16 1591.03 1396.35 14.62 21.61 554.31 2388.02 9056.59 1.30 47.27 521.69 2387.99 8141.57 8.4339 0.03 391 2388 100.00 38.90 23.3506  
3 15 -0.0015 0.0001 100.0 518.67 641.83 1585.29 1398.77 14.62 21.61 554.36 2388.05 9058.29 1.30 47.15 522.00 2388.06 8138.07 8.4311 0.03 390 2388 100.00 39.02 23.2825  
3 16 -0.0064 -0.0002 100.0 518.67 642.65 1589.05 1392.15 14.62 21.61 554.17 2388.05 9051.12 1.30 47.26 522.25 2387.97 8137.26 8.4147 0.03 391 2388 100.00 38.94 23.4078  
3 17 -0.0018 -0.0001 100.0 518.67 642.78 1588.94 1395.76 14.62 21.61 553.74 2388.00 9051.79 1.30 47.35 522.37 2387.99 8140.24 8.4018 0.03 393 2388 100.00 39.13 23.4031  
3 18 -0.0013 -0.0005 100.0 518.67 642.26 1584.36 1402.30 14.62 21.61 554.52 2388.00 9055.82 1.30 47.38 521.80 2388.05 8141.53 8.4244 0.03 390 2388 100.00 39.00 23.3709  
3 19 0.0029 -0.0004 100.0 518.67 642.05 1580.67 1402.82 14.62 21.61 553.99 2388.03 9051.22 1.30 47.23 522.18 2387.99 8144.32 8.4130 0.03 391 2388 100.00 39.12 23.4505  
3 20 -0.0020 -0.0002 100.0 518.67 642.25 1580.73 1394.57 14.62 21.61 554.54 2388.06 9047.08 1.30 47.10 522.29 2388.03 8135.13 8.3980 0.03 391 2388 100.00 38.93 23.3357  
3 21 -0.0006 0.0004 100.0 518.67 642.18 1586.78 1398.83 14.62 21.61 554.32 2388.02 9052.89 1.30 47.27 522.67 2387.98 8138.16 8.4302 0.03 392 2388 100.00 39.13 23.3923  
3 22 -0.0052 -0.0001 100.0 518.67 642.34 1589.55 1405.28 14.62 21.61 554.71 2388.06 9060.66 1.30 47.30 522.53 2388.02 8141.91 8.4320 0.03 392 2388 100.00 39.09 23.4213  
3 23 -0.0004 -0.0002 100.0 518.67 642.07 1585.20 1395.59 14.62 21.61 554.04 2387.99 9058.17 1.30 47.12 522.22 2388.05 8133.61 8.3839 0.03 392 2388 100.00 38.94 23.3791  
3 24 -0.0038 -0.0002 100.0 518.67 642.24 1585.08 1395.73 14.62 21.61 554.65 2388.05 9047.82 1.30 47.26 521.66 2388.05 8140.94 8.3768 0.03 391 2388 100.00 38.81 23.3903  
3 25 -0.0005 -0.0004 100.0 518.67 642.24 1579.40 1390.93 14.62 21.61 554.21 2388.05 9055.08 1.30 47.17 522.15 2387.98 8134.79 8.3845 0.03 391 2388 100.00 38.90 23.4004  
3 26 -0.0023 -0.0005 100.0 518.67 641.61 1586.92 1401.63 14.62 21.61 553.90 2388.04 9047.81 1.30 47.28 521.93 2388.05 8140.65 8.4062 0.03 391 2388 100.00 39.01 23.2767  
3 27 0.0010 0.0002 100.0 518.67 642.36 1581.83 1400.85 14.62 21.61 554.67 2388.03 9058.62 1.30 47.17 521.69 2388.04 8138.31 8.4095 0.03 392 2388 100.00 38.97 23.3769  
3 28 0.0001 -0.0000 100.0 518.67 641.48 1590.59 1400.68 14.62 21.61 553.51 2388.04 9054.91 1.30 47.22 522.27 2388.03 8131.13 8.3998 0.03 392 2388 100.00 38.91 23.4092  
3 29 0.0038 0.0004 100.0 518.67 642.01 1584.71 1396.05 14.62 21.61 554.94 2388.03 9056.29 1.30 47.24 522.15 2387.99 8135.88 8.4387 0.03 392 2388 100.00 39.15 23.3378  
3 30 0.0012 0.0004 100.0 518.67 642.21 1584.95 1398.10 14.62 21.61 554.05 2388.01 9051.75 1.30 47.23 522.35 2388.04 8140.32 8.3927 0.03 392 2388 100.00 39.01 23.3824  
3 31 0.0039 0.0001 100.0 518.67 642.33 1588.68 1393.95 14.62 21.61 553.06 2388.04 9056.38 1.30 47.33 521.92 2388.05 8143.37 8.3930 0.03 391 2388 100.00 38.98 23.3272  
3 32 0.0018 0.0002 100.0 518.67 642.55 1583.70 1400.58 14.62 21.61 554.32 2388.04 9052.73 1.30 47.30 522.11 2388.08 8135.67 8.3920 0.03 393 2388 100.00 39.10 23.3545  
3 33 0.0004 0.0002 100.0 518.67 641.82 1583.55 1403.93 14.62 21.61 554.27 2388.00 9055.13 1.30 47.31 522.10 2387.96 8134.74 8.4086 0.03 392 2388 100.00 38.98 23.4537  
3 34 -0.0014 0.0005 100.0 518.67 642.83 1584.17 1397.47 14.62 21.61 554.42 2388.01 9058.00 1.30 47.20 522.34 2388.05 8142.72 8.4035 0.03 393 2388 100.00 39.00 23.3728  
3 35 -0.0013 0.0001 100.0 518.67 642.08 1584.57 1396.92 14.62 21.61 554.10 2388.04 9058.14 1.30 47.26 522.19 2388.00 8136.27 8.3924 0.03 391 2388 100.00 39.03 23.3430  
3 36 -0.0018 0.0001 100.0 518.67 642.06 1580.96 1399.12 14.62 21.61 554.11 2388.05 9059.15 1.30 47.33 522.77 2388.05 8144.61 8.3794 0.03 393 2388 100.00 38.84 23.3414  
3 37 0.0058 0.0001 100.0 518.67 641.68 1582.96 1396.65 14.62 21.61 555.28 2388.02 9055.79 1.30 47.17 522.14 2388.05 8140.71 8.4142 0.03 394 2388 100.00 38.78 23.2711  
3 38 0.0006 0.0001 100.0 518.67 641.72 1577.99 1401.83 14.62 21.61 554.11 2388.09 9062.07 1.30 47.44 521.81 2388.05 8134.72 8.4094 0.03 393 2388 100.00 38.98 23.3501  
3 39 0.0011 0.0004 100.0 518.67 641.94 1580.42 1400.80 14.62 21.61 554.18 2388.05 9056.99 1.30 47.10 522.00 2388.08 8139.81 8.3738 0.03 392 2388 100.00 38.79 23.3514  
3 40 -0.0038 0.0001 100.0 518.67 641.97 1579.38 1403.24 14.62 21.61 553.75 2388.03 9056.52 1.30 47.09 521.84 2388.05 8131.57 8.3987 0.03 392 2388 100.00 39.09 23.4079  
3 41 0.0009 -0.0002 100.0 518.67 642.79 1586.38 1394.92 14.62 21.61 554.68 2388.02 9060.55 1.30 47.32 522.69 2388.07 8143.58 8.3682 0.03 392 2388 100.00 38.99 23.3774  
3 42 0.0027 -0.0003 100.0 518.67 642.61 1586.25 1404.49 14.62 21.60 554.31 2387.97 9058.97 1.30 47.31 522.02 2388.01 8140.13 8.3828 0.03 390 2388 100.00 39.11 23.4412  
3 43 0.0044 -0.0003 100.0 518.67 642.58 1587.90 1401.51 14.62 21.61 554.18 2388.00 9061.97 1.30 47.35 521.70 2388.06 8138.47 8.4397 0.03 392 2388 100.00 39.03 23.3024  
3 44 -0.0022 -0.0005 100.0 518.67 642.21 1586.83 1395.48 14.62 21.61 554.45 2388.00 9060.44 1.30 47.17 522.47 2388.03 8144.65 8.4259 0.03 391 2388 100.00 39.14 23.4480  
3 45 -0.0025 -0.0005 100.0 518.67 642.15 1582.99 1398.33 14.62 21.61 554.43 2388.04 9055.97 1.30 47.06 522.17 2388.06 8138.89 8.4342 0.03 392 2388 100.00 39.23 23.4284  
3 46 0.0015 0.0004 100.0 518.67 642.42 1590.25 1401.55 14.62 21.61 554.00 2388.05 9067.35 1.30 47.38 521.88 2388.03 8141.07 8.4024 0.03 392 2388 100.00 38.81 23.3352  
3 47 -0.0013 -0.0004 100.0 518.67 642.26 1587.55 1395.30 14.62 21.61 554.82 2388.04 9055.04 1.30 47.29 522.20 2388.02 8139.29 8.4134 0.03 393 2388 100.00 39.01 23.4428  
3 48 0.0002 0.0001 100.0 518.67 642.01 1587.21 1392.94 14.62 21.61 554.41 2388.05 9054.47 1.30 47.32 521.88 2387.95 8138.95 8.4199 0.03 392 2388 100.00 38.92 23.4060  
3 49 -0.0002 -0.0000 100.0 518.67 642.16 1583.53 1396.11 14.62 21.61 554.28 2388.03 9051.92 1.30 47.33 522.28 2388.05 8138.36 8.3716 0.03 392 2388 100.00 39.00 23.3813  
3 50 0.0012 -0.0004 100.0 518.67 642.51 1586.16 1402.64 14.62 21.61 553.87 2388.03 9056.79 1.30 47.27 522.07 2388.03 8140.55 8.4054 0.03 391 2388 100.00 39.02 23.4013  
3 51 0.0022 0.0001 100.0 518.67 642.39 1592.16 1401.05 14.62 21.61 554.15 2387.94 9054.50 1.30 47.14 522.18 2388.04 8135.10 8.4004 0.03 392 2388 100.00 39.02 23.3874  
3 52 0.0042 -0.0000 100.0 518.67 642.29 1582.66 1404.99 14.62 21.61 554.39 2387.99 9061.17 1.30 47.36 522.73 2388.07 8142.51 8.3954 0.03 392 2388 100.00 39.14 23.4006  
3 53 0.0032 0.0002 100.0 518.67 642.02 1588.04 1399.78 14.62 21.61 554.54 2388.06 9065.15 1.30 47.21 522.54 2388.03 8141.43 8.4046 0.03 391 2388 100.00 38.99 23.3824  
3 54 0.0003 0.0002 100.0 518.67 642.03 1585.66 1407.04 14.62 21.61 554.28 2388.04 9054.67 1.30 47.45 522.19 2388.05 8143.47 8.3958 0.03 391 2388 100.00 38.85 23.4086  
3 55 -0.0001 0.0002 100.0 518.67 642.41 1594.20 1399.08 14.62 21.61 554.34 2388.03 9058.13 1.30 47.22 522.09 2388.03 8141.34 8.4135 0.03 393 2388 100.00 38.90 23.4306  
3 56 -0.0001 -0.0002 100.0 518.67 642.73 1586.08 1403.97 14.62 21.61 554.47 2388.07 9057.83 1.30 47.14 522.08 2388.02 8136.63 8.4042 0.03 394 2388 100.00 39.10 23.4319  
3 57 0.0004 -0.0005 100.0 518.67 642.56 1581.97 1398.55 14.62 21.61 553.99 2388.06 9058.76 1.30 47.28 522.06 2388.09 8137.58 8.4128 0.03 392 2388 100.00 38.92 23.3660  
3 58 0.0040 -0.0005 100.0 518.67 642.52 1581.31 1403.99 14.62 21.61 553.58 2388.06 9055.97 1.30 47.35 521.85 2388.04 8130.67 8.4032 0.03 392 2388 100.00 38.88 23.3982  
3 59 0.0011 0.0002 100.0 518.67 642.31 1587.46 1397.56 14.62 21.61 553.88 2388.03 9056.23 1.30 47.22 522.85 2388.07 8142.01 8.4039 0.03 390 2388 100.00 39.15 23.3880  
3 60 0.0011 0.0003 100.0 518.67 641.80 1586.82 1405.66 14.62 21.61 553.34 2388.05 9051.65 1.30 47.47 522.23 2388.05 8136.68 8.4616 0.03 394 2388 100.00 38.94 23.2905  
3 61 -0.0006 0.0002 100.0 518.67 642.50 1585.50 1392.35 14.62 21.61 554.01 2388.07 9063.57 1.30 47.26 521.80 2388.06 8138.34 8.4046 0.03 393 2388 100.00 38.83 23.3697  
3 62 0.0009 0.0002 100.0 518.67 642.18 1591.50 1403.57 14.62 21.61 553.67 2388.07 9058.94 1.30 47.28 522.16 2388.04 8143.24 8.4170 0.03 393 2388 100.00 38.96 23.4182  
3 63 0.0018 0.0004 100.0 518.67 642.10 1583.42 1398.98 14.62 21.61 554.61 2388.07 9052.20 1.30 47.27 522.27 2388.03 8149.09 8.4241 0.03 393 2388 100.00 39.01 23.3903  
3 64 0.0004 0.0001 100.0 518.67 642.53 1590.04 1404.68 14.62 21.61 553.90 2388.04 9061.33 1.30 47.24 522.24 2388.07 8143.14 8.4227 0.03 393 2388 100.00 39.13 23.3791  
3 65 -0.0024 -0.0003 100.0 518.67 641.69 1586.21 1400.69 14.62 21.61 554.63 2388.03 9057.61 1.30 47.29 522.25 2387.98 8139.64 8.4379 0.03 392 2388 100.00 39.12 23.4958  
3 66 -0.0003 0.0000 100.0 518.67 642.25 1577.22 1397.90 14.62 21.61 553.79 2388.01 9059.80 1.30 47.31 522.15 2388.03 8141.08 8.4032 0.03 391 2388 100.00 38.92 23.4320  
3 67 -0.0040 -0.0005 100.0 518.67 642.00 1584.55 1403.87 14.62 21.61 553.84 2388.10 9060.70 1.30 47.29 521.81 2388.03 8139.27 8.4190 0.03 392 2388 100.00 39.04 23.4697  
3 68 0.0034 -0.0002 100.0 518.67 642.94 1587.27 1400.37 14.62 21.61 554.43 2388.04 9056.56 1.30 47.31 522.14 2387.99 8141.67 8.4005 0.03 392 2388 100.00 39.08 23.3725  
3 69 0.0051 -0.0001 100.0 518.67 642.05 1581.93 1404.20 14.62 21.61 555.14 2388.05 9061.76 1.30 47.24 521.69 2388.03 8139.20 8.4404 0.03 392 2388 100.00 39.07 23.3595  
3 70 -0.0011 0.0004 100.0 518.67 642.54 1587.02 1397.09 14.62 21.61 553.80 2387.99 9067.14 1.30 47.44 521.88 2387.97 8137.91 8.4183 0.03 392 2388 100.00 39.12 23.4527  
3 71 0.0002 0.0001 100.0 518.67 642.90 1579.41 1401.19 14.62 21.61 554.59 2388.10 9063.98 1.30 47.43 522.00 2388.07 8139.03 8.3895 0.03 392 2388 100.00 38.89 23.3944  
3 72 -0.0014 -0.0002 100.0 518.67 642.25 1590.21 1389.86 14.62 21.61 554.25 2388.06 9052.95 1.30 47.48 521.66 2388.03 8138.14 8.4042 0.03 392 2388 100.00 38.88 23.2930  
3 73 0.0009 0.0002 100.0 518.67 642.42 1585.01 1400.06 14.62 21.60 554.31 2388.07 9062.66 1.30 47.23 523.18 2388.04 8139.97 8.4060 0.03 392 2388 100.00 38.89 23.4922  
3 74 0.0023 -0.0001 100.0 518.67 642.75 1589.64 1405.76 14.62 21.61 554.40 2388.03 9060.23 1.30 47.14 521.78 2388.04 8142.13 8.4211 0.03 392 2388 100.00 38.93 23.3845  
3 75 -0.0007 -0.0002 100.0 518.67 642.25 1592.23 1406.98 14.62 21.61 553.73 2388.05 9059.09 1.30 47.25 522.24 2387.99 8144.98 8.4043 0.03 392 2388 100.00 39.10 23.4100  
3 76 -0.0032 -0.0001 100.0 518.67 642.52 1589.35 1405.34 14.62 21.61 553.91 2388.00 9062.69 1.30 47.35 522.25 2388.06 8140.33 8.3813 0.03 392 2388 100.00 38.95 23.4065  
3 77 -0.0001 0.0001 100.0 518.67 642.98 1584.13 1405.99 14.62 21.61 554.08 2388.02 9069.75 1.30 47.16 522.52 2388.06 8143.62 8.4375 0.03 393 2388 100.00 38.78 23.4131  
3 78 -0.0003 -0.0005 100.0 518.67 642.43 1579.52 1400.53 14.62 21.61 553.62 2388.06 9064.15 1.30 47.38 521.57 2388.09 8140.42 8.4174 0.03 390 2388 100.00 38.97 23.3301  
3 79 0.0006 0.0004 100.0 518.67 642.31 1582.40 1403.49 14.62 21.61 553.60 2388.03 9063.54 1.30 47.28 522.72 2388.00 8144.12 8.3840 0.03 393 2388 100.00 38.92 23.3451  
3 80 -0.0003 -0.0003 100.0 518.67 641.74 1580.95 1405.37 14.62 21.61 553.21 2388.03 9062.23 1.30 47.34 521.97 2387.99 8148.72 8.3935 0.03 392 2388 100.00 39.03 23.5181  
3 81 -0.0007 0.0002 100.0 518.67 642.55 1581.73 1402.65 14.62 21.61 553.88 2388.10 9056.00 1.30 47.46 521.34 2387.96 8144.95 8.4145 0.03 391 2388 100.00 38.86 23.3728  
3 82 -0.0030 -0.0003 100.0 518.67 642.24 1583.69 1400.40 14.62 21.61 553.70 2388.05 9071.16 1.30 47.22 522.16 2388.05 8148.16 8.4089 0.03 393 2388 100.00 38.87 23.3822  
3 83 -0.0007 -0.0004 100.0 518.67 642.27 1591.30 1398.73 14.62 21.61 553.79 2388.00 9062.92 1.30 47.51 522.02 2388.01 8143.80 8.3789 0.03 393 2388 100.00 39.00 23.4426  
3 84 -0.0031 0.0004 100.0 518.67 642.18 1593.32 1400.62 14.62 21.61 554.01 2388.03 9062.78 1.30 47.51 522.19 2388.06 8141.69 8.3901 0.03 392 2388 100.00 38.89 23.3873  
3 85 0.0043 -0.0001 100.0 518.67 641.95 1587.14 1414.11 14.62 21.61 554.09 2388.01 9067.15 1.30 47.25 521.84 2388.07 8144.64 8.3949 0.03 391 2388 100.00 38.87 23.3140  
3 86 -0.0018 0.0003 100.0 518.67 642.69 1586.09 1401.01 14.62 21.61 553.83 2387.99 9067.61 1.30 47.37 522.19 2388.06 8145.65 8.4188 0.03 393 2388 100.00 39.03 23.3333  
3 87 -0.0005 0.0000 100.0 518.67 642.32 1588.25 1402.17 14.62 21.61 554.11 2388.01 9063.48 1.30 47.32 522.10 2388.02 8145.39 8.3939 0.03 391 2388 100.00 39.01 23.3373  
3 88 0.0031 -0.0000 100.0 518.67 642.27 1585.90 1400.09 14.62 21.61 553.59 2388.02 9067.17 1.30 47.33 521.90 2388.01 8146.69 8.4078 0.03 393 2388 100.00 39.04 23.2656  
3 89 0.0006 0.0004 100.0 518.67 642.33 1582.29 1404.14 14.62 21.61 555.01 2388.05 9066.64 1.30 47.39 521.93 2388.02 8146.55 8.4044 0.03 394 2388 100.00 38.81 23.3864  
3 90 -0.0008 -0.0002 100.0 518.67 642.36 1597.84 1406.26 14.62 21.61 554.58 2388.06 9068.61 1.30 47.40 521.92 2388.08 8146.94 8.3972 0.03 393 2388 100.00 38.81 23.2711  
3 91 0.0051 -0.0004 100.0 518.67 641.99 1582.81 1399.50 14.62 21.61 553.72 2388.03 9058.01 1.30 47.38 521.83 2388.01 8139.12 8.4327 0.03 393 2388 100.00 38.95 23.3909  
3 92 0.0022 -0.0004 100.0 518.67 642.29 1590.07 1400.27 14.62 21.61 553.50 2387.99 9066.58 1.30 47.39 521.96 2387.97 8152.49 8.3730 0.03 391 2388 100.00 38.87 23.4344  
3 93 0.0002 -0.0001 100.0 518.67 642.10 1593.66 1409.21 14.62 21.61 553.83 2387.99 9070.02 1.30 47.43 521.60 2388.09 8146.23 8.4032 0.03 392 2388 100.00 39.21 23.2352  
3 94 0.0023 0.0005 100.0 518.67 642.58 1588.90 1401.08 14.62 21.60 554.76 2388.00 9069.01 1.30 47.48 521.94 2388.01 8147.33 8.4166 0.03 392 2388 100.00 39.00 23.4437  
3 95 -0.0006 -0.0001 100.0 518.67 642.37 1585.69 1406.13 14.62 21.61 554.41 2388.09 9063.16 1.30 47.32 521.79 2388.05 8146.34 8.4012 0.03 392 2388 100.00 38.89 23.4594  
3 96 -0.0003 0.0001 100.0 518.67 642.89 1582.86 1400.62 14.62 21.61 554.08 2388.00 9065.97 1.30 47.31 521.48 2388.00 8146.97 8.4333 0.03 393 2388 100.00 38.87 23.3780  
3 97 0.0008 -0.0005 100.0 518.67 642.94 1587.51 1408.05 14.62 21.61 554.13 2388.05 9066.74 1.30 47.41 522.71 2388.05 8152.99 8.4313 0.03 393 2388 100.00 38.79 23.3339  
3 98 0.0006 -0.0004 100.0 518.67 642.40 1586.19 1403.62 14.62 21.61 553.85 2388.03 9066.24 1.30 47.35 521.93 2388.06 8148.92 8.4405 0.03 392 2388 100.00 38.96 23.2921  
3 99 0.0005 -0.0001 100.0 518.67 642.67 1589.42 1398.72 14.62 21.61 553.82 2388.00 9067.95 1.30 47.37 522.06 2388.06 8147.73 8.4388 0.03 392 2388 100.00 38.91 23.3834  
3 100 0.0008 -0.0004 100.0 518.67 642.29 1579.98 1404.16 14.62 21.61 554.94 2388.01 9071.46 1.30 47.30 522.01 2388.05 8148.27 8.4212 0.03 390 2388 100.00 38.88 23.3073  
3 101 0.0002 -0.0003 100.0 518.67 642.24 1587.77 1405.55 14.62 21.61 554.34 2388.03 9067.93 1.30 47.42 522.60 2388.07 8146.15 8.4112 0.03 392 2388 100.00 38.75 23.3883  
3 102 0.0003 0.0000 100.0 518.67 642.63 1579.35 1408.84 14.62 21.61 553.87 2388.04 9068.94 1.30 47.39 521.95 2388.03 8154.61 8.3913 0.03 392 2388 100.00 38.97 23.3669  
3 103 0.0003 -0.0003 100.0 518.67 642.28 1585.62 1395.40 14.62 21.61 553.38 2388.05 9075.57 1.30 47.48 522.05 2388.03 8154.38 8.4025 0.03 391 2388 100.00 38.96 23.3251  
3 104 0.0051 0.0000 100.0 518.67 642.46 1586.74 1403.37 14.62 21.61 554.63 2388.05 9070.59 1.30 47.44 521.66 2388.04 8146.65 8.4345 0.03 393 2388 100.00 38.93 23.2958  
3 105 -0.0022 0.0004 100.0 518.67 641.85 1591.89 1397.73 14.62 21.61 553.69 2388.08 9062.39 1.30 47.32 521.73 2388.04 8145.37 8.4312 0.03 392 2388 100.00 38.93 23.3210  
3 106 -0.0014 -0.0001 100.0 518.67 642.51 1586.44 1405.62 14.62 21.61 554.31 2388.04 9074.76 1.30 47.32 522.11 2388.04 8157.87 8.4098 0.03 392 2388 100.00 38.93 23.3755  
3 107 0.0004 0.0003 100.0 518.67 642.36 1586.96 1410.67 14.62 21.61 553.57 2388.07 9071.53 1.30 47.45 521.79 2388.04 8146.39 8.4326 0.03 392 2388 100.00 38.89 23.3666  
3 108 -0.0005 -0.0002 100.0 518.67 642.98 1583.29 1405.94 14.62 21.61 553.52 2388.08 9068.90 1.30 47.25 521.48 2388.05 8147.90 8.4371 0.03 392 2388 100.00 38.89 23.4032  
3 109 -0.0006 -0.0003 100.0 518.67 642.48 1588.21 1402.77 14.62 21.60 554.91 2388.05 9073.77 1.30 47.32 521.59 2388.05 8149.98 8.4285 0.03 392 2388 100.00 38.90 23.2637  
3 110 -0.0008 0.0001 100.0 518.67 642.92 1592.41 1403.14 14.62 21.61 554.15 2388.04 9075.03 1.30 47.41 521.46 2388.05 8150.96 8.4157 0.03 393 2388 100.00 38.88 23.2577  
3 111 0.0010 -0.0005 100.0 518.67 642.25 1583.83 1401.73 14.62 21.61 553.74 2388.04 9070.35 1.30 47.41 522.09 2387.99 8152.99 8.4242 0.03 394 2388 100.00 38.77 23.3791  
3 112 -0.0007 0.0002 100.0 518.67 642.65 1584.14 1400.61 14.62 21.61 553.64 2388.03 9067.74 1.30 47.41 521.35 2388.03 8155.89 8.4176 0.03 393 2388 100.00 39.00 23.3140  
3 113 0.0029 -0.0000 100.0 518.67 642.50 1590.74 1408.52 14.62 21.61 554.00 2388.05 9071.48 1.30 47.41 522.28 2388.05 8152.76 8.4318 0.03 393 2388 100.00 38.95 23.3993  
3 114 0.0019 -0.0005 100.0 518.67 642.46 1588.40 1407.81 14.62 21.61 554.04 2388.04 9076.18 1.30 47.18 521.68 2388.02 8154.99 8.4222 0.03 392 2388 100.00 38.78 23.3687  
3 115 -0.0010 0.0001 100.0 518.67 642.22 1588.97 1400.56 14.62 21.61 553.54 2388.02 9076.34 1.30 47.53 521.60 2388.08 8152.31 8.4566 0.03 393 2388 100.00 39.01 23.3428  
3 116 0.0008 0.0002 100.0 518.67 642.62 1591.56 1407.84 14.62 21.61 553.54 2388.06 9068.22 1.30 47.36 521.91 2387.99 8145.08 8.4083 0.03 392 2388 100.00 38.77 23.4147  
3 117 0.0012 0.0001 100.0 518.67 642.76 1587.74 1402.28 14.62 21.61 553.84 2388.05 9086.93 1.30 47.48 521.74 2388.04 8152.14 8.4230 0.03 391 2388 100.00 38.84 23.4284  
3 118 0.0004 0.0000 100.0 518.67 642.26 1590.05 1408.53 14.62 21.61 553.52 2388.03 9076.02 1.30 47.44 522.37 2388.05 8152.00 8.4675 0.03 392 2388 100.00 38.92 23.2813  
3 119 0.0022 -0.0002 100.0 518.67 642.00 1588.10 1398.22 14.62 21.61 553.47 2388.05 9075.77 1.30 47.53 521.72 2388.05 8157.34 8.4442 0.03 393 2388 100.00 38.85 23.2826  
3 120 -0.0012 0.0005 100.0 518.67 642.60 1585.58 1408.79 14.62 21.61 553.63 2388.06 9075.42 1.30 47.35 521.47 2388.03 8161.18 8.4458 0.03 391 2388 100.00 38.83 23.3816  
3 121 -0.0036 -0.0003 100.0 518.67 642.27 1585.86 1413.79 14.62 21.61 553.75 2388.03 9082.50 1.30 47.48 521.77 2388.01 8162.35 8.4103 0.03 392 2388 100.00 38.92 23.2834  
3 122 0.0011 -0.0002 100.0 518.67 642.72 1586.83 1406.06 14.62 21.61 553.77 2388.02 9084.14 1.30 47.43 521.94 2388.05 8160.58 8.4130 0.03 393 2388 100.00 38.72 23.2005  
3 123 -0.0009 0.0001 100.0 518.67 642.49 1594.72 1408.04 14.62 21.61 554.28 2388.04 9079.55 1.30 47.56 522.27 2388.03 8164.19 8.4506 0.03 394 2388 100.00 39.00 23.4000  
3 124 -0.0048 -0.0003 100.0 518.67 642.00 1588.41 1405.29 14.62 21.61 553.12 2388.04 9083.78 1.30 47.31 521.32 2388.10 8161.91 8.4264 0.03 394 2388 100.00 39.09 23.3056  
3 125 -0.0007 0.0002 100.0 518.67 642.82 1580.50 1405.04 14.62 21.61 553.25 2388.01 9081.30 1.30 47.34 521.86 2388.06 8161.30 8.4640 0.03 394 2388 100.00 38.80 23.2509  
3 126 0.0013 0.0004 100.0 518.67 642.76 1583.13 1409.96 14.62 21.61 554.41 2388.02 9076.07 1.30 47.41 521.56 2388.11 8156.20 8.4597 0.03 394 2388 100.00 38.90 23.2845  
3 127 0.0029 0.0001 100.0 518.67 642.67 1593.61 1395.95 14.62 21.61 554.01 2388.05 9088.03 1.30 47.54 521.42 2388.09 8164.96 8.4370 0.03 392 2388 100.00 38.91 23.2823  
3 128 -0.0008 -0.0003 100.0 518.67 642.22 1592.24 1409.32 14.62 21.61 553.67 2388.02 9084.04 1.30 47.55 522.15 2388.07 8169.19 8.4587 0.03 394 2388 100.00 38.89 23.3247  
3 129 0.0003 0.0005 100.0 518.67 643.10 1597.50 1405.91 14.62 21.61 553.56 2388.07 9091.26 1.30 47.33 522.43 2388.04 8163.03 8.4300 0.03 393 2388 100.00 38.87 23.2454  
3 130 -0.0006 0.0000 100.0 518.67 642.57 1584.08 1410.11 14.62 21.61 553.51 2388.10 9089.67 1.30 47.53 521.55 2388.09 8168.38 8.4656 0.03 392 2388 100.00 38.85 23.3220  
3 131 -0.0042 0.0002 100.0 518.67 642.50 1589.91 1406.13 14.62 21.61 553.70 2388.09 9085.91 1.30 47.44 521.22 2388.02 8166.86 8.4311 0.03 394 2388 100.00 38.77 23.2491  
3 132 -0.0013 -0.0001 100.0 518.67 642.35 1592.88 1408.51 14.62 21.61 553.00 2388.07 9095.25 1.30 47.57 521.22 2388.03 8166.40 8.4631 0.03 394 2388 100.00 38.82 23.3883  
3 133 -0.0010 -0.0003 100.0 518.67 642.62 1589.14 1409.48 14.62 21.61 553.52 2388.01 9089.42 1.30 47.47 521.44 2388.00 8167.34 8.4447 0.03 394 2388 100.00 38.75 23.3143  
3 134 0.0005 -0.0005 100.0 518.67 642.45 1586.99 1406.61 14.62 21.61 554.21 2388.05 9091.09 1.30 47.64 521.60 2388.07 8169.28 8.4601 0.03 393 2388 100.00 38.84 23.2080  
3 135 0.0012 -0.0000 100.0 518.67 642.52 1588.65 1407.50 14.62 21.61 553.69 2387.99 9089.64 1.30 47.54 521.63 2388.06 8163.38 8.4512 0.03 393 2388 100.00 38.79 23.3407  
3 136 0.0015 -0.0001 100.0 518.67 642.60 1592.25 1405.41 14.62 21.61 553.83 2388.08 9097.15 1.30 47.60 521.37 2388.09 8166.47 8.4234 0.03 395 2388 100.00 38.66 23.2720  
3 137 -0.0039 0.0004 100.0 518.67 642.75 1589.57 1409.77 14.62 21.61 554.36 2388.08 9097.80 1.30 47.33 521.66 2388.03 8173.71 8.4339 0.03 394 2388 100.00 38.74 23.2440  
3 138 0.0013 -0.0000 100.0 518.67 642.30 1599.56 1407.30 14.62 21.61 553.57 2388.01 9097.97 1.30 47.52 521.91 2388.05 8166.72 8.4614 0.03 393 2388 100.00 38.88 23.2957  
3 139 -0.0022 0.0005 100.0 518.67 643.08 1594.87 1415.14 14.62 21.61 553.81 2388.08 9089.36 1.30 47.53 521.71 2388.07 8173.47 8.4823 0.03 393 2388 100.00 38.86 23.3022  
3 140 -0.0009 0.0002 100.0 518.67 642.87 1589.67 1414.46 14.62 21.61 553.12 2388.04 9089.20 1.30 47.39 521.33 2388.00 8175.90 8.4544 0.03 394 2388 100.00 38.89 23.2051  
3 141 0.0025 0.0003 100.0 518.67 643.08 1584.87 1412.02 14.62 21.61 553.08 2388.11 9098.70 1.30 47.66 521.70 2388.04 8177.50 8.4394 0.03 394 2388 100.00 38.77 23.2201  
3 142 -0.0012 0.0003 100.0 518.67 643.03 1587.35 1413.05 14.62 21.61 552.85 2388.02 9098.87 1.30 47.69 521.23 2388.06 8177.01 8.4786 0.03 394 2388 100.00 38.91 23.3298  
3 143 0.0012 0.0004 100.0 518.67 642.48 1594.94 1402.45 14.62 21.61 553.00 2388.05 9101.30 1.30 47.56 521.36 2388.08 8177.99 8.4217 0.03 394 2388 100.00 38.73 23.3126  
3 144 0.0040 -0.0001 100.0 518.67 642.48 1593.19 1416.18 14.62 21.61 552.94 2388.06 9101.55 1.30 47.49 521.33 2388.07 8179.98 8.4587 0.03 391 2388 100.00 38.71 23.2089  
3 145 -0.0022 -0.0003 100.0 518.67 642.65 1591.66 1403.51 14.62 21.61 553.55 2388.06 9105.53 1.30 47.47 521.27 2388.03 8179.92 8.4219 0.03 394 2388 100.00 38.88 23.2711  
3 146 0.0017 0.0004 100.0 518.67 643.71 1589.20 1413.64 14.62 21.61 553.85 2388.07 9109.59 1.30 47.43 521.16 2388.03 8183.78 8.4580 0.03 393 2388 100.00 38.74 23.3310  
3 147 0.0023 0.0001 100.0 518.67 643.07 1590.59 1411.55 14.62 21.61 553.79 2388.09 9109.19 1.30 47.62 521.37 2388.02 8183.29 8.4965 0.03 396 2388 100.00 38.92 23.3225  
3 148 -0.0013 0.0003 100.0 518.67 642.69 1589.28 1421.05 14.62 21.61 553.37 2388.05 9112.94 1.30 47.50 521.10 2388.09 8177.05 8.4426 0.03 394 2388 100.00 38.77 23.2463  
3 149 0.0014 -0.0000 100.0 518.67 643.26 1594.66 1414.51 14.62 21.61 552.71 2388.09 9113.80 1.30 47.64 521.18 2388.06 8183.53 8.4499 0.03 394 2388 100.00 38.80 23.3094  
3 150 0.0002 -0.0003 100.0 518.67 643.08 1591.34 1407.58 14.62 21.61 553.35 2388.04 9108.76 1.30 47.78 521.77 2388.12 8185.67 8.4995 0.03 393 2388 100.00 38.84 23.2518  
3 151 0.0009 -0.0000 100.0 518.67 643.04 1594.47 1420.87 14.62 21.61 552.82 2388.05 9117.82 1.30 47.61 521.26 2388.04 8192.20 8.4420 0.03 393 2388 100.00 38.74 23.2479  
3 152 -0.0020 -0.0003 100.0 518.67 643.34 1599.53 1411.65 14.62 21.61 553.59 2388.06 9116.10 1.30 47.66 520.99 2388.02 8186.26 8.4818 0.03 395 2388 100.00 38.86 23.3026  
3 153 -0.0010 0.0004 100.0 518.67 642.89 1594.75 1416.95 14.62 21.61 553.63 2388.08 9114.32 1.30 47.63 521.06 2388.14 8191.86 8.4479 0.03 395 2388 100.00 38.72 23.1607  
3 154 0.0021 -0.0001 100.0 518.67 643.15 1599.04 1414.53 14.62 21.61 553.26 2388.03 9123.01 1.30 47.63 521.48 2388.00 8191.96 8.4483 0.03 393 2388 100.00 38.63 23.1781  
3 155 0.0006 0.0002 100.0 518.67 642.83 1588.51 1413.92 14.62 21.61 553.47 2388.05 9130.48 1.30 47.69 521.28 2388.01 8193.56 8.4620 0.03 395 2388 100.00 38.71 23.2262  
3 156 -0.0002 -0.0003 100.0 518.67 643.52 1597.30 1411.91 14.62 21.61 553.03 2388.09 9121.93 1.30 47.67 521.10 2388.04 8196.33 8.4749 0.03 396 2388 100.00 38.70 23.1933  
3 157 -0.0006 0.0004 100.0 518.67 642.84 1599.31 1414.01 14.62 21.61 552.54 2388.11 9126.88 1.30 47.82 521.11 2388.07 8195.97 8.4683 0.03 395 2388 100.00 38.60 23.0792  
3 158 -0.0003 -0.0003 100.0 518.67 643.19 1593.16 1421.83 14.62 21.61 553.21 2388.10 9134.44 1.30 47.74 521.26 2388.07 8204.20 8.4977 0.03 394 2388 100.00 38.56 23.1803  
3 159 -0.0005 -0.0004 100.0 518.67 642.71 1597.80 1415.20 14.62 21.61 553.19 2388.11 9127.25 1.30 47.72 521.08 2388.04 8198.23 8.4882 0.03 394 2388 100.00 38.60 23.1906  
3 160 0.0058 0.0002 100.0 518.67 642.48 1595.61 1415.88 14.62 21.61 553.16 2388.10 9131.44 1.30 47.76 521.16 2388.13 8203.54 8.4458 0.03 393 2388 100.00 38.69 23.2144  
3 161 -0.0015 -0.0001 100.0 518.67 643.60 1594.41 1416.40 14.62 21.61 552.82 2388.06 9146.21 1.30 47.68 520.48 2388.09 8202.48 8.4779 0.03 394 2388 100.00 38.62 23.1900  
3 162 0.0022 0.0002 100.0 518.67 643.11 1594.78 1420.33 14.62 21.61 552.97 2388.12 9134.86 1.30 47.89 521.51 2388.04 8204.85 8.4726 0.03 393 2388 100.00 38.67 23.0617  
3 163 -0.0016 0.0000 100.0 518.67 643.00 1597.51 1422.22 14.62 21.61 553.11 2388.13 9142.78 1.30 47.58 521.34 2388.13 8209.22 8.4766 0.03 394 2388 100.00 38.64 23.1448  
3 164 0.0007 -0.0003 100.0 518.67 643.09 1601.99 1416.56 14.62 21.61 552.81 2388.09 9143.64 1.30 47.81 520.78 2388.06 8209.00 8.5019 0.03 395 2388 100.00 38.74 23.0846  
3 165 -0.0005 -0.0001 100.0 518.67 642.96 1601.94 1416.31 14.62 21.61 552.94 2388.09 9150.46 1.30 47.97 521.10 2388.09 8215.68 8.4846 0.03 396 2388 100.00 38.69 23.1230  
3 166 0.0030 -0.0002 100.0 518.67 642.90 1598.82 1419.27 14.62 21.61 552.56 2388.04 9153.66 1.30 47.79 520.98 2388.08 8218.07 8.5133 0.03 395 2388 100.00 38.52 23.1578  
3 167 0.0027 0.0004 100.0 518.67 643.38 1605.41 1415.96 14.62 21.61 551.95 2388.17 9149.93 1.30 47.97 520.47 2388.11 8223.46 8.4815 0.03 396 2388 100.00 38.68 23.1470  
3 168 -0.0012 0.0002 100.0 518.67 643.46 1593.72 1422.59 14.62 21.61 552.04 2388.11 9154.65 1.30 47.93 520.75 2388.10 8221.68 8.5141 0.03 395 2388 100.00 38.49 23.2036  
3 169 0.0016 -0.0001 100.0 518.67 643.55 1602.90 1424.39 14.62 21.61 552.76 2388.13 9157.05 1.30 47.90 520.19 2388.14 8230.54 8.4936 0.03 395 2388 100.00 38.52 23.1723  
3 170 -0.0015 -0.0003 100.0 518.67 643.35 1606.10 1428.52 14.62 21.61 553.34 2388.12 9159.30 1.30 48.14 520.62 2388.13 8230.71 8.4758 0.03 395 2388 100.00 38.48 23.1829  
3 171 -0.0011 -0.0003 100.0 518.67 643.36 1603.48 1419.33 14.62 21.61 551.57 2388.16 9170.51 1.30 47.91 520.75 2388.15 8233.24 8.5011 0.03 395 2388 100.00 38.70 23.1225  
3 172 -0.0017 -0.0004 100.0 518.67 643.62 1597.73 1426.38 14.62 21.61 552.89 2388.08 9168.78 1.30 47.64 520.25 2388.06 8235.35 8.5219 0.03 396 2388 100.00 38.85 23.2086  
3 173 0.0028 -0.0002 100.0 518.67 643.64 1604.78 1417.29 14.62 21.61 552.16 2388.14 9174.85 1.30 48.16 520.70 2388.11 8234.40 8.4763 0.03 394 2388 100.00 38.51 23.1498  
3 174 0.0034 -0.0005 100.0 518.67 643.46 1602.86 1424.79 14.62 21.61 552.29 2388.13 9179.87 1.30 47.84 520.02 2388.14 8234.96 8.5363 0.03 396 2388 100.00 38.53 23.0144  
3 175 -0.0030 0.0004 100.0 518.67 643.15 1603.74 1424.17 14.62 21.61 551.47 2388.06 9172.76 1.30 48.12 520.34 2388.14 8238.86 8.5066 0.03 396 2388 100.00 38.49 22.9909  
3 176 -0.0008 0.0002 100.0 518.67 643.93 1595.61 1438.51 14.62 21.61 551.93 2388.18 9185.88 1.30 47.98 520.91 2388.12 8251.82 8.5245 0.03 396 2388 100.00 38.49 23.0656  
3 177 -0.0041 -0.0002 100.0 518.67 643.68 1601.21 1423.50 14.62 21.61 552.17 2388.13 9191.53 1.30 48.10 520.19 2388.16 8249.86 8.5286 0.03 397 2388 100.00 38.37 23.0336  
3 178 -0.0010 0.0001 100.0 518.67 643.66 1606.50 1430.55 14.62 21.61 551.31 2388.19 9193.98 1.30 48.38 520.14 2388.12 8253.84 8.5351 0.03 399 2388 100.00 38.57 23.1323  
3 179 0.0012 0.0000 100.0 518.67 643.51 1604.80 1428.23 14.62 21.61 551.91 2388.14 9197.52 1.30 48.09 519.53 2388.20 8255.34 8.5056 0.03 398 2388 100.00 38.40 22.9562  
4 1 0.0025 0.0005 100.0 518.67 642.60 1585.40 1402.85 14.62 21.61 553.97 2388.06 9051.10 1.30 47.29 521.94 2388.07 8131.50 8.4200 0.03 393 2388 100.00 39.04 23.3814  
4 2 0.0002 -0.0004 100.0 518.67 642.45 1583.54 1410.36 14.62 21.61 554.62 2388.06 9048.41 1.30 47.35 521.70 2388.04 8129.53 8.3999 0.03 391 2388 100.00 39.02 23.4437  
4 3 -0.0025 -0.0000 100.0 518.67 642.16 1586.59 1398.65 14.62 21.61 553.52 2388.08 9052.57 1.30 47.40 521.35 2388.09 8131.24 8.4150 0.03 391 2388 100.00 38.96 23.3314  
4 4 0.0024 -0.0003 100.0 518.67 642.73 1583.96 1400.32 14.62 21.61 553.58 2388.08 9047.70 1.30 47.39 522.00 2388.01 8132.90 8.4309 0.03 392 2388 100.00 38.87 23.4338  
4 5 0.0012 -0.0002 100.0 518.67 642.11 1590.62 1399.42 14.62 21.61 552.91 2388.10 9046.98 1.30 47.26 521.35 2388.11 8126.94 8.4164 0.03 393 2388 100.00 38.91 23.2896  
4 6 0.0023 0.0005 100.0 518.67 642.46 1588.76 1407.78 14.62 21.61 553.12 2388.04 9048.78 1.30 47.18 521.90 2388.09 8136.69 8.4313 0.03 392 2388 100.00 38.94 23.3491  
4 7 -0.0020 0.0002 100.0 518.67 642.26 1586.91 1404.44 14.62 21.61 554.42 2388.06 9053.53 1.30 47.45 521.96 2388.08 8130.68 8.4372 0.03 393 2388 100.00 38.87 23.4134  
4 8 0.0014 -0.0004 100.0 518.67 641.97 1584.18 1406.22 14.62 21.61 553.93 2388.05 9048.79 1.30 47.24 521.77 2388.06 8134.30 8.4169 0.03 393 2388 100.00 38.91 23.4044  
4 9 0.0059 0.0005 100.0 518.67 642.59 1584.78 1403.51 14.62 21.61 553.78 2388.06 9051.30 1.30 47.43 522.23 2388.00 8132.18 8.3880 0.03 393 2388 100.00 38.88 23.3179  
4 10 0.0006 -0.0003 100.0 518.67 642.78 1586.00 1400.12 14.62 21.61 553.54 2388.06 9050.49 1.30 47.50 521.54 2388.09 8131.50 8.4233 0.03 392 2388 100.00 38.94 23.3154  
4 11 0.0034 0.0003 100.0 518.67 642.21 1588.75 1395.79 14.62 21.61 553.58 2388.07 9049.29 1.30 47.31 522.35 2388.06 8130.08 8.4134 0.03 394 2388 100.00 39.21 23.4153  
4 12 0.0014 -0.0001 100.0 518.67 642.63 1584.33 1403.67 14.62 21.61 554.39 2388.09 9053.08 1.30 47.35 521.77 2388.05 8129.83 8.4208 0.03 394 2388 100.00 38.93 23.2962  
4 13 -0.0018 0.0005 100.0 518.67 642.24 1587.74 1395.23 14.62 21.61 553.50 2388.06 9053.94 1.30 47.29 521.78 2388.06 8127.22 8.4330 0.03 392 2388 100.00 38.87 23.3162  
4 14 -0.0019 0.0005 100.0 518.67 642.62 1583.38 1407.62 14.62 21.61 553.65 2388.05 9045.65 1.30 47.49 521.91 2388.07 8134.10 8.4236 0.03 393 2388 100.00 38.92 23.4073  
4 15 -0.0021 -0.0001 100.0 518.67 642.47 1592.08 1401.13 14.62 21.61 554.70 2388.03 9050.65 1.30 47.35 521.98 2388.05 8132.16 8.4369 0.03 392 2388 100.00 38.91 23.3439  
4 16 0.0014 -0.0001 100.0 518.67 642.17 1585.39 1409.84 14.62 21.61 554.72 2388.09 9049.49 1.30 47.30 521.66 2388.08 8125.32 8.4203 0.03 393 2388 100.00 39.04 23.3130  
4 17 0.0014 0.0004 100.0 518.67 642.06 1587.82 1406.43 14.62 21.61 553.57 2388.10 9050.63 1.30 47.39 522.35 2388.06 8129.65 8.4309 0.03 392 2388 100.00 38.95 23.2397  
4 18 0.0002 -0.0002 100.0 518.67 642.36 1589.62 1403.75 14.62 21.61 554.23 2388.08 9047.81 1.30 47.52 521.96 2388.09 8132.26 8.4229 0.03 393 2388 100.00 39.01 23.2961  
4 19 -0.0029 0.0005 100.0 518.67 643.02 1589.90 1406.34 14.62 21.61 553.62 2388.02 9051.51 1.30 47.28 521.95 2388.08 8138.08 8.4111 0.03 392 2388 100.00 39.10 23.2799  
4 20 0.0022 -0.0003 100.0 518.67 642.53 1589.76 1401.19 14.62 21.61 553.97 2388.05 9047.80 1.30 47.26 521.62 2388.08 8128.24 8.3897 0.03 392 2388 100.00 38.91 23.3725  
4 21 -0.0029 -0.0001 100.0 518.67 642.49 1593.11 1398.49 14.62 21.61 554.01 2388.05 9056.58 1.30 47.33 521.50 2388.07 8139.62 8.4263 0.03 393 2388 100.00 38.97 23.2878  
4 22 0.0025 -0.0003 100.0 518.67 642.68 1594.65 1405.05 14.62 21.61 554.28 2388.09 9047.38 1.30 47.70 521.78 2388.05 8131.90 8.3904 0.03 391 2388 100.00 39.17 23.2002  
4 23 0.0022 0.0000 100.0 518.67 642.41 1592.74 1401.80 14.62 21.61 554.49 2388.14 9049.85 1.30 47.44 521.97 2388.03 8134.54 8.4255 0.03 395 2388 100.00 39.12 23.3787  
4 24 0.0022 -0.0002 100.0 518.67 642.51 1589.01 1400.24 14.62 21.61 553.74 2388.08 9056.76 1.30 47.46 522.11 2388.09 8127.73 8.4394 0.03 390 2388 100.00 38.69 23.2943  
4 25 0.0011 -0.0004 100.0 518.67 642.05 1592.65 1399.14 14.62 21.61 554.33 2388.04 9052.67 1.30 47.52 521.87 2388.13 8129.90 8.3954 0.03 391 2388 100.00 38.81 23.3862  
4 26 0.0031 0.0001 100.0 518.67 642.35 1589.28 1399.54 14.62 21.61 553.62 2388.07 9049.02 1.30 47.21 521.71 2388.08 8138.85 8.4235 0.03 393 2388 100.00 38.95 23.3380  
4 27 0.0022 0.0001 100.0 518.67 642.08 1582.09 1402.27 14.62 21.61 553.71 2388.05 9056.66 1.30 47.37 522.37 2388.10 8135.00 8.4328 0.03 392 2388 100.00 38.85 23.3876  
4 28 -0.0002 0.0001 100.0 518.67 642.59 1583.69 1400.85 14.62 21.61 553.79 2388.09 9049.03 1.30 47.61 521.72 2388.11 8131.59 8.4004 0.03 390 2388 100.00 38.84 23.2796  
4 29 -0.0002 0.0000 100.0 518.67 642.34 1585.53 1401.61 14.62 21.61 554.14 2388.07 9049.24 1.30 47.42 521.56 2388.08 8131.82 8.4180 0.03 393 2388 100.00 38.91 23.3161  
4 30 -0.0011 -0.0002 100.0 518.67 642.70 1584.40 1403.21 14.62 21.61 554.09 2388.10 9055.69 1.30 47.57 521.68 2388.08 8131.94 8.4294 0.03 391 2388 100.00 38.79 23.3570  
4 31 -0.0010 0.0001 100.0 518.67 642.42 1580.87 1400.49 14.62 21.61 554.05 2388.05 9051.85 1.30 47.40 521.84 2388.12 8129.66 8.4268 0.03 392 2388 100.00 38.96 23.3364  
4 32 -0.0012 0.0004 100.0 518.67 642.10 1589.33 1406.42 14.62 21.61 553.80 2388.08 9047.22 1.30 47.30 521.76 2388.10 8133.15 8.4672 0.03 392 2388 100.00 38.85 23.4112  
4 33 -0.0002 -0.0004 100.0 518.67 642.79 1590.98 1405.72 14.62 21.61 554.62 2388.11 9052.54 1.30 47.34 521.70 2388.02 8136.37 8.4295 0.03 393 2388 100.00 38.86 23.3490  
4 34 0.0006 -0.0002 100.0 518.67 642.29 1587.97 1396.73 14.62 21.61 553.61 2388.06 9051.75 1.30 47.50 521.65 2388.06 8130.49 8.4369 0.03 392 2388 100.00 38.88 23.2764  
4 35 0.0003 -0.0002 100.0 518.67 642.42 1587.89 1398.89 14.62 21.61 553.72 2388.05 9054.05 1.30 47.38 521.49 2388.09 8135.26 8.4134 0.03 393 2388 100.00 38.94 23.3307  
4 36 -0.0004 0.0000 100.0 518.67 642.08 1589.48 1406.77 14.62 21.61 552.71 2388.13 9050.82 1.30 47.32 522.12 2388.08 8132.53 8.4194 0.03 393 2388 100.00 38.87 23.3539  
4 37 0.0011 0.0001 100.0 518.67 642.62 1582.75 1411.83 14.62 21.61 553.92 2388.06 9050.21 1.30 47.28 521.23 2388.07 8133.01 8.4065 0.03 391 2388 100.00 38.85 23.4505  
4 38 -0.0015 -0.0004 100.0 518.67 642.69 1591.19 1400.63 14.62 21.61 553.40 2388.08 9051.77 1.30 47.36 521.87 2388.05 8131.17 8.4118 0.03 393 2388 100.00 39.07 23.4142  
4 39 -0.0002 -0.0003 100.0 518.67 642.14 1581.05 1406.06 14.62 21.61 553.06 2388.08 9057.41 1.30 47.56 521.81 2388.09 8133.67 8.4111 0.03 393 2388 100.00 38.76 23.3571  
4 40 0.0026 0.0003 100.0 518.67 642.77 1596.22 1407.38 14.62 21.61 553.77 2388.04 9053.55 1.30 47.38 522.20 2388.09 8134.81 8.3846 0.03 391 2388 100.00 38.79 23.3047  
4 41 0.0029 -0.0001 100.0 518.67 642.44 1588.31 1403.40 14.62 21.61 553.44 2388.02 9057.66 1.30 47.27 521.95 2388.05 8132.78 8.3683 0.03 393 2388 100.00 39.11 23.3804  
4 42 -0.0003 -0.0003 100.0 518.67 642.62 1587.00 1401.08 14.62 21.61 553.94 2388.05 9046.90 1.30 47.42 521.83 2388.06 8137.10 8.4684 0.03 390 2388 100.00 39.04 23.5074  
4 43 -0.0029 -0.0002 100.0 518.67 642.12 1589.99 1407.47 14.62 21.61 553.71 2388.09 9056.77 1.30 47.47 521.67 2388.09 8132.67 8.4196 0.03 393 2388 100.00 38.89 23.4416  
4 44 -0.0003 0.0005 100.0 518.67 641.81 1585.87 1403.08 14.62 21.61 553.47 2388.13 9054.81 1.30 47.29 522.07 2388.10 8131.23 8.4386 0.03 391 2388 100.00 39.03 23.4158  
4 45 -0.0023 0.0001 100.0 518.67 642.58 1587.46 1403.12 14.62 21.61 553.89 2388.08 9050.89 1.30 47.30 521.96 2388.08 8133.10 8.4115 0.03 392 2388 100.00 38.98 23.3737  
4 46 -0.0007 -0.0003 100.0 518.67 642.99 1584.18 1415.57 14.62 21.60 553.59 2388.03 9052.66 1.30 47.54 521.66 2388.06 8135.14 8.4334 0.03 393 2388 100.00 38.70 23.3137  
4 47 -0.0035 -0.0003 100.0 518.67 642.15 1591.57 1409.99 14.62 21.61 553.80 2388.02 9057.44 1.30 47.51 521.69 2388.08 8132.89 8.4093 0.03 393 2388 100.00 38.74 23.2122  
4 48 0.0028 -0.0004 100.0 518.67 642.33 1586.80 1405.17 14.62 21.61 554.54 2388.08 9056.15 1.30 47.46 522.02 2388.08 8131.02 8.3869 0.03 392 2388 100.00 38.97 23.3181  
4 49 -0.0006 -0.0002 100.0 518.67 642.82 1590.52 1408.42 14.62 21.61 553.87 2388.09 9050.03 1.30 47.52 521.75 2388.11 8130.35 8.3928 0.03 392 2388 100.00 38.98 23.3336  
4 50 0.0040 -0.0002 100.0 518.67 642.05 1586.99 1403.54 14.62 21.61 552.53 2388.12 9058.09 1.30 47.35 521.85 2388.10 8137.83 8.4348 0.03 391 2388 100.00 38.93 23.2186  
4 51 -0.0007 0.0005 100.0 518.67 642.30 1584.29 1407.61 14.62 21.61 553.63 2388.07 9057.14 1.30 47.22 521.80 2388.07 8138.87 8.3844 0.03 392 2388 100.00 38.85 23.4029  
4 52 -0.0022 -0.0001 100.0 518.67 642.82 1593.22 1407.67 14.62 21.61 553.90 2388.11 9053.23 1.30 47.31 521.99 2388.13 8137.16 8.4321 0.03 394 2388 100.00 38.89 23.3655  
4 53 0.0023 -0.0000 100.0 518.67 642.41 1586.77 1407.40 14.62 21.61 554.50 2388.10 9055.97 1.30 47.38 521.19 2388.07 8134.39 8.4154 0.03 393 2388 100.00 39.04 23.4327  
4 54 -0.0002 -0.0001 100.0 518.67 642.54 1592.60 1405.04 14.62 21.61 553.90 2388.06 9053.65 1.30 47.28 521.34 2388.11 8130.82 8.4348 0.03 393 2388 100.00 38.93 23.2384  
4 55 0.0004 0.0002 100.0 518.67 642.02 1587.01 1406.46 14.62 21.61 554.03 2388.06 9053.51 1.30 47.16 521.40 2388.09 8139.57 8.4010 0.03 393 2388 100.00 38.82 23.3281  
4 56 -0.0035 0.0001 100.0 518.67 642.80 1594.24 1403.34 14.62 21.61 553.93 2388.03 9052.37 1.30 47.35 521.47 2388.05 8134.14 8.4200 0.03 390 2388 100.00 39.01 23.3547  
4 57 0.0018 0.0003 100.0 518.67 642.30 1585.96 1404.00 14.62 21.61 553.50 2388.08 9051.38 1.30 47.43 521.84 2388.11 8132.78 8.4312 0.03 392 2388 100.00 38.73 23.4221  
4 58 0.0002 0.0003 100.0 518.67 642.66 1590.94 1405.24 14.62 21.61 553.27 2388.07 9047.20 1.30 47.39 522.02 2388.09 8135.85 8.4203 0.03 393 2388 100.00 38.87 23.2575  
4 59 -0.0002 0.0000 100.0 518.67 642.32 1600.12 1398.12 14.62 21.61 554.75 2388.07 9048.52 1.30 47.46 522.35 2388.07 8134.77 8.3830 0.03 391 2388 100.00 38.80 23.3164  
4 60 -0.0024 -0.0003 100.0 518.67 642.31 1576.64 1404.66 14.62 21.61 553.49 2388.08 9050.23 1.30 47.29 521.94 2388.08 8130.55 8.4349 0.03 392 2388 100.00 38.96 23.3673  
4 61 -0.0012 0.0003 100.0 518.67 642.56 1587.51 1407.15 14.62 21.61 553.77 2388.10 9059.18 1.30 47.39 521.79 2388.04 8138.03 8.4231 0.03 392 2388 100.00 38.95 23.3748  
4 62 0.0003 0.0004 100.0 518.67 642.69 1588.08 1407.72 14.62 21.61 553.74 2388.06 9045.33 1.30 47.16 521.39 2388.07 8135.29 8.4133 0.03 391 2388 100.00 38.88 23.2919  
4 63 0.0015 0.0002 100.0 518.67 642.45 1587.60 1410.95 14.62 21.61 553.89 2388.02 9052.34 1.30 47.39 522.11 2388.11 8135.39 8.4424 0.03 393 2388 100.00 38.86 23.3359  
4 64 -0.0030 0.0000 100.0 518.67 642.68 1591.76 1403.80 14.62 21.61 554.25 2388.06 9049.60 1.30 47.33 521.61 2388.06 8139.28 8.4002 0.03 393 2388 100.00 38.84 23.2918  
4 65 0.0002 0.0005 100.0 518.67 642.80 1590.85 1407.01 14.62 21.61 554.03 2388.04 9048.79 1.30 47.24 522.14 2388.08 8130.59 8.4314 0.03 392 2388 100.00 39.04 23.4812  
4 66 0.0023 0.0000 100.0 518.67 642.90 1583.90 1402.56 14.62 21.61 554.13 2388.06 9061.64 1.30 47.35 521.43 2388.08 8134.65 8.4050 0.03 394 2388 100.00 38.89 23.3588  
4 67 0.0029 -0.0003 100.0 518.67 642.21 1592.37 1395.74 14.62 21.61 553.47 2388.08 9051.73 1.30 47.43 521.63 2388.00 8137.62 8.4517 0.03 393 2388 100.00 38.87 23.4225  
4 68 0.0041 -0.0001 100.0 518.67 642.44 1587.83 1408.43 14.62 21.61 554.03 2388.09 9054.44 1.30 47.53 521.92 2388.02 8131.88 8.4330 0.03 390 2388 100.00 38.85 23.4063  
4 69 -0.0002 -0.0003 100.0 518.67 642.74 1588.44 1409.93 14.62 21.61 553.75 2388.06 9060.71 1.30 47.33 521.74 2388.06 8137.23 8.4094 0.03 391 2388 100.00 38.97 23.3788  
4 70 0.0002 0.0003 100.0 518.67 642.42 1590.37 1403.68 14.62 21.61 553.60 2388.10 9054.66 1.30 47.37 521.90 2388.04 8136.58 8.4232 0.03 392 2388 100.00 38.96 23.2755  
4 71 -0.0022 -0.0003 100.0 518.67 642.63 1585.71 1410.70 14.62 21.61 554.23 2388.11 9053.94 1.30 47.37 521.71 2388.12 8135.40 8.4170 0.03 393 2388 100.00 38.80 23.3652  
4 72 -0.0021 0.0002 100.0 518.67 642.69 1584.72 1408.21 14.62 21.61 553.62 2388.07 9052.99 1.30 47.27 521.50 2388.09 8140.48 8.4053 0.03 394 2388 100.00 38.89 23.3367  
4 73 0.0001 0.0001 100.0 518.67 642.35 1588.43 1409.32 14.62 21.61 554.10 2388.15 9058.60 1.30 47.40 521.85 2388.08 8137.42 8.4666 0.03 394 2388 100.00 39.17 23.2982  
4 74 0.0044 0.0001 100.0 518.67 642.60 1588.10 1407.74 14.62 21.61 553.31 2388.11 9056.63 1.30 47.31 521.67 2388.06 8139.00 8.4310 0.03 394 2388 100.00 38.74 23.3864  
4 75 -0.0003 -0.0003 100.0 518.67 642.42 1593.17 1400.47 14.62 21.61 554.13 2388.08 9057.30 1.30 47.43 521.95 2388.14 8138.83 8.4095 0.03 393 2388 100.00 38.85 23.3053  
4 76 0.0055 0.0000 100.0 518.67 641.86 1588.78 1405.44 14.62 21.61 553.56 2388.04 9061.17 1.30 47.42 521.95 2388.10 8140.73 8.4142 0.03 392 2388 100.00 38.82 23.2617  
4 77 0.0020 0.0004 100.0 518.67 642.77 1588.91 1398.16 14.62 21.61 553.43 2388.03 9062.96 1.30 47.32 521.22 2388.07 8137.46 8.4230 0.03 394 2388 100.00 38.95 23.2448  
4 78 -0.0014 0.0001 100.0 518.67 642.66 1587.09 1408.49 14.62 21.61 554.03 2388.06 9053.78 1.30 47.46 521.53 2388.04 8137.48 8.4084 0.03 392 2388 100.00 38.78 23.3512  
4 79 0.0014 0.0004 100.0 518.67 642.14 1592.26 1407.47 14.62 21.61 553.13 2388.10 9056.85 1.30 47.39 521.93 2388.10 8136.08 8.4384 0.03 393 2388 100.00 39.05 23.4146  
4 80 -0.0000 0.0001 100.0 518.67 642.98 1588.20 1405.22 14.62 21.61 554.66 2388.05 9059.21 1.30 47.36 521.78 2388.06 8136.75 8.3982 0.03 394 2388 100.00 38.92 23.2887  
4 81 -0.0003 0.0000 100.0 518.67 642.26 1582.27 1408.32 14.62 21.61 553.51 2388.04 9052.44 1.30 47.39 521.35 2388.06 8135.47 8.4252 0.03 392 2388 100.00 38.82 23.3400  
4 82 -0.0003 0.0004 100.0 518.67 642.66 1582.04 1404.73 14.62 21.61 553.76 2388.05 9053.33 1.30 47.30 521.87 2388.10 8136.00 8.4169 0.03 392 2388 100.00 38.93 23.2496  
4 83 -0.0002 0.0005 100.0 518.67 642.13 1588.16 1406.59 14.62 21.61 554.25 2388.08 9057.38 1.30 47.34 521.82 2388.09 8134.95 8.4433 0.03 393 2388 100.00 38.98 23.3686  
4 84 -0.0029 0.0006 100.0 518.67 642.91 1589.92 1403.90 14.62 21.61 553.48 2388.09 9053.78 1.30 47.52 521.63 2388.09 8134.57 8.4081 0.03 392 2388 100.00 38.72 23.4161  
4 85 -0.0001 0.0001 100.0 518.67 642.29 1579.90 1399.07 14.62 21.61 553.85 2388.05 9063.79 1.30 47.27 521.60 2388.09 8143.55 8.4401 0.03 394 2388 100.00 38.94 23.3839  
4 86 0.0016 -0.0000 100.0 518.67 642.21 1591.36 1407.58 14.62 21.61 553.52 2388.08 9060.26 1.30 47.42 521.74 2388.00 8140.42 8.4306 0.03 393 2388 100.00 38.80 23.3293  
4 87 -0.0015 0.0005 100.0 518.67 642.70 1587.37 1406.05 14.62 21.61 553.83 2388.09 9053.77 1.30 47.50 522.01 2388.10 8137.57 8.4359 0.03 393 2388 100.00 38.92 23.3269  
4 88 0.0001 -0.0003 100.0 518.67 642.68 1584.70 1398.74 14.62 21.61 554.23 2388.10 9067.32 1.30 47.32 521.36 2388.00 8141.36 8.4428 0.03 394 2388 100.00 38.87 23.2128  
4 89 0.0006 -0.0002 100.0 518.67 641.97 1578.65 1394.77 14.62 21.61 553.55 2388.09 9058.52 1.30 47.56 522.15 2388.07 8140.68 8.4233 0.03 392 2388 100.00 38.74 23.3807  
4 90 0.0001 0.0003 100.0 518.67 643.32 1586.92 1408.45 14.62 21.61 553.98 2388.05 9063.48 1.30 47.32 522.22 2388.06 8143.04 8.4484 0.03 393 2388 100.00 38.98 23.3220  
4 91 0.0018 0.0002 100.0 518.67 642.79 1589.60 1404.18 14.62 21.61 553.48 2388.07 9062.96 1.30 47.15 522.23 2388.07 8144.13 8.4301 0.03 393 2388 100.00 38.87 23.2897  
4 92 0.0015 0.0004 100.0 518.67 642.41 1590.17 1403.99 14.62 21.61 554.49 2388.08 9055.76 1.30 47.55 521.56 2388.12 8143.49 8.4255 0.03 393 2388 100.00 38.79 23.2840  
4 93 -0.0030 0.0005 100.0 518.67 642.24 1588.28 1398.67 14.62 21.61 554.07 2388.09 9054.90 1.30 47.58 521.54 2388.10 8140.33 8.3856 0.03 392 2388 100.00 38.77 23.3528  
4 94 -0.0036 0.0004 100.0 518.67 642.50 1588.54 1406.69 14.62 21.61 553.76 2388.16 9056.18 1.30 47.34 521.82 2388.07 8138.34 8.4313 0.03 392 2388 100.00 38.85 23.3703  
4 95 0.0041 0.0004 100.0 518.67 642.48 1586.25 1398.80 14.62 21.61 553.44 2388.08 9060.39 1.30 47.50 521.88 2388.02 8142.43 8.4065 0.03 392 2388 100.00 39.05 23.3431  
4 96 -0.0015 0.0003 100.0 518.67 642.18 1578.80 1406.96 14.62 21.61 554.08 2388.05 9059.77 1.30 47.36 521.80 2388.07 8137.86 8.4226 0.03 392 2388 100.00 38.90 23.3729  
4 97 0.0001 0.0006 100.0 518.67 642.95 1586.68 1411.12 14.62 21.61 553.05 2388.03 9065.08 1.30 47.50 521.96 2388.06 8139.63 8.4375 0.03 393 2388 100.00 38.84 23.2882  
4 98 -0.0011 0.0001 100.0 518.67 643.06 1583.61 1403.34 14.62 21.61 553.68 2388.07 9063.37 1.30 47.30 521.65 2388.07 8144.29 8.4055 0.03 392 2388 100.00 38.87 23.2429  
4 99 -0.0005 -0.0004 100.0 518.67 642.79 1592.78 1405.64 14.62 21.61 554.62 2388.11 9063.53 1.30 47.28 521.35 2388.11 8133.90 8.4113 0.03 392 2388 100.00 38.98 23.1897  
4 100 -0.0005 -0.0003 100.0 518.67 642.67 1588.11 1406.26 14.62 21.61 553.72 2388.07 9061.39 1.30 47.25 521.77 2388.08 8140.27 8.4332 0.03 392 2388 100.00 38.91 23.3289  
4 101 0.0005 0.0003 100.0 518.67 642.29 1590.10 1412.21 14.62 21.61 553.91 2388.08 9065.91 1.30 47.42 521.30 2388.08 8140.20 8.4383 0.03 392 2388 100.00 38.89 23.3956  
4 102 0.0002 0.0002 100.0 518.67 642.50 1593.07 1400.79 14.62 21.61 553.63 2388.06 9064.33 1.30 47.54 521.40 2388.04 8142.87 8.4350 0.03 393 2388 100.00 38.75 23.2938  
4 103 -0.0024 0.0001 100.0 518.67 642.83 1596.05 1400.74 14.62 21.61 553.62 2388.06 9056.60 1.30 47.39 521.69 2388.03 8138.22 8.4328 0.03 393 2388 100.00 38.80 23.4523  
4 104 0.0012 0.0005 100.0 518.67 642.27 1593.03 1403.56 14.62 21.61 553.84 2388.09 9058.91 1.30 47.39 522.48 2388.04 8145.23 8.4194 0.03 394 2388 100.00 38.95 23.3294  
4 105 0.0001 0.0002 100.0 518.67 642.48 1587.15 1406.58 14.62 21.61 553.90 2388.06 9064.82 1.30 47.31 521.63 2388.09 8143.33 8.4449 0.03 394 2388 100.00 38.93 23.3576  
4 106 -0.0032 -0.0004 100.0 518.67 642.24 1588.91 1402.75 14.62 21.61 553.63 2388.07 9061.75 1.30 47.53 521.62 2388.11 8143.18 8.4440 0.03 393 2388 100.00 38.88 23.2776  
4 107 0.0000 -0.0002 100.0 518.67 642.55 1585.56 1400.45 14.62 21.61 553.78 2388.09 9066.51 1.30 47.40 521.19 2388.11 8147.26 8.4383 0.03 392 2388 100.00 38.93 23.3614  
4 108 -0.0026 0.0000 100.0 518.67 642.13 1585.18 1412.75 14.62 21.61 553.97 2388.07 9068.42 1.30 47.44 521.99 2388.07 8144.81 8.4316 0.03 394 2388 100.00 38.93 23.3725  
4 109 0.0007 -0.0004 100.0 518.67 642.89 1586.34 1407.61 14.62 21.61 553.40 2388.06 9073.67 1.30 47.36 522.15 2388.11 8142.55 8.4531 0.03 393 2388 100.00 38.87 23.3640  
4 110 -0.0009 0.0004 100.0 518.67 642.47 1581.85 1401.80 14.62 21.61 553.86 2388.07 9068.93 1.30 47.37 521.74 2388.05 8147.39 8.4280 0.03 393 2388 100.00 39.06 23.4095  
4 111 -0.0013 -0.0003 100.0 518.67 642.16 1584.52 1405.22 14.62 21.61 554.14 2388.06 9058.48 1.30 47.31 521.69 2388.10 8147.19 8.4456 0.03 393 2388 100.00 38.81 23.2463  
4 112 0.0016 0.0002 100.0 518.67 642.15 1597.05 1400.11 14.62 21.61 552.93 2388.04 9072.19 1.30 47.42 522.25 2388.12 8143.21 8.4411 0.03 394 2388 100.00 38.86 23.3104  
4 113 0.0004 0.0000 100.0 518.67 642.41 1592.69 1416.04 14.62 21.61 552.71 2388.02 9062.60 1.30 47.43 521.80 2388.10 8148.24 8.4388 0.03 393 2388 100.00 38.97 23.3268  
4 114 0.0011 0.0001 100.0 518.67 642.50 1585.29 1404.61 14.62 21.61 553.90 2388.03 9070.88 1.30 47.61 521.65 2388.00 8148.18 8.4342 0.03 394 2388 100.00 38.84 23.3543  
4 115 0.0017 0.0000 100.0 518.67 643.11 1584.82 1399.39 14.62 21.61 552.89 2388.04 9064.63 1.30 47.61 521.77 2388.05 8149.17 8.4147 0.03 394 2388 100.00 38.83 23.3361  
4 116 0.0015 0.0003 100.0 518.67 642.57 1587.97 1409.77 14.62 21.61 553.10 2388.07 9063.99 1.30 47.49 521.75 2388.11 8143.24 8.4270 0.03 394 2388 100.00 38.88 23.2845  
4 117 -0.0047 -0.0000 100.0 518.67 642.97 1588.00 1409.20 14.62 21.61 552.71 2388.06 9070.89 1.30 47.32 521.82 2388.09 8149.32 8.4302 0.03 394 2388 100.00 38.90 23.2139  
4 118 -0.0015 0.0000 100.0 518.67 642.45 1595.31 1404.31 14.62 21.61 554.20 2388.06 9065.88 1.30 47.60 521.78 2388.04 8144.55 8.4114 0.03 393 2388 100.00 39.05 23.3721  
4 119 0.0005 -0.0002 100.0 518.67 642.81 1587.57 1411.87 14.62 21.61 553.91 2388.05 9061.66 1.30 47.56 521.37 2388.10 8145.98 8.4816 0.03 393 2388 100.00 38.72 23.2425  
4 120 0.0015 0.0001 100.0 518.67 642.13 1590.46 1405.88 14.62 21.61 553.50 2388.07 9069.10 1.30 47.52 521.55 2388.10 8146.54 8.4146 0.03 393 2388 100.00 39.01 23.1853  
4 121 -0.0022 -0.0003 100.0 518.67 642.58 1598.61 1403.36 14.62 21.61 553.35 2388.09 9070.90 1.30 47.59 521.67 2388.03 8144.47 8.4659 0.03 393 2388 100.00 38.97 23.3410  
4 122 0.0003 -0.0004 100.0 518.67 643.12 1594.36 1405.56 14.62 21.61 553.28 2388.06 9063.29 1.30 47.42 521.20 2388.08 8150.73 8.4275 0.03 393 2388 100.00 38.73 23.2929  
4 123 0.0007 0.0004 100.0 518.67 642.56 1586.40 1411.81 14.62 21.61 553.42 2388.10 9067.29 1.30 47.59 521.67 2388.07 8144.19 8.4384 0.03 393 2388 100.00 38.89 23.3391  
4 124 -0.0019 0.0001 100.0 518.67 642.64 1587.87 1400.87 14.62 21.61 552.70 2388.03 9073.32 1.30 47.49 521.33 2388.06 8152.25 8.4403 0.03 394 2388 100.00 38.99 23.3158  
4 125 0.0002 0.0002 100.0 518.67 642.59 1580.17 1404.02 14.62 21.61 554.55 2388.05 9070.65 1.30 47.41 521.68 2388.08 8148.95 8.4458 0.03 395 2388 100.00 38.96 23.3211  
4 126 0.0012 -0.0003 100.0 518.67 642.56 1592.43 1405.07 14.62 21.61 553.81 2388.12 9072.48 1.30 47.58 521.34 2388.06 8149.92 8.4565 0.03 394 2388 100.00 38.91 23.3087  
4 127 0.0027 -0.0001 100.0 518.67 641.87 1591.59 1410.29 14.62 21.61 553.36 2388.05 9074.47 1.30 47.49 521.72 2388.07 8152.75 8.4477 0.03 393 2388 100.00 38.61 23.3090  
4 128 0.0008 0.0001 100.0 518.67 642.77 1592.21 1417.91 14.62 21.61 553.31 2388.04 9078.47 1.30 47.79 521.41 2388.07 8153.20 8.4198 0.03 396 2388 100.00 38.86 23.3167  
4 129 0.0026 0.0001 100.0 518.67 642.30 1589.44 1403.60 14.62 21.61 553.88 2388.02 9068.10 1.30 47.45 521.31 2388.07 8154.04 8.4495 0.03 393 2388 100.00 38.74 23.3720  
4 130 -0.0020 0.0002 100.0 518.67 642.28 1593.61 1406.21 14.62 21.61 553.45 2388.10 9075.76 1.30 47.48 521.63 2388.06 8148.92 8.4323 0.03 392 2388 100.00 38.92 23.4297  
4 131 -0.0022 -0.0003 100.0 518.67 642.81 1593.80 1399.75 14.62 21.61 553.55 2388.08 9071.08 1.30 47.50 521.17 2388.07 8155.09 8.4256 0.03 394 2388 100.00 38.79 23.2136  
4 132 0.0007 0.0004 100.0 518.67 642.41 1591.45 1409.15 14.62 21.61 552.95 2388.07 9086.47 1.30 47.75 521.67 2388.06 8153.64 8.4385 0.03 394 2388 100.00 38.76 23.2413  
4 133 -0.0006 0.0000 100.0 518.67 642.95 1592.11 1412.36 14.62 21.61 553.82 2388.09 9072.61 1.30 47.62 521.53 2388.11 8154.88 8.4652 0.03 393 2388 100.00 38.80 23.1877  
4 134 -0.0001 0.0006 100.0 518.67 642.82 1590.54 1413.59 14.62 21.61 553.25 2388.10 9082.50 1.30 47.61 521.45 2388.09 8152.47 8.4300 0.03 394 2388 100.00 38.77 23.3469  
4 135 -0.0009 -0.0002 100.0 518.67 642.80 1586.98 1406.54 14.62 21.61 553.14 2388.10 9086.62 1.30 47.67 521.43 2388.03 8155.68 8.4922 0.03 393 2388 100.00 38.62 23.2783  
4 136 -0.0009 0.0001 100.0 518.67 642.88 1588.88 1410.65 14.62 21.61 553.84 2388.10 9080.72 1.30 47.76 521.58 2388.11 8156.39 8.4835 0.03 393 2388 100.00 38.72 23.2597  
4 137 0.0021 0.0004 100.0 518.67 642.35 1585.35 1408.59 14.62 21.61 553.73 2388.09 9085.86 1.30 47.39 521.10 2388.09 8163.63 8.4770 0.03 393 2388 100.00 38.77 23.2531  
4 138 0.0001 -0.0003 100.0 518.67 642.62 1589.11 1403.15 14.62 21.61 553.42 2388.09 9079.96 1.30 47.46 521.47 2388.09 8159.62 8.4499 0.03 394 2388 100.00 38.90 23.1688  
4 139 0.0020 -0.0001 100.0 518.67 642.51 1590.51 1411.62 14.62 21.61 553.22 2388.06 9084.37 1.30 47.45 521.29 2388.10 8160.55 8.4225 0.03 391 2388 100.00 38.74 23.3399  
4 140 -0.0014 0.0005 100.0 518.67 642.43 1589.98 1410.55 14.62 21.61 553.09 2388.09 9084.41 1.30 47.56 521.39 2388.11 8166.82 8.4522 0.03 393 2388 100.00 38.95 23.2221  
4 141 0.0051 0.0004 100.0 518.67 642.78 1586.02 1408.52 14.62 21.61 553.54 2388.10 9082.87 1.30 47.65 521.74 2388.06 8162.37 8.4545 0.03 394 2388 100.00 38.75 23.2515  
4 142 -0.0003 0.0002 100.0 518.67 642.15 1595.19 1409.14 14.62 21.61 553.18 2388.11 9084.27 1.30 47.69 521.28 2388.08 8157.58 8.4665 0.03 394 2388 100.00 38.83 23.1726  
4 143 -0.0012 0.0003 100.0 518.67 642.74 1586.75 1406.34 14.62 21.61 553.08 2388.07 9090.71 1.30 47.54 520.98 2388.08 8169.05 8.4173 0.03 393 2388 100.00 38.79 23.3044  
4 144 -0.0008 0.0003 100.0 518.67 642.60 1588.23 1411.01 14.62 21.61 552.42 2388.06 9091.62 1.30 47.69 521.76 2388.02 8163.60 8.4334 0.03 394 2388 100.00 38.71 23.2699  
4 145 0.0006 0.0005 100.0 518.67 643.07 1594.62 1405.43 14.62 21.61 553.62 2388.09 9090.55 1.30 47.57 521.38 2388.10 8164.83 8.4518 0.03 393 2388 100.00 38.74 23.2125  
4 146 0.0005 0.0003 100.0 518.67 642.72 1595.94 1417.08 14.62 21.61 553.21 2388.01 9097.65 1.30 47.61 521.18 2388.09 8168.06 8.4524 0.03 394 2388 100.00 38.84 23.1458  
4 147 -0.0004 0.0004 100.0 518.67 642.82 1590.96 1411.57 14.62 21.61 552.95 2388.06 9090.60 1.30 47.66 520.91 2388.13 8166.29 8.4496 0.03 394 2388 100.00 38.71 23.1977  
4 148 -0.0018 -0.0001 100.0 518.67 643.09 1593.59 1418.28 14.62 21.61 553.32 2388.10 9092.25 1.30 47.67 521.91 2388.07 8171.39 8.4355 0.03 393 2388 100.00 38.88 23.2993  
4 149 -0.0008 0.0004 100.0 518.67 642.58 1595.24 1414.42 14.62 21.61 553.21 2388.09 9094.94 1.30 47.76 520.79 2388.03 8165.40 8.4816 0.03 394 2388 100.00 38.89 23.2122  
4 150 -0.0007 -0.0003 100.0 518.67 642.46 1598.82 1407.68 14.62 21.61 553.14 2388.03 9096.18 1.30 47.64 521.43 2388.03 8178.72 8.4365 0.03 395 2388 100.00 38.75 23.1649  
4 151 0.0013 0.0003 100.0 518.67 643.25 1594.25 1410.11 14.62 21.61 552.94 2388.09 9097.14 1.30 47.65 521.43 2388.07 8171.60 8.4765 0.03 395 2388 100.00 38.66 23.3152  
4 152 -0.0026 -0.0002 100.0 518.67 642.68 1588.06 1415.81 14.62 21.61 552.63 2388.05 9096.41 1.30 47.55 521.42 2387.99 8172.77 8.4610 0.03 394 2388 100.00 38.75 23.2845  
4 153 -0.0003 0.0001 100.0 518.67 643.02 1589.96 1410.75 14.62 21.61 553.13 2388.10 9106.73 1.30 47.64 520.97 2388.10 8174.74 8.4300 0.03 392 2388 100.00 38.79 23.2261  
4 154 0.0038 0.0002 100.0 518.67 642.87 1596.48 1407.58 14.62 21.61 553.00 2388.04 9105.93 1.30 47.76 521.02 2388.08 8174.36 8.4262 0.03 395 2388 100.00 38.70 23.3318  
4 155 0.0022 0.0001 100.0 518.67 643.05 1591.94 1406.10 14.62 21.61 552.85 2388.11 9109.24 1.30 47.84 520.72 2388.07 8172.07 8.4545 0.03 395 2388 100.00 38.74 23.2332  
4 156 -0.0002 -0.0001 100.0 518.67 642.54 1594.01 1414.19 14.62 21.61 552.21 2388.08 9100.84 1.30 47.65 521.36 2388.07 8172.29 8.4546 0.03 393 2388 100.00 38.73 23.2384  
4 157 0.0027 0.0000 100.0 518.67 642.80 1597.71 1413.68 14.62 21.61 553.49 2388.09 9112.83 1.30 47.60 521.41 2388.05 8184.87 8.4300 0.03 394 2388 100.00 38.66 23.2770  
4 158 -0.0030 -0.0004 100.0 518.67 643.00 1593.74 1420.79 14.62 21.61 553.11 2388.12 9114.81 1.30 47.63 520.95 2388.11 8184.25 8.4600 0.03 393 2388 100.00 38.60 23.3178  
4 159 0.0020 0.0005 100.0 518.67 642.82 1590.08 1417.62 14.62 21.61 552.63 2388.07 9098.78 1.30 47.61 520.90 2388.12 8182.09 8.4750 0.03 395 2388 100.00 38.57 23.2760  
4 160 -0.0004 0.0005 100.0 518.67 643.24 1597.66 1412.93 14.62 21.61 553.83 2388.07 9108.85 1.30 47.70 520.75 2388.11 8185.01 8.4473 0.03 393 2388 100.00 38.71 23.2558  
4 161 -0.0000 0.0004 100.0 518.67 643.02 1590.53 1413.51 14.62 21.61 552.28 2388.08 9116.28 1.30 47.64 521.19 2388.11 8184.82 8.4741 0.03 397 2388 100.00 38.72 23.1832  
4 162 -0.0028 0.0004 100.0 518.67 642.91 1589.20 1419.09 14.62 21.61 553.87 2388.10 9127.02 1.30 47.63 520.91 2388.05 8190.55 8.4931 0.03 394 2388 100.00 38.52 23.3013  
4 163 -0.0041 -0.0002 100.0 518.67 643.32 1596.69 1417.32 14.62 21.61 552.17 2388.13 9119.48 1.30 47.92 520.94 2388.09 8188.26 8.4594 0.03 395 2388 100.00 38.53 23.1648  
4 164 -0.0029 -0.0002 100.0 518.67 643.20 1588.21 1411.81 14.62 21.61 552.75 2388.09 9124.06 1.30 47.91 520.75 2388.14 8189.67 8.4816 0.03 394 2388 100.00 38.76 23.1351  
4 165 0.0037 0.0003 100.0 518.67 643.38 1598.42 1413.90 14.62 21.61 552.16 2388.08 9125.58 1.30 47.56 521.46 2388.10 8189.30 8.4613 0.03 394 2388 100.00 38.71 23.2052  
4 166 -0.0043 -0.0003 100.0 518.67 642.83 1595.07 1410.18 14.62 21.61 552.22 2388.15 9127.24 1.30 47.82 520.54 2388.08 8195.14 8.4633 0.03 395 2388 100.00 38.73 23.1746  
4 167 -0.0006 0.0000 100.0 518.67 642.97 1596.98 1410.22 14.62 21.61 552.30 2388.09 9130.81 1.30 47.91 521.24 2388.13 8198.35 8.4678 0.03 395 2388 100.00 38.72 23.1656  
4 168 -0.0028 0.0002 100.0 518.67 642.86 1594.46 1416.01 14.62 21.61 552.58 2388.06 9124.84 1.30 47.83 521.13 2388.12 8194.73 8.4806 0.03 396 2388 100.00 38.62 23.2878  
4 169 0.0011 0.0001 100.0 518.67 643.25 1592.70 1419.62 14.62 21.61 552.91 2388.05 9136.79 1.30 47.80 521.24 2388.15 8200.08 8.4926 0.03 398 2388 100.00 38.63 23.1847  
4 170 0.0023 0.0002 100.0 518.67 643.60 1595.73 1412.94 14.62 21.61 552.45 2388.12 9138.79 1.30 47.80 520.77 2388.15 8202.15 8.4920 0.03 396 2388 100.00 38.68 23.2325  
4 171 0.0020 -0.0003 100.0 518.67 643.69 1594.79 1416.71 14.62 21.61 552.21 2388.14 9133.85 1.30 47.74 520.85 2388.12 8204.30 8.4900 0.03 396 2388 100.00 38.66 23.2471  
4 172 0.0015 -0.0002 100.0 518.67 643.28 1597.10 1417.89 14.62 21.61 552.65 2388.14 9129.92 1.30 47.88 520.72 2388.06 8208.53 8.5017 0.03 395 2388 100.00 38.66 23.0502  
4 173 -0.0033 -0.0000 100.0 518.67 642.87 1598.30 1422.56 14.62 21.61 552.08 2388.12 9142.07 1.30 47.61 520.53 2388.10 8208.18 8.4829 0.03 396 2388 100.00 38.66 23.1664  
4 174 0.0021 -0.0003 100.0 518.67 643.09 1600.79 1423.58 14.62 21.61 552.74 2388.08 9150.69 1.30 47.85 520.61 2388.10 8212.15 8.4928 0.03 395 2388 100.00 38.52 23.2417  
4 175 0.0027 0.0004 100.0 518.67 643.17 1598.28 1419.52 14.62 21.61 552.39 2388.10 9143.78 1.30 47.95 520.47 2388.14 8221.41 8.4826 0.03 396 2388 100.00 38.73 23.1571  
4 176 0.0033 0.0003 100.0 518.67 643.36 1601.11 1427.72 14.62 21.61 552.62 2388.12 9149.82 1.30 47.83 520.61 2388.11 8219.43 8.4822 0.03 395 2388 100.00 38.81 23.1426  
4 177 0.0034 -0.0001 100.0 518.67 643.15 1603.10 1424.69 14.62 21.61 552.77 2388.14 9155.26 1.30 47.99 520.82 2388.12 8219.59 8.5026 0.03 396 2388 100.00 38.50 23.1635  
4 178 0.0006 0.0003 100.0 518.67 643.38 1606.48 1431.78 14.62 21.61 551.71 2388.17 9164.28 1.30 47.86 520.28 2388.11 8221.61 8.4992 0.03 394 2388 100.00 38.67 23.1181  
4 179 0.0014 0.0000 100.0 518.67 643.60 1604.11 1424.10 14.62 21.61 552.19 2388.18 9156.61 1.30 48.00 520.52 2388.15 8223.02 8.5289 0.03 397 2388 100.00 38.55 23.0599  
4 180 0.0001 -0.0002 100.0 518.67 643.58 1610.29 1425.23 14.62 21.61 551.70 2388.15 9163.18 1.30 47.95 520.33 2388.15 8228.25 8.4966 0.03 398 2388 100.00 38.36 23.1739  
4 181 0.0004 -0.0002 100.0 518.67 643.34 1597.16 1413.99 14.62 21.61 551.82 2388.11 9168.97 1.30 47.95 520.24 2388.16 8230.94 8.4821 0.03 396 2388 100.00 38.57 23.1169  
4 182 0.0007 -0.0000 100.0 518.67 643.42 1603.95 1429.48 14.62 21.61 551.77 2388.12 9166.16 1.30 47.96 520.55 2388.17 8229.71 8.5069 0.03 395 2388 100.00 38.29 23.0709  
4 183 0.0034 0.0002 100.0 518.67 644.50 1602.97 1426.55 14.62 21.61 551.60 2388.12 9175.69 1.30 48.08 520.17 2388.12 8239.91 8.5034 0.03 399 2388 100.00 38.47 23.0511  
4 184 -0.0010 0.0003 100.0 518.67 643.44 1608.22 1426.27 14.62 21.61 552.01 2388.12 9174.67 1.30 48.04 520.07 2388.14 8242.61 8.5011 0.03 395 2388 100.00 38.39 23.0651  
4 185 -0.0031 0.0005 100.0 518.67 643.27 1607.57 1429.22 14.62 21.61 551.91 2388.10 9184.41 1.30 48.19 520.12 2388.12 8246.77 8.5254 0.03 396 2388 100.00 38.47 23.1180  
4 186 -0.0003 -0.0001 100.0 518.67 643.45 1608.24 1427.17 14.62 21.61 551.90 2388.13 9187.57 1.30 48.21 520.26 2388.16 8241.99 8.4873 0.03 396 2388 100.00 38.55 23.1353  
4 187 -0.0005 0.0005 100.0 518.67 643.69 1603.04 1422.74 14.62 21.61 552.02 2388.14 9203.22 1.30 48.08 519.60 2388.12 8253.53 8.5283 0.03 396 2388 100.00 38.49 23.0135  
4 188 0.0006 0.0001 100.0 518.67 643.48 1602.23 1434.12 14.62 21.61 551.81 2388.16 9192.89 1.30 48.15 520.12 2388.17 8251.11 8.5462 0.03 398 2388 100.00 38.45 23.0710  
4 189 -0.0024 -0.0002 100.0 518.67 644.53 1612.11 1432.55 14.62 21.61 551.93 2388.13 9198.32 1.30 48.15 519.84 2388.16 8259.42 8.5246 0.03 398 2388 100.00 38.44 23.1006  
5 1 0.0031 0.0002 100.0 518.67 641.77 1583.59 1395.26 14.62 21.61 554.39 2387.98 9066.49 1.30 47.19 522.34 2388.00 8152.22 8.4102 0.03 393 2388 100.00 38.98 23.4468  
5 2 0.0002 0.0003 100.0 518.67 642.42 1589.69 1394.88 14.62 21.61 555.57 2388.01 9063.03 1.30 47.09 522.60 2387.99 8153.04 8.4053 0.03 392 2388 100.00 39.12 23.4075  
5 3 0.0002 -0.0005 100.0 518.67 642.07 1582.45 1396.29 14.62 21.61 554.49 2388.01 9068.21 1.30 47.11 522.85 2388.02 8148.42 8.3990 0.03 393 2388 100.00 39.18 23.3298  
5 4 0.0017 -0.0004 100.0 518.67 642.08 1586.84 1397.94 14.62 21.61 555.16 2387.96 9070.56 1.30 47.29 522.11 2387.99 8148.81 8.3876 0.03 390 2388 100.00 39.22 23.4306  
5 5 -0.0007 0.0001 100.0 518.67 642.03 1581.45 1394.28 14.62 21.61 554.59 2387.98 9069.25 1.30 47.09 522.60 2387.95 8147.69 8.4129 0.03 390 2388 100.00 39.17 23.3331  
5 6 0.0018 0.0002 100.0 518.67 642.32 1586.10 1390.56 14.62 21.61 554.53 2388.03 9062.14 1.30 47.16 522.87 2388.02 8148.03 8.4204 0.03 393 2388 100.00 39.00 23.3878  
5 7 0.0019 0.0001 100.0 518.67 642.78 1585.21 1399.10 14.62 21.60 554.85 2387.92 9069.18 1.30 47.14 522.52 2388.00 8151.10 8.3913 0.03 393 2388 100.00 39.20 23.3820  
5 8 -0.0016 -0.0002 100.0 518.67 642.49 1585.88 1393.41 14.62 21.61 554.33 2387.98 9073.13 1.30 47.03 522.41 2387.98 8145.43 8.4054 0.03 391 2388 100.00 39.11 23.4495  
5 9 0.0029 0.0002 100.0 518.67 641.69 1581.46 1394.20 14.62 21.61 554.67 2388.00 9062.62 1.30 47.34 522.58 2388.03 8148.79 8.3796 0.03 392 2388 100.00 39.12 23.3762  
5 10 0.0001 0.0003 100.0 518.67 642.18 1583.92 1390.30 14.62 21.60 554.84 2388.02 9071.57 1.30 47.32 522.67 2388.01 8146.61 8.4089 0.03 390 2388 100.00 39.06 23.4213  
5 11 -0.0026 -0.0003 100.0 518.67 641.90 1585.25 1393.09 14.62 21.61 554.20 2387.96 9064.45 1.30 47.30 522.00 2388.01 8146.73 8.4091 0.03 391 2388 100.00 39.12 23.4847  
5 12 -0.0009 -0.0001 100.0 518.67 641.97 1583.89 1394.07 14.62 21.60 554.27 2388.02 9070.86 1.30 47.12 522.96 2388.01 8147.24 8.4233 0.03 391 2388 100.00 38.87 23.3806  
5 13 -0.0051 -0.0005 100.0 518.67 641.90 1579.55 1402.31 14.62 21.61 554.75 2388.03 9056.42 1.30 47.11 522.42 2387.94 8149.69 8.3860 0.03 392 2388 100.00 38.96 23.4476  
5 14 -0.0000 0.0004 100.0 518.67 641.93 1578.03 1396.28 14.62 21.61 554.52 2387.97 9062.88 1.30 47.26 522.19 2388.03 8153.40 8.4214 0.03 393 2388 100.00 39.07 23.3733  
5 15 0.0011 -0.0001 100.0 518.67 641.88 1589.42 1394.11 14.62 21.61 554.45 2388.07 9066.30 1.30 47.09 522.74 2388.03 8144.15 8.4073 0.03 391 2388 100.00 38.96 23.4795  
5 16 -0.0037 0.0004 100.0 518.67 641.56 1578.43 1390.29 14.62 21.61 555.11 2388.00 9065.46 1.30 47.08 522.24 2388.02 8144.59 8.4266 0.03 391 2388 100.00 39.12 23.4884  
5 17 -0.0008 -0.0001 100.0 518.67 642.00 1581.87 1400.59 14.62 21.61 554.31 2387.98 9066.79 1.30 47.11 522.89 2388.02 8153.44 8.4072 0.03 391 2388 100.00 39.04 23.4556  
5 18 -0.0027 0.0001 100.0 518.67 642.05 1584.71 1391.09 14.62 21.61 554.25 2388.07 9066.52 1.30 46.98 522.64 2387.97 8143.80 8.4151 0.03 392 2388 100.00 39.02 23.4610  
5 19 -0.0009 -0.0002 100.0 518.67 642.36 1588.06 1397.43 14.62 21.61 554.38 2387.95 9071.50 1.30 46.98 522.65 2387.99 8151.75 8.3674 0.03 392 2388 100.00 38.97 23.3752  
5 20 0.0019 0.0002 100.0 518.67 642.27 1582.85 1393.07 14.62 21.61 554.69 2387.98 9060.46 1.30 47.13 522.00 2387.99 8147.39 8.3831 0.03 391 2388 100.00 38.86 23.3702  
5 21 -0.0017 -0.0003 100.0 518.67 642.05 1581.71 1397.41 14.62 21.60 554.37 2387.99 9061.69 1.30 47.23 522.40 2388.01 8150.00 8.4071 0.03 391 2388 100.00 38.94 23.3812  
5 22 0.0014 -0.0002 100.0 518.67 642.38 1581.33 1399.59 14.62 21.61 554.31 2387.99 9071.71 1.30 47.16 522.75 2388.01 8148.04 8.3886 0.03 392 2388 100.00 39.05 23.4457  
5 23 0.0052 -0.0001 100.0 518.67 641.57 1582.59 1399.12 14.62 21.60 554.48 2387.97 9067.58 1.30 47.18 522.70 2388.03 8155.34 8.3548 0.03 391 2388 100.00 39.05 23.3328  
5 24 0.0002 0.0002 100.0 518.67 642.13 1592.43 1400.89 14.62 21.61 554.10 2388.01 9066.39 1.30 47.25 522.21 2387.96 8156.04 8.4095 0.03 391 2388 100.00 39.14 23.4933  
5 25 0.0026 -0.0005 100.0 518.67 642.05 1582.82 1397.33 14.62 21.61 554.78 2387.98 9067.26 1.30 47.19 522.81 2387.97 8144.37 8.4151 0.03 392 2388 100.00 39.19 23.4193  
5 26 0.0012 0.0000 100.0 518.67 641.61 1578.77 1398.19 14.62 21.61 554.93 2388.03 9065.14 1.30 47.17 522.41 2387.99 8146.04 8.3536 0.03 393 2388 100.00 39.05 23.5227  
5 27 -0.0001 -0.0002 100.0 518.67 642.22 1582.69 1394.22 14.62 21.60 554.27 2388.01 9070.70 1.30 47.01 522.50 2387.98 8153.92 8.4066 0.03 390 2388 100.00 38.97 23.3803  
5 28 -0.0015 -0.0005 100.0 518.67 641.97 1575.77 1402.43 14.62 21.61 554.60 2388.05 9069.66 1.30 47.30 522.40 2387.95 8148.49 8.3934 0.03 392 2388 100.00 39.04 23.3974  
5 29 0.0037 -0.0005 100.0 518.67 642.48 1576.50 1392.82 14.62 21.61 554.63 2387.97 9068.63 1.30 46.97 522.78 2387.99 8147.67 8.3735 0.03 390 2388 100.00 39.01 23.4100  
5 30 0.0007 -0.0004 100.0 518.67 642.66 1574.80 1397.69 14.62 21.60 555.05 2387.96 9059.85 1.30 47.24 522.87 2388.02 8150.15 8.4038 0.03 392 2388 100.00 38.81 23.4437  
5 31 -0.0014 -0.0003 100.0 518.67 642.06 1585.84 1402.33 14.62 21.61 554.30 2387.97 9064.30 1.30 47.08 522.24 2387.99 8146.32 8.3824 0.03 391 2388 100.00 39.12 23.5503  
5 32 0.0043 -0.0001 100.0 518.67 642.41 1582.76 1397.12 14.62 21.61 554.32 2387.98 9059.42 1.30 47.39 522.40 2387.94 8146.33 8.3851 0.03 390 2388 100.00 39.01 23.4547  
5 33 0.0017 -0.0002 100.0 518.67 641.76 1591.02 1402.42 14.62 21.61 554.40 2388.03 9074.12 1.30 47.13 522.07 2387.98 8149.73 8.3967 0.03 392 2388 100.00 39.00 23.4330  
5 34 0.0017 -0.0000 100.0 518.67 641.68 1581.62 1392.22 14.62 21.60 554.29 2387.96 9070.30 1.30 47.21 522.15 2388.03 8151.21 8.3950 0.03 392 2388 100.00 38.93 23.3981  
5 35 0.0039 0.0001 100.0 518.67 642.16 1580.02 1395.31 14.62 21.61 553.66 2387.98 9070.45 1.30 47.14 522.45 2388.02 8143.52 8.4074 0.03 391 2388 100.00 39.18 23.4449  
5 36 -0.0032 0.0001 100.0 518.67 641.30 1586.91 1394.40 14.62 21.61 554.14 2387.98 9067.67 1.30 47.09 521.96 2387.96 8150.11 8.4091 0.03 391 2388 100.00 38.97 23.4607  
5 37 -0.0011 0.0001 100.0 518.67 642.04 1585.52 1394.71 14.62 21.61 554.97 2387.96 9068.05 1.30 47.06 522.39 2388.06 8154.54 8.3970 0.03 392 2388 100.00 39.00 23.4577  
5 38 0.0020 -0.0002 100.0 518.67 642.38 1584.21 1396.82 14.62 21.61 554.48 2388.02 9068.83 1.30 47.22 522.25 2387.99 8148.21 8.3893 0.03 392 2388 100.00 39.09 23.4580  
5 39 -0.0000 -0.0002 100.0 518.67 641.82 1578.77 1396.39 14.62 21.61 555.04 2388.00 9066.55 1.30 47.20 522.43 2387.98 8148.35 8.4239 0.03 391 2388 100.00 39.03 23.5068  
5 40 0.0001 -0.0002 100.0 518.67 642.76 1583.56 1402.27 14.62 21.61 554.38 2387.97 9066.78 1.30 47.25 522.25 2387.97 8151.02 8.4272 0.03 390 2388 100.00 38.97 23.3585  
5 41 0.0011 -0.0001 100.0 518.67 642.82 1585.13 1399.13 14.62 21.60 554.75 2388.00 9073.97 1.30 47.22 522.21 2388.00 8149.98 8.3980 0.03 392 2388 100.00 38.93 23.4126  
5 42 0.0001 -0.0002 100.0 518.67 641.92 1589.59 1394.97 14.62 21.61 554.13 2387.96 9070.52 1.30 47.37 522.62 2387.97 8154.04 8.3654 0.03 392 2388 100.00 38.87 23.4851  
5 43 -0.0015 -0.0004 100.0 518.67 641.78 1587.27 1394.26 14.62 21.61 554.64 2387.97 9071.84 1.30 47.01 522.37 2388.00 8155.95 8.3975 0.03 392 2388 100.00 39.06 23.4420  
5 44 -0.0011 -0.0001 100.0 518.67 641.77 1583.83 1395.70 14.62 21.61 555.48 2387.99 9067.40 1.30 47.32 522.68 2387.99 8148.03 8.4219 0.03 391 2388 100.00 39.06 23.3576  
5 45 0.0028 0.0004 100.0 518.67 642.32 1584.30 1399.71 14.62 21.61 554.70 2387.97 9064.28 1.30 47.00 522.54 2387.97 8146.26 8.3735 0.03 393 2388 100.00 39.20 23.3398  
5 46 -0.0023 -0.0003 100.0 518.67 642.24 1586.87 1400.55 14.62 21.61 554.49 2388.02 9065.41 1.30 47.27 521.62 2387.94 8147.77 8.4055 0.03 392 2388 100.00 38.89 23.3304  
5 47 0.0002 -0.0002 100.0 518.67 641.95 1579.17 1397.44 14.62 21.60 554.74 2388.00 9068.21 1.30 47.05 522.57 2388.00 8147.30 8.4182 0.03 391 2388 100.00 39.06 23.4378  
5 48 0.0037 0.0000 100.0 518.67 641.38 1576.29 1395.62 14.62 21.61 554.93 2387.98 9072.03 1.30 47.24 522.65 2388.04 8146.91 8.3869 0.03 392 2388 100.00 38.89 23.4698  
5 49 0.0004 -0.0004 100.0 518.67 642.11 1583.18 1394.48 14.62 21.61 554.64 2388.03 9069.21 1.30 47.07 522.50 2387.94 8153.73 8.3980 0.03 392 2388 100.00 38.99 23.3110  
5 50 -0.0011 -0.0001 100.0 518.67 642.20 1586.48 1403.06 14.62 21.61 554.98 2387.97 9067.24 1.30 47.37 522.56 2388.03 8148.17 8.4228 0.03 390 2388 100.00 39.13 23.3994  
5 51 -0.0037 0.0000 100.0 518.67 642.32 1580.84 1393.67 14.62 21.61 555.05 2388.03 9071.92 1.30 47.27 521.92 2387.97 8149.73 8.4279 0.03 390 2388 100.00 39.03 23.5130  
5 52 0.0006 -0.0000 100.0 518.67 641.86 1585.97 1403.88 14.62 21.60 554.94 2387.98 9066.99 1.30 47.06 522.03 2387.99 8140.95 8.4310 0.03 393 2388 100.00 39.04 23.3502  
5 53 0.0008 0.0001 100.0 518.67 642.20 1582.71 1393.24 14.62 21.61 554.25 2388.03 9077.51 1.30 47.20 522.72 2388.03 8156.34 8.3814 0.03 392 2388 100.00 38.86 23.5408  
5 54 -0.0023 0.0005 100.0 518.67 642.14 1577.10 1399.58 14.62 21.61 554.19 2387.99 9062.69 1.30 47.25 522.25 2387.96 8150.69 8.3797 0.03 392 2388 100.00 38.99 23.4374  
5 55 -0.0004 -0.0005 100.0 518.67 641.98 1586.80 1394.57 14.62 21.61 555.17 2387.96 9061.38 1.30 47.11 522.39 2387.96 8147.61 8.4043 0.03 391 2388 100.00 39.10 23.4353  
5 56 -0.0016 0.0003 100.0 518.67 642.12 1581.49 1397.74 14.62 21.61 554.59 2387.98 9069.99 1.30 47.20 522.70 2387.92 8148.97 8.3772 0.03 391 2388 100.00 39.05 23.4661  
5 57 -0.0002 0.0001 100.0 518.67 641.95 1578.24 1394.93 14.62 21.61 554.47 2388.01 9066.62 1.30 47.18 522.61 2387.96 8145.61 8.4152 0.03 393 2388 100.00 39.10 23.4580  
5 58 -0.0008 0.0004 100.0 518.67 642.61 1581.90 1399.90 14.62 21.61 554.31 2388.01 9066.63 1.30 47.18 522.44 2388.00 8151.52 8.4093 0.03 391 2388 100.00 39.01 23.3758  
5 59 0.0010 0.0005 100.0 518.67 642.05 1589.45 1400.43 14.62 21.60 554.40 2387.96 9066.93 1.30 47.24 522.46 2388.00 8149.30 8.4024 0.03 391 2388 100.00 38.98 23.4878  
5 60 -0.0008 -0.0005 100.0 518.67 642.00 1582.34 1396.08 14.62 21.61 554.45 2388.06 9058.23 1.30 47.00 522.22 2388.04 8149.18 8.4251 0.03 393 2388 100.00 39.29 23.3856  
5 61 -0.0024 0.0001 100.0 518.67 642.36 1586.95 1396.92 14.62 21.61 554.64 2388.01 9074.25 1.30 47.12 522.82 2388.03 8148.27 8.3844 0.03 391 2388 100.00 38.97 23.3773  
5 62 0.0025 -0.0001 100.0 518.67 641.94 1581.42 1406.63 14.62 21.61 554.57 2388.01 9065.88 1.30 47.33 522.33 2388.01 8150.99 8.4145 0.03 390 2388 100.00 38.98 23.4888  
5 63 0.0030 0.0003 100.0 518.67 642.18 1585.76 1392.17 14.62 21.61 554.81 2388.01 9071.42 1.30 47.31 522.15 2387.95 8150.35 8.3846 0.03 392 2388 100.00 38.93 23.4232  
5 64 0.0001 -0.0002 100.0 518.67 642.40 1586.20 1396.45 14.62 21.61 554.12 2387.98 9065.47 1.30 47.15 522.26 2388.00 8151.37 8.3905 0.03 391 2388 100.00 39.04 23.4054  
5 65 0.0006 -0.0001 100.0 518.67 641.96 1578.21 1389.19 14.62 21.61 554.64 2388.02 9071.71 1.30 47.02 522.18 2387.95 8152.49 8.4485 0.03 392 2388 100.00 39.12 23.5078  
5 66 0.0050 0.0004 100.0 518.67 642.16 1582.39 1402.35 14.62 21.61 554.21 2387.98 9069.46 1.30 47.00 522.25 2388.00 8151.26 8.3881 0.03 391 2388 100.00 38.92 23.3782  
5 67 0.0005 -0.0004 100.0 518.67 641.67 1582.01 1396.82 14.62 21.61 555.49 2388.02 9074.04 1.30 47.11 522.57 2387.94 8151.21 8.4105 0.03 391 2388 100.00 38.91 23.3088  
5 68 -0.0018 0.0001 100.0 518.67 642.00 1579.94 1395.59 14.62 21.60 554.06 2388.05 9069.60 1.30 47.27 522.92 2387.99 8146.84 8.4250 0.03 393 2388 100.00 39.06 23.3948  
5 69 -0.0017 -0.0002 100.0 518.67 641.90 1589.43 1390.32 14.62 21.61 554.63 2388.04 9069.58 1.30 47.10 522.89 2388.02 8152.11 8.4083 0.03 391 2388 100.00 38.93 23.4140  
5 70 0.0009 -0.0004 100.0 518.67 641.86 1583.30 1389.87 14.62 21.61 554.51 2387.97 9071.62 1.30 47.10 522.38 2387.99 8146.12 8.3582 0.03 390 2388 100.00 39.05 23.3696  
5 71 0.0011 0.0004 100.0 518.67 642.35 1581.52 1401.70 14.62 21.60 554.13 2388.01 9068.96 1.30 47.26 521.97 2388.03 8155.12 8.3996 0.03 393 2388 100.00 39.21 23.3416  
5 72 0.0036 -0.0003 100.0 518.67 641.76 1580.74 1399.84 14.62 21.61 554.47 2388.04 9073.58 1.30 47.06 522.41 2388.03 8151.47 8.4018 0.03 391 2388 100.00 39.08 23.4505  
5 73 -0.0012 -0.0002 100.0 518.67 642.28 1586.66 1396.49 14.62 21.61 554.24 2388.01 9067.91 1.30 47.45 522.42 2387.95 8153.71 8.4145 0.03 390 2388 100.00 38.97 23.5003  
5 74 -0.0050 -0.0002 100.0 518.67 642.05 1576.18 1403.57 14.62 21.61 553.43 2388.01 9074.26 1.30 47.22 523.04 2387.98 8149.65 8.3815 0.03 393 2388 100.00 39.00 23.4514  
5 75 0.0011 -0.0004 100.0 518.67 642.34 1576.87 1395.05 14.62 21.61 554.16 2388.03 9072.57 1.30 47.08 522.12 2387.97 8150.97 8.4485 0.03 390 2388 100.00 38.80 23.3528  
5 76 0.0014 0.0005 100.0 518.67 642.29 1585.43 1402.80 14.62 21.61 554.33 2388.05 9061.47 1.30 47.46 522.81 2387.94 8154.44 8.3913 0.03 392 2388 100.00 38.86 23.4149  
5 77 -0.0016 -0.0001 100.0 518.67 642.99 1582.03 1400.14 14.62 21.61 554.69 2388.02 9069.50 1.30 47.43 522.21 2387.99 8144.93 8.3842 0.03 391 2388 100.00 38.95 23.4504  
5 78 0.0011 -0.0005 100.0 518.67 642.15 1593.61 1407.48 14.62 21.61 554.27 2387.97 9064.12 1.30 47.16 521.77 2387.99 8151.45 8.3796 0.03 390 2388 100.00 39.02 23.3962  
5 79 -0.0004 -0.0001 100.0 518.67 642.16 1583.08 1401.35 14.62 21.61 554.27 2388.02 9066.15 1.30 47.20 522.78 2387.99 8159.16 8.4122 0.03 392 2388 100.00 39.10 23.4195  
5 80 -0.0032 0.0003 100.0 518.67 642.18 1582.73 1396.24 14.62 21.61 554.33 2388.01 9067.12 1.30 47.34 522.68 2387.95 8152.08 8.4220 0.03 391 2388 100.00 39.08 23.4154  
5 81 0.0009 -0.0005 100.0 518.67 642.38 1592.17 1400.48 14.62 21.61 554.47 2388.02 9073.63 1.30 47.26 522.34 2387.98 8148.93 8.4031 0.03 392 2388 100.00 39.08 23.4464  
5 82 -0.0001 -0.0001 100.0 518.67 642.50 1584.27 1400.08 14.62 21.61 555.48 2387.98 9063.76 1.30 47.19 522.64 2388.04 8153.87 8.4127 0.03 392 2388 100.00 38.86 23.3330  
5 83 0.0018 -0.0003 100.0 518.67 642.19 1588.18 1395.20 14.62 21.61 554.30 2388.04 9068.21 1.30 47.29 522.79 2387.99 8150.81 8.3695 0.03 392 2388 100.00 38.91 23.4349  
5 84 -0.0018 0.0001 100.0 518.67 642.59 1587.38 1396.86 14.62 21.61 554.86 2388.02 9066.30 1.30 47.20 522.10 2388.01 8151.33 8.4186 0.03 392 2388 100.00 39.02 23.4100  
5 85 0.0015 -0.0003 100.0 518.67 642.42 1582.86 1403.16 14.62 21.61 554.41 2388.00 9079.41 1.30 47.24 522.75 2387.94 8148.50 8.4250 0.03 394 2388 100.00 38.83 23.3590  
5 86 0.0017 -0.0002 100.0 518.67 642.21 1585.24 1402.72 14.62 21.60 554.86 2388.01 9074.78 1.30 47.29 522.21 2388.00 8148.28 8.4018 0.03 393 2388 100.00 38.97 23.3620  
5 87 -0.0001 -0.0005 100.0 518.67 642.39 1588.63 1399.65 14.62 21.60 554.98 2387.99 9064.05 1.30 47.20 522.54 2387.96 8157.70 8.4232 0.03 391 2388 100.00 39.01 23.4197  
5 88 0.0014 -0.0005 100.0 518.67 642.38 1588.61 1400.56 14.62 21.61 554.18 2388.02 9065.71 1.30 47.09 522.95 2388.00 8149.73 8.3992 0.03 393 2388 100.00 38.97 23.3229  
5 89 -0.0028 0.0003 100.0 518.67 642.54 1580.00 1399.09 14.62 21.61 554.30 2387.93 9063.81 1.30 47.18 522.33 2388.01 8152.02 8.3848 0.03 393 2388 100.00 38.90 23.3537  
5 90 0.0025 0.0001 100.0 518.67 641.75 1587.26 1398.29 14.62 21.61 554.88 2387.98 9074.24 1.30 47.18 522.32 2387.98 8151.57 8.4278 0.03 392 2388 100.00 39.17 23.4179  
5 91 -0.0052 -0.0001 100.0 518.67 642.40 1584.88 1397.86 14.62 21.61 554.37 2388.00 9066.54 1.30 47.30 522.69 2387.98 8151.87 8.4312 0.03 391 2388 100.00 38.99 23.4760  
5 92 -0.0015 -0.0002 100.0 518.67 641.96 1584.87 1397.48 14.62 21.61 554.48 2387.99 9073.50 1.30 47.19 522.91 2388.02 8155.93 8.3722 0.03 392 2388 100.00 39.19 23.3706  
5 93 -0.0028 0.0001 100.0 518.67 642.14 1586.11 1407.84 14.62 21.61 554.78 2387.97 9067.04 1.30 47.23 522.39 2387.99 8147.16 8.3897 0.03 391 2388 100.00 39.08 23.3175  
5 94 0.0021 -0.0003 100.0 518.67 642.44 1589.66 1402.46 14.62 21.61 554.69 2388.04 9071.30 1.30 47.26 522.37 2388.00 8148.07 8.4148 0.03 393 2388 100.00 39.06 23.4094  
5 95 0.0002 0.0001 100.0 518.67 642.27 1580.93 1394.89 14.62 21.61 554.31 2387.97 9069.86 1.30 47.35 522.12 2388.04 8151.57 8.3960 0.03 391 2388 100.00 39.07 23.3527  
5 96 0.0004 -0.0001 100.0 518.67 642.62 1580.17 1403.38 14.62 21.61 554.06 2388.03 9071.89 1.30 47.17 522.42 2387.99 8147.04 8.4102 0.03 391 2388 100.00 38.91 23.3657  
5 97 -0.0029 0.0004 100.0 518.67 641.94 1580.56 1403.69 14.62 21.61 554.62 2388.02 9078.81 1.30 47.14 522.36 2388.00 8149.62 8.4089 0.03 393 2388 100.00 39.13 23.5044  
5 98 0.0028 -0.0002 100.0 518.67 641.62 1581.93 1395.22 14.62 21.61 554.37 2388.02 9063.10 1.30 47.20 522.18 2388.01 8155.02 8.4027 0.03 392 2388 100.00 39.03 23.4596  
5 99 -0.0012 -0.0002 100.0 518.67 642.17 1591.08 1391.43 14.62 21.61 554.22 2387.95 9078.41 1.30 47.18 522.54 2388.00 8150.57 8.4152 0.03 391 2388 100.00 39.01 23.4228  
5 100 -0.0027 -0.0003 100.0 518.67 641.92 1585.75 1397.44 14.62 21.60 553.54 2387.94 9071.49 1.30 47.17 522.76 2388.00 8154.36 8.4161 0.03 392 2388 100.00 38.97 23.3163  
5 101 0.0004 -0.0002 100.0 518.67 642.70 1579.62 1397.41 14.62 21.61 553.76 2387.99 9076.44 1.30 47.42 522.09 2388.05 8149.76 8.4371 0.03 393 2388 100.00 39.19 23.3793  
5 102 0.0027 -0.0002 100.0 518.67 642.63 1579.47 1393.14 14.62 21.61 554.64 2388.02 9072.16 1.30 47.25 521.98 2388.01 8148.20 8.3718 0.03 391 2388 100.00 38.92 23.3448  
5 103 0.0027 -0.0003 100.0 518.67 641.39 1585.05 1397.75 14.62 21.61 553.78 2388.03 9072.66 1.30 47.18 522.33 2388.02 8160.43 8.4155 0.03 393 2388 100.00 38.97 23.3841  
5 104 -0.0001 -0.0002 100.0 518.67 642.13 1588.35 1405.50 14.62 21.61 553.94 2388.04 9073.26 1.30 47.32 522.53 2387.96 8152.78 8.4004 0.03 391 2388 100.00 38.86 23.4793  
5 105 0.0034 -0.0001 100.0 518.67 642.52 1582.74 1399.72 14.62 21.61 554.30 2387.97 9071.75 1.30 47.32 522.66 2388.03 8155.55 8.4357 0.03 391 2388 100.00 38.98 23.3791  
5 106 0.0022 -0.0000 100.0 518.67 642.42 1585.81 1399.66 14.62 21.61 554.65 2387.97 9072.50 1.30 47.33 521.77 2387.98 8151.48 8.4020 0.03 390 2388 100.00 38.98 23.4664  
5 107 -0.0009 0.0002 100.0 518.67 642.12 1580.22 1403.27 14.62 21.61 554.18 2388.01 9075.77 1.30 47.03 521.47 2388.03 8149.95 8.4003 0.03 390 2388 100.00 38.92 23.3522  
5 108 -0.0004 0.0002 100.0 518.67 642.61 1592.57 1406.74 14.62 21.61 554.05 2388.01 9077.89 1.30 47.16 522.49 2388.01 8148.33 8.4056 0.03 392 2388 100.00 39.15 23.3899  
5 109 0.0012 0.0002 100.0 518.67 642.03 1581.03 1391.38 14.62 21.61 554.31 2388.03 9071.55 1.30 47.35 521.91 2387.99 8148.45 8.3903 0.03 392 2388 100.00 38.93 23.3034  
5 110 0.0030 -0.0005 100.0 518.67 641.57 1580.40 1400.61 14.62 21.61 554.33 2388.01 9068.93 1.30 47.11 522.08 2387.96 8150.05 8.4118 0.03 392 2388 100.00 39.03 23.4280  
5 111 0.0008 -0.0001 100.0 518.67 642.12 1588.25 1399.03 14.62 21.61 553.91 2387.97 9067.07 1.30 47.31 521.67 2387.96 8158.69 8.3775 0.03 393 2388 100.00 39.06 23.3769  
5 112 0.0035 0.0000 100.0 518.67 642.18 1578.36 1398.63 14.62 21.61 553.60 2387.98 9077.06 1.30 47.22 522.31 2388.02 8150.06 8.4042 0.03 392 2388 100.00 38.97 23.4720  
5 113 -0.0047 -0.0005 100.0 518.67 642.47 1581.80 1397.04 14.62 21.61 554.59 2387.99 9070.64 1.30 47.33 522.01 2387.97 8155.45 8.4125 0.03 392 2388 100.00 38.97 23.4274  
5 114 0.0023 -0.0004 100.0 518.67 642.12 1586.53 1399.95 14.62 21.61 554.20 2387.98 9074.92 1.30 47.42 522.84 2387.98 8148.49 8.4299 0.03 391 2388 100.00 38.97 23.4386  
5 115 -0.0003 0.0000 100.0 518.67 642.77 1582.08 1402.61 14.62 21.61 555.09 2388.02 9072.51 1.30 47.24 522.32 2388.01 8151.54 8.3732 0.03 390 2388 100.00 39.02 23.5323  
5 116 0.0029 -0.0003 100.0 518.67 641.54 1578.30 1397.36 14.62 21.61 554.95 2388.01 9067.42 1.30 47.24 522.38 2388.01 8148.67 8.4089 0.03 392 2388 100.00 38.95 23.4573  
5 117 0.0002 0.0001 100.0 518.67 642.57 1585.30 1406.58 14.62 21.61 554.40 2388.05 9076.87 1.30 47.23 521.54 2388.01 8151.23 8.3931 0.03 391 2388 100.00 39.19 23.3632  
5 118 -0.0023 0.0004 100.0 518.67 642.04 1589.99 1394.96 14.62 21.61 554.57 2388.00 9077.80 1.30 47.36 522.24 2388.02 8149.68 8.4122 0.03 391 2388 100.00 39.10 23.3690  
5 119 0.0028 -0.0002 100.0 518.67 642.25 1585.03 1391.47 14.62 21.61 554.50 2388.04 9068.59 1.30 47.35 522.22 2387.99 8154.15 8.4193 0.03 392 2388 100.00 38.84 23.3717  
5 120 0.0003 -0.0002 100.0 518.67 641.96 1587.16 1405.61 14.62 21.61 554.14 2388.00 9078.96 1.30 47.33 521.61 2388.01 8157.10 8.4223 0.03 391 2388 100.00 38.97 23.3627  
5 121 0.0007 -0.0004 100.0 518.67 642.57 1584.87 1402.45 14.62 21.61 554.38 2388.05 9069.61 1.30 47.31 522.52 2388.04 8150.71 8.4385 0.03 393 2388 100.00 39.01 23.4894  
5 122 0.0015 0.0003 100.0 518.67 641.78 1580.36 1396.67 14.62 21.61 554.41 2387.98 9062.80 1.30 47.26 522.73 2388.02 8151.99 8.4298 0.03 391 2388 100.00 38.97 23.2826  
5 123 0.0015 -0.0004 100.0 518.67 641.65 1588.78 1401.27 14.62 21.61 554.09 2387.99 9076.71 1.30 47.19 522.02 2388.01 8156.92 8.3626 0.03 389 2388 100.00 38.90 23.3777  
5 124 0.0045 0.0003 100.0 518.67 642.63 1589.31 1397.74 14.62 21.61 554.24 2387.99 9078.22 1.30 47.37 522.08 2388.00 8151.19 8.4326 0.03 392 2388 100.00 38.81 23.3583  
5 125 -0.0017 0.0001 100.0 518.67 641.73 1578.00 1406.98 14.62 21.61 554.33 2388.01 9074.98 1.30 47.30 522.24 2388.00 8149.66 8.3917 0.03 391 2388 100.00 38.97 23.3550  
5 126 -0.0009 -0.0001 100.0 518.67 641.86 1582.79 1410.79 14.62 21.61 553.99 2388.02 9077.51 1.30 47.17 522.12 2388.01 8151.84 8.4112 0.03 392 2388 100.00 39.07 23.4284  
5 127 -0.0006 -0.0000 100.0 518.67 642.43 1583.60 1408.51 14.62 21.61 554.60 2388.01 9073.53 1.30 47.33 522.54 2387.97 8152.34 8.3721 0.03 393 2388 100.00 38.90 23.4354  
5 128 -0.0050 0.0002 100.0 518.67 642.35 1589.76 1404.39 14.62 21.61 553.89 2388.05 9074.18 1.30 47.41 521.77 2388.04 8151.24 8.3979 0.03 394 2388 100.00 38.86 23.3150  
5 129 0.0023 -0.0003 100.0 518.67 642.68 1588.84 1397.11 14.62 21.61 554.65 2387.97 9069.92 1.30 47.19 522.49 2388.02 8159.84 8.3929 0.03 391 2388 100.00 39.06 23.3206  
5 130 0.0021 0.0001 100.0 518.67 643.07 1586.07 1408.21 14.62 21.61 553.76 2388.04 9073.87 1.30 47.27 522.11 2388.01 8154.97 8.4067 0.03 392 2388 100.00 38.96 23.3630  
5 131 0.0001 -0.0002 100.0 518.67 642.21 1586.16 1397.93 14.62 21.61 554.12 2387.99 9078.24 1.30 47.38 522.60 2387.97 8154.99 8.4124 0.03 393 2388 100.00 38.85 23.2558  
5 132 0.0021 -0.0002 100.0 518.67 642.43 1591.74 1399.12 14.62 21.61 554.63 2388.02 9067.58 1.30 47.26 522.04 2387.98 8156.38 8.4106 0.03 391 2388 100.00 38.97 23.2871  
5 133 -0.0037 -0.0003 100.0 518.67 642.28 1589.63 1404.86 14.62 21.61 553.91 2387.97 9070.01 1.30 47.30 521.62 2387.96 8151.26 8.4125 0.03 392 2388 100.00 38.90 23.2596  
5 134 -0.0029 -0.0003 100.0 518.67 641.32 1585.83 1399.74 14.62 21.61 554.34 2388.01 9065.89 1.30 47.38 521.86 2387.98 8153.79 8.4053 0.03 391 2388 100.00 39.09 23.4019  
5 135 0.0007 0.0001 100.0 518.67 641.98 1587.28 1402.53 14.62 21.61 554.09 2388.04 9069.11 1.30 47.23 522.34 2388.02 8154.79 8.4215 0.03 391 2388 100.00 39.01 23.4529  
5 136 -0.0021 -0.0002 100.0 518.67 641.52 1578.20 1402.29 14.62 21.61 554.81 2388.00 9072.70 1.30 47.20 521.98 2388.03 8153.25 8.4259 0.03 391 2388 100.00 39.10 23.3288  
5 137 -0.0024 -0.0002 100.0 518.67 642.24 1584.09 1401.10 14.62 21.61 554.89 2388.07 9081.28 1.30 47.40 522.14 2387.97 8161.82 8.4328 0.03 392 2388 100.00 38.92 23.3137  
5 138 -0.0025 0.0003 100.0 518.67 641.67 1583.46 1399.78 14.62 21.61 554.45 2388.04 9069.11 1.30 47.18 521.86 2388.03 8153.44 8.3749 0.03 392 2388 100.00 39.00 23.4072  
5 139 -0.0009 0.0003 100.0 518.67 642.33 1584.72 1401.56 14.62 21.61 555.09 2388.00 9082.51 1.30 47.27 522.20 2388.07 8153.89 8.4223 0.03 392 2388 100.00 38.92 23.3578  
5 140 0.0030 0.0000 100.0 518.67 642.83 1585.38 1401.41 14.62 21.61 553.73 2388.00 9075.25 1.30 47.21 522.32 2388.03 8154.65 8.4191 0.03 394 2388 100.00 38.87 23.2958  
5 141 0.0013 0.0004 100.0 518.67 641.74 1588.78 1399.09 14.62 21.61 554.44 2388.01 9070.37 1.30 47.33 521.88 2388.02 8151.24 8.4425 0.03 394 2388 100.00 38.69 23.4524  
5 142 -0.0006 0.0004 100.0 518.67 642.36 1585.52 1402.08 14.62 21.61 554.61 2388.00 9076.68 1.30 47.20 522.07 2388.03 8153.84 8.4021 0.03 392 2388 100.00 38.90 23.3333  
5 143 0.0004 -0.0003 100.0 518.67 642.40 1587.63 1397.69 14.62 21.61 554.91 2387.94 9075.83 1.30 47.28 522.06 2388.06 8153.38 8.3784 0.03 392 2388 100.00 38.92 23.4932  
5 144 0.0006 0.0001 100.0 518.67 642.35 1580.32 1398.33 14.62 21.61 554.21 2388.04 9084.63 1.30 47.32 522.06 2387.93 8155.64 8.3952 0.03 392 2388 100.00 38.85 23.3937  
5 145 0.0015 -0.0003 100.0 518.67 642.31 1592.74 1402.00 14.62 21.61 554.58 2388.02 9075.61 1.30 47.32 522.15 2388.01 8154.49 8.4079 0.03 391 2388 100.00 38.77 23.3737  
5 146 0.0009 0.0001 100.0 518.67 642.77 1593.16 1407.30 14.62 21.61 553.90 2388.04 9076.16 1.30 47.24 521.91 2388.00 8155.61 8.3960 0.03 393 2388 100.00 38.95 23.2991  
5 147 0.0022 -0.0004 100.0 518.67 642.01 1591.29 1400.00 14.62 21.61 553.86 2388.00 9073.84 1.30 47.33 522.35 2387.96 8155.31 8.3754 0.03 389 2388 100.00 38.97 23.3927  
5 148 -0.0020 -0.0001 100.0 518.67 642.24 1583.74 1397.13 14.62 21.61 554.64 2388.01 9072.42 1.30 47.35 522.37 2388.02 8158.97 8.4175 0.03 390 2388 100.00 38.97 23.4523  
5 149 -0.0008 -0.0002 100.0 518.67 642.53 1585.65 1401.78 14.62 21.61 553.95 2388.01 9075.63 1.30 47.12 521.78 2388.03 8158.85 8.4133 0.03 392 2388 100.00 38.95 23.3417  
5 150 0.0004 0.0001 100.0 518.67 641.86 1583.10 1410.38 14.62 21.61 553.81 2388.01 9082.24 1.30 47.44 522.02 2388.05 8154.12 8.4127 0.03 392 2388 100.00 38.88 23.3477  
5 151 0.0010 -0.0000 100.0 518.67 642.03 1588.20 1406.30 14.62 21.61 554.40 2388.03 9070.81 1.30 47.28 521.81 2388.01 8154.79 8.4232 0.03 393 2388 100.00 38.95 23.3254  
5 152 0.0002 -0.0003 100.0 518.67 641.87 1583.85 1395.92 14.62 21.61 553.55 2388.05 9085.33 1.30 47.36 522.37 2388.02 8158.80 8.4163 0.03 392 2388 100.00 38.68 23.3302  
5 153 0.0019 0.0002 100.0 518.67 642.62 1589.26 1406.59 14.62 21.61 554.39 2387.99 9073.55 1.30 47.44 522.07 2388.03 8155.84 8.4250 0.03 391 2388 100.00 38.85 23.3812  
5 154 -0.0019 -0.0001 100.0 518.67 642.24 1581.11 1394.88 14.62 21.61 554.47 2387.99 9072.68 1.30 47.44 521.91 2388.02 8152.63 8.4069 0.03 394 2388 100.00 39.13 23.4176  
5 155 0.0005 -0.0002 100.0 518.67 642.32 1584.17 1399.99 14.62 21.61 554.56 2388.01 9079.84 1.30 47.32 521.83 2387.99 8155.60 8.4703 0.03 393 2388 100.00 38.76 23.3817  
5 156 -0.0012 -0.0003 100.0 518.67 642.24 1590.06 1401.26 14.62 21.61 553.05 2388.05 9077.82 1.30 47.37 522.19 2388.03 8155.77 8.4005 0.03 393 2388 100.00 38.99 23.2654  
5 157 0.0006 0.0001 100.0 518.67 642.13 1589.32 1404.11 14.62 21.61 554.02 2388.02 9076.39 1.30 47.44 521.76 2388.00 8159.66 8.4120 0.03 393 2388 100.00 39.05 23.3554  
5 158 -0.0001 -0.0005 100.0 518.67 641.88 1592.30 1400.20 14.62 21.61 553.82 2388.06 9078.00 1.30 47.23 521.60 2388.00 8162.37 8.4106 0.03 393 2388 100.00 38.96 23.2331  
5 159 -0.0007 -0.0001 100.0 518.67 642.42 1585.25 1410.83 14.62 21.61 553.99 2387.99 9079.84 1.30 47.45 521.64 2388.04 8149.84 8.3972 0.03 392 2388 100.00 39.09 23.3098  
5 160 0.0022 0.0004 100.0 518.67 642.28 1589.77 1407.02 14.62 21.61 553.84 2388.02 9082.33 1.30 47.11 521.65 2388.01 8156.50 8.4285 0.03 394 2388 100.00 38.70 23.3987  
5 161 0.0019 -0.0005 100.0 518.67 642.04 1587.84 1408.28 14.62 21.61 553.85 2387.97 9076.65 1.30 47.47 522.19 2388.04 8154.94 8.4065 0.03 392 2388 100.00 38.94 23.3001  
5 162 -0.0017 0.0004 100.0 518.67 642.07 1586.84 1401.45 14.62 21.61 554.61 2388.05 9078.05 1.30 47.29 522.25 2388.00 8160.48 8.4047 0.03 392 2388 100.00 38.90 23.3782  
5 163 -0.0010 0.0004 100.0 518.67 642.63 1594.42 1403.54 14.62 21.61 553.72 2388.03 9072.23 1.30 47.49 521.72 2388.00 8164.66 8.4168 0.03 392 2388 100.00 38.94 23.2216  
5 164 -0.0019 -0.0001 100.0 518.67 642.56 1591.76 1397.82 14.62 21.61 554.50 2388.05 9081.97 1.30 47.55 521.95 2388.06 8154.55 8.4310 0.03 392 2388 100.00 38.90 23.3994  
5 165 0.0007 0.0003 100.0 518.67 642.53 1592.10 1405.58 14.62 21.61 553.89 2388.10 9086.90 1.30 47.38 522.03 2388.04 8158.97 8.3896 0.03 392 2388 100.00 38.99 23.2691  
5 166 -0.0021 -0.0004 100.0 518.67 642.70 1587.64 1398.78 14.62 21.61 554.41 2388.05 9079.54 1.30 47.41 522.02 2388.03 8160.35 8.4194 0.03 392 2388 100.00 38.94 23.3141  
5 167 -0.0004 0.0003 100.0 518.67 642.54 1585.36 1398.88 14.62 21.61 554.44 2388.02 9076.45 1.30 47.30 522.33 2388.01 8157.53 8.4001 0.03 393 2388 100.00 38.97 23.3531  
5 168 -0.0004 -0.0004 100.0 518.67 642.22 1584.33 1406.51 14.62 21.61 553.71 2388.04 9085.10 1.30 47.22 521.54 2388.05 8153.73 8.4284 0.03 395 2388 100.00 39.02 23.3666  
5 169 -0.0030 0.0001 100.0 518.67 642.61 1584.53 1404.83 14.62 21.61 553.94 2388.01 9087.43 1.30 47.51 521.47 2387.99 8158.85 8.4577 0.03 393 2388 100.00 38.89 23.3704  
5 170 0.0009 -0.0004 100.0 518.67 642.80 1590.51 1406.09 14.62 21.61 553.83 2388.06 9088.19 1.30 47.57 521.96 2388.01 8163.73 8.3779 0.03 392 2388 100.00 39.03 23.4814  
5 171 -0.0032 0.0003 100.0 518.67 642.41 1585.41 1405.30 14.62 21.61 553.62 2387.99 9079.76 1.30 47.53 521.62 2388.07 8156.60 8.4307 0.03 391 2388 100.00 38.85 23.3103  
5 172 0.0019 0.0001 100.0 518.67 642.05 1581.11 1409.15 14.62 21.61 554.47 2388.03 9079.47 1.30 47.48 521.97 2388.00 8159.87 8.4525 0.03 393 2388 100.00 38.98 23.2871  
5 173 0.0055 0.0000 100.0 518.67 642.61 1578.99 1399.72 14.62 21.61 554.43 2388.02 9077.68 1.30 47.38 522.11 2388.01 8164.74 8.4031 0.03 394 2388 100.00 38.81 23.3066  
5 174 0.0010 0.0000 100.0 518.67 642.28 1585.00 1405.40 14.62 21.61 553.46 2388.04 9080.43 1.30 47.37 521.69 2387.98 8155.50 8.3928 0.03 391 2388 100.00 38.91 23.4187  
5 175 -0.0002 0.0004 100.0 518.67 642.07 1591.64 1407.55 14.62 21.61 553.65 2388.06 9078.61 1.30 47.45 521.74 2388.02 8156.40 8.4409 0.03 391 2388 100.00 38.73 23.2630  
5 176 -0.0029 -0.0000 100.0 518.67 642.25 1587.02 1406.02 14.62 21.61 553.70 2388.05 9080.61 1.30 47.39 521.87 2388.06 8157.38 8.4462 0.03 394 2388 100.00 39.01 23.2718  
5 177 -0.0043 -0.0002 100.0 518.67 642.32 1593.20 1404.80 14.62 21.61 554.05 2388.04 9078.66 1.30 47.49 522.42 2388.07 8163.89 8.4426 0.03 392 2388 100.00 38.91 23.4318  
5 178 -0.0022 -0.0004 100.0 518.67 642.19 1584.35 1400.44 14.62 21.61 553.80 2388.05 9088.18 1.30 47.28 521.81 2388.05 8158.21 8.4278 0.03 392 2388 100.00 38.89 23.3663  
5 179 0.0010 0.0002 100.0 518.67 642.66 1585.57 1404.91 14.62 21.61 553.92 2388.03 9083.40 1.30 47.33 521.72 2388.06 8163.93 8.4047 0.03 393 2388 100.00 38.94 23.3704  
5 180 -0.0023 0.0003 100.0 518.67 642.93 1589.16 1401.28 14.62 21.61 554.39 2387.99 9087.20 1.30 47.30 521.83 2387.98 8168.65 8.4082 0.03 392 2388 100.00 38.83 23.3568  
5 181 0.0012 -0.0000 100.0 518.67 642.13 1585.09 1406.41 14.62 21.60 553.92 2388.05 9090.10 1.30 47.24 521.95 2388.00 8157.49 8.4198 0.03 392 2388 100.00 38.63 23.3700  
5 182 -0.0015 0.0001 100.0 518.67 641.97 1587.00 1410.72 14.62 21.61 553.43 2388.04 9085.98 1.30 47.50 522.09 2388.01 8160.78 8.4283 0.03 393 2388 100.00 38.84 23.3856  
5 183 0.0004 -0.0003 100.0 518.67 642.35 1587.85 1414.51 14.62 21.61 554.04 2388.03 9082.04 1.30 47.57 521.88 2388.05 8162.34 8.4460 0.03 392 2388 100.00 38.86 23.2491  
5 184 0.0018 -0.0005 100.0 518.67 642.56 1590.20 1405.85 14.62 21.61 553.53 2388.11 9079.23 1.30 47.45 522.23 2388.04 8165.19 8.4128 0.03 393 2388 100.00 38.74 23.3167  
5 185 -0.0014 -0.0004 100.0 518.67 642.49 1589.31 1409.30 14.62 21.61 553.25 2387.98 9090.79 1.30 47.38 521.81 2388.02 8167.26 8.4278 0.03 393 2388 100.00 38.89 23.3935  
5 186 0.0002 -0.0004 100.0 518.67 641.84 1589.40 1403.46 14.62 21.61 554.15 2388.08 9081.96 1.30 47.47 521.63 2388.03 8164.25 8.4043 0.03 392 2388 100.00 38.90 23.3886  
5 187 -0.0003 0.0004 100.0 518.67 642.99 1586.12 1401.97 14.62 21.61 553.80 2388.09 9081.99 1.30 47.52 521.82 2388.02 8162.51 8.4362 0.03 392 2388 100.00 38.71 23.3220  
5 188 0.0004 -0.0004 100.0 518.67 642.91 1587.14 1406.65 14.62 21.61 553.35 2388.06 9093.76 1.30 47.32 521.95 2388.03 8159.18 8.4366 0.03 393 2388 100.00 38.87 23.2728  
5 189 0.0005 -0.0004 100.0 518.67 643.18 1582.91 1411.05 14.62 21.61 553.77 2387.99 9082.07 1.30 47.32 521.53 2387.96 8163.51 8.4415 0.03 394 2388 100.00 38.79 23.3599  
5 190 -0.0063 -0.0005 100.0 518.67 641.95 1592.58 1405.86 14.62 21.61 552.91 2388.09 9090.69 1.30 47.41 521.80 2388.03 8164.86 8.4400 0.03 394 2388 100.00 38.91 23.3148  
5 191 -0.0042 0.0002 100.0 518.67 642.40 1580.79 1401.97 14.62 21.61 553.10 2388.06 9083.96 1.30 47.46 521.68 2388.03 8163.78 8.4429 0.03 394 2388 100.00 38.95 23.4181  
5 192 -0.0008 0.0004 100.0 518.67 643.06 1589.78 1408.25 14.62 21.61 553.33 2388.04 9085.64 1.30 47.43 521.74 2388.03 8160.47 8.4332 0.03 394 2388 100.00 38.96 23.3124  
5 193 -0.0003 0.0001 100.0 518.67 642.55 1589.42 1414.49 14.62 21.61 552.88 2388.09 9088.74 1.30 47.57 521.71 2388.02 8166.44 8.4162 0.03 393 2388 100.00 38.72 23.2404  
5 194 0.0003 0.0004 100.0 518.67 642.47 1592.41 1405.27 14.62 21.61 553.82 2387.99 9091.05 1.30 47.53 521.62 2388.03 8166.57 8.4461 0.03 392 2388 100.00 38.83 23.2218  
5 195 -0.0005 -0.0000 100.0 518.67 642.40 1590.34 1421.88 14.62 21.61 553.55 2388.08 9084.23 1.30 47.36 521.68 2388.04 8163.14 8.4053 0.03 394 2388 100.00 38.77 23.2150  
5 196 0.0025 0.0000 100.0 518.67 642.36 1596.19 1412.29 14.62 21.61 553.47 2388.05 9088.43 1.30 47.57 521.40 2388.03 8161.26 8.4615 0.03 394 2388 100.00 38.74 23.3996  
5 197 0.0021 -0.0003 100.0 518.67 642.43 1590.01 1403.30 14.62 21.61 553.40 2388.04 9081.19 1.30 47.33 521.47 2388.04 8160.68 8.4338 0.03 394 2388 100.00 38.70 23.3149  
5 198 0.0039 -0.0004 100.0 518.67 642.75 1591.13 1409.60 14.62 21.61 553.37 2388.07 9084.44 1.30 47.49 521.25 2388.06 8169.31 8.4340 0.03 393 2388 100.00 38.95 23.3705  
5 199 0.0001 -0.0005 100.0 518.67 642.77 1595.73 1399.32 14.62 21.61 553.35 2388.07 9083.02 1.30 47.66 521.76 2388.06 8171.46 8.4662 0.03 395 2388 100.00 38.82 23.1856  
5 200 0.0028 0.0000 100.0 518.67 642.45 1585.80 1404.94 14.62 21.61 553.35 2388.00 9088.92 1.30 47.43 521.18 2388.02 8166.87 8.4308 0.03 392 2388 100.00 38.99 23.1455  
5 201 -0.0025 0.0003 100.0 518.67 642.26 1589.08 1407.48 14.62 21.61 553.72 2388.05 9093.90 1.30 47.51 521.60 2388.07 8172.32 8.4336 0.03 393 2388 100.00 38.87 23.1862  
5 202 -0.0019 -0.0000 100.0 518.67 642.63 1592.03 1418.05 14.62 21.61 553.57 2388.07 9088.82 1.30 47.53 521.42 2388.10 8164.59 8.4207 0.03 392 2388 100.00 38.83 23.2810  
5 203 0.0015 0.0004 100.0 518.67 643.22 1589.02 1406.81 14.62 21.61 552.99 2388.06 9092.01 1.30 47.52 521.88 2388.07 8164.43 8.4343 0.03 395 2388 100.00 38.89 23.2729  
5 204 -0.0005 -0.0000 100.0 518.67 642.67 1595.31 1414.63 14.62 21.61 553.85 2388.08 9094.49 1.30 47.50 520.88 2388.07 8172.21 8.4085 0.03 394 2388 100.00 38.72 23.3540  
5 205 -0.0010 -0.0005 100.0 518.67 642.58 1584.22 1402.80 14.62 21.61 553.92 2388.10 9087.74 1.30 47.47 521.79 2388.03 8168.65 8.4667 0.03 393 2388 100.00 38.66 23.3226  
5 206 0.0012 -0.0004 100.0 518.67 642.60 1589.26 1412.15 14.62 21.61 553.33 2388.07 9091.94 1.30 47.53 521.60 2388.10 8166.21 8.4329 0.03 393 2388 100.00 38.81 23.2004  
5 207 0.0008 -0.0003 100.0 518.67 642.59 1585.09 1418.64 14.62 21.61 553.19 2388.05 9089.76 1.30 47.69 521.33 2388.08 8166.66 8.4453 0.03 394 2388 100.00 38.84 23.3964  
5 208 -0.0006 -0.0001 100.0 518.67 643.29 1598.96 1410.31 14.62 21.61 553.17 2388.09 9099.30 1.30 47.42 521.75 2388.03 8171.30 8.4586 0.03 393 2388 100.00 38.92 23.2974  
5 209 -0.0002 0.0001 100.0 518.67 642.75 1588.40 1407.83 14.62 21.61 552.95 2388.02 9094.19 1.30 47.79 521.94 2388.03 8171.80 8.4047 0.03 394 2388 100.00 38.83 23.3604  
5 210 0.0015 0.0004 100.0 518.67 643.25 1601.16 1414.90 14.62 21.61 553.48 2388.01 9097.87 1.30 47.56 521.56 2388.02 8171.74 8.4438 0.03 394 2388 100.00 38.75 23.3408  
5 211 0.0004 -0.0001 100.0 518.67 642.81 1593.96 1410.44 14.62 21.61 553.41 2388.05 9102.50 1.30 47.45 520.91 2388.05 8172.92 8.4713 0.03 394 2388 100.00 38.66 23.2832  
5 212 -0.0026 -0.0001 100.0 518.67 643.46 1588.53 1407.63 14.62 21.61 553.14 2388.04 9092.25 1.30 47.74 521.00 2388.08 8171.49 8.4559 0.03 394 2388 100.00 38.65 23.1700  
5 213 -0.0027 0.0001 100.0 518.67 642.61 1592.49 1411.76 14.62 21.61 553.11 2388.01 9101.41 1.30 47.64 521.22 2388.03 8169.99 8.4424 0.03 394 2388 100.00 38.81 23.2581  
5 214 -0.0007 -0.0000 100.0 518.67 642.41 1590.22 1415.59 14.62 21.61 553.06 2388.04 9100.18 1.30 47.56 521.90 2388.02 8175.95 8.4100 0.03 394 2388 100.00 38.75 23.2393  
5 215 0.0030 -0.0000 100.0 518.67 643.25 1598.90 1414.35 14.62 21.61 552.63 2388.01 9095.98 1.30 47.58 521.17 2388.02 8178.30 8.4817 0.03 393 2388 100.00 38.81 23.1971  
5 216 0.0014 -0.0004 100.0 518.67 642.33 1597.02 1419.51 14.62 21.61 553.25 2388.04 9099.24 1.30 47.60 520.88 2388.08 8171.42 8.4257 0.03 394 2388 100.00 38.67 23.2079  
5 217 -0.0010 0.0004 100.0 518.67 642.69 1590.44 1411.58 14.62 21.61 553.41 2388.09 9103.20 1.30 47.58 521.49 2388.10 8174.26 8.4691 0.03 395 2388 100.00 38.59 23.2088  
5 218 -0.0014 0.0001 100.0 518.67 643.14 1593.78 1412.19 14.62 21.61 553.20 2388.04 9096.54 1.30 47.55 521.84 2388.12 8174.29 8.4446 0.03 393 2388 100.00 38.77 23.0964  
5 219 -0.0027 -0.0002 100.0 518.67 642.85 1591.70 1410.72 14.62 21.61 552.88 2388.11 9100.47 1.30 47.71 521.26 2388.11 8177.08 8.4295 0.03 394 2388 100.00 38.49 23.2752  
5 220 -0.0011 -0.0000 100.0 518.67 642.63 1591.54 1412.16 14.62 21.61 553.48 2388.13 9102.11 1.30 47.59 521.68 2388.11 8173.86 8.4664 0.03 395 2388 100.00 38.78 23.1496  
5 221 0.0034 0.0001 100.0 518.67 642.84 1599.89 1411.56 14.62 21.61 553.30 2388.04 9102.51 1.30 47.68 520.67 2388.10 8179.15 8.4499 0.03 393 2388 100.00 38.75 23.2008  
5 222 -0.0009 0.0003 100.0 518.67 642.60 1593.52 1413.57 14.62 21.61 553.17 2388.09 9103.00 1.30 47.70 520.92 2388.09 8173.81 8.4755 0.03 396 2388 100.00 38.81 23.2530  
5 223 0.0015 -0.0003 100.0 518.67 642.33 1598.78 1414.61 14.62 21.61 553.29 2388.06 9101.35 1.30 47.72 520.86 2388.06 8173.18 8.4987 0.03 394 2388 100.00 38.82 23.2127  
5 224 0.0017 0.0005 100.0 518.67 642.94 1594.20 1409.75 14.62 21.61 553.00 2388.03 9105.90 1.30 47.47 521.18 2388.08 8180.08 8.4638 0.03 396 2388 100.00 38.88 23.3276  
5 225 0.0009 -0.0004 100.0 518.67 642.92 1592.04 1420.41 14.62 21.61 553.01 2388.08 9102.44 1.30 47.71 520.41 2388.10 8179.37 8.4576 0.03 394 2388 100.00 38.70 23.1596  
5 226 -0.0031 -0.0001 100.0 518.67 642.71 1595.56 1410.58 14.62 21.61 553.43 2388.07 9107.22 1.30 47.59 521.33 2388.07 8177.69 8.4653 0.03 395 2388 100.00 38.80 23.3102  
5 227 0.0013 -0.0001 100.0 518.67 642.72 1597.53 1409.96 14.62 21.61 552.61 2388.09 9111.64 1.30 47.85 521.23 2388.05 8181.18 8.4805 0.03 394 2388 100.00 38.66 23.2685  
5 228 0.0011 -0.0001 100.0 518.67 642.73 1595.91 1416.90 14.62 21.61 553.26 2388.14 9097.12 1.30 47.75 520.64 2388.12 8173.52 8.4462 0.03 395 2388 100.00 38.91 23.2278  
5 229 -0.0018 -0.0004 100.0 518.67 643.36 1599.17 1410.49 14.62 21.61 552.54 2388.07 9102.33 1.30 47.64 521.14 2388.05 8178.67 8.4722 0.03 395 2388 100.00 38.76 23.2450  
5 230 -0.0011 0.0003 100.0 518.67 643.40 1595.61 1422.13 14.62 21.61 552.73 2388.15 9107.89 1.30 47.69 521.21 2388.09 8181.46 8.4637 0.03 393 2388 100.00 38.60 23.2551  
5 231 0.0022 0.0003 100.0 518.67 642.73 1585.50 1418.89 14.62 21.61 552.79 2388.10 9097.50 1.30 47.82 521.18 2388.04 8181.82 8.4484 0.03 395 2388 100.00 38.68 23.2363  
5 232 -0.0011 -0.0001 100.0 518.67 642.72 1599.30 1412.06 14.62 21.61 552.80 2388.10 9103.71 1.30 47.80 520.94 2388.16 8185.50 8.4974 0.03 392 2388 100.00 38.56 23.2672  
5 233 0.0002 -0.0004 100.0 518.67 643.70 1596.32 1410.89 14.62 21.61 553.12 2388.15 9110.31 1.30 47.78 521.04 2388.09 8181.22 8.4873 0.03 393 2388 100.00 38.55 23.2345  
5 234 0.0019 0.0002 100.0 518.67 642.34 1603.24 1414.62 14.62 21.61 552.73 2388.14 9118.34 1.30 47.67 521.07 2388.12 8182.23 8.4239 0.03 393 2388 100.00 38.78 23.1835  
5 235 -0.0026 -0.0002 100.0 518.67 643.17 1597.63 1414.36 14.62 21.61 552.80 2388.11 9117.65 1.30 47.73 520.52 2388.13 8183.27 8.4749 0.03 394 2388 100.00 38.75 23.2203  
5 236 0.0016 -0.0002 100.0 518.67 643.25 1593.60 1413.45 14.62 21.61 553.30 2388.09 9114.68 1.30 47.78 521.03 2388.09 8182.36 8.4957 0.03 394 2388 100.00 38.67 23.1579  
5 237 0.0003 -0.0002 100.0 518.67 643.68 1589.94 1416.89 14.62 21.61 553.00 2388.06 9117.53 1.30 47.98 521.55 2388.06 8185.55 8.4604 0.03 396 2388 100.00 38.71 23.1700  
5 238 0.0011 -0.0004 100.0 518.67 643.14 1595.09 1420.25 14.62 21.61 553.35 2388.08 9114.28 1.30 47.77 520.63 2388.06 8178.71 8.4438 0.03 395 2388 100.00 38.67 23.0958  
5 239 -0.0038 0.0002 100.0 518.67 643.05 1601.15 1418.73 14.62 21.61 553.54 2388.16 9120.67 1.30 47.85 521.51 2388.09 8185.64 8.4813 0.03 394 2388 100.00 38.72 23.1920  
5 240 0.0010 0.0001 100.0 518.67 643.41 1587.88 1420.74 14.62 21.61 552.80 2388.06 9125.04 1.30 47.84 521.47 2388.15 8187.08 8.4942 0.03 395 2388 100.00 38.67 23.1828  
5 241 0.0007 0.0000 100.0 518.67 642.99 1592.89 1428.40 14.62 21.61 552.57 2388.10 9117.35 1.30 47.57 521.03 2388.07 8187.67 8.4870 0.03 395 2388 100.00 38.66 23.2378  
5 242 0.0021 -0.0005 100.0 518.67 643.07 1603.83 1416.36 14.62 21.61 552.37 2388.13 9116.12 1.30 47.91 521.50 2388.06 8186.92 8.5047 0.03 395 2388 100.00 38.47 23.2526  
5 243 0.0029 0.0001 100.0 518.67 643.25 1599.63 1418.14 14.62 21.61 552.95 2388.12 9125.43 1.30 47.95 520.69 2388.18 8187.52 8.4759 0.03 395 2388 100.00 38.78 23.0681  
5 244 0.0002 -0.0001 100.0 518.67 642.95 1591.37 1422.41 14.62 21.61 553.16 2388.11 9123.41 1.30 47.83 520.75 2388.13 8189.79 8.4810 0.03 396 2388 100.00 38.46 23.0463  
5 245 0.0010 0.0001 100.0 518.67 643.13 1599.31 1421.80 14.62 21.61 552.46 2388.13 9114.21 1.30 47.96 520.54 2388.18 8195.26 8.4866 0.03 393 2388 100.00 38.68 23.2506  
5 246 -0.0003 -0.0001 100.0 518.67 643.49 1600.21 1422.59 14.62 21.61 552.52 2388.15 9130.35 1.30 47.79 520.38 2388.12 8193.04 8.4931 0.03 396 2388 100.00 38.58 23.2279  
5 247 0.0005 0.0000 100.0 518.67 643.40 1601.11 1416.75 14.62 21.61 551.86 2388.12 9124.41 1.30 47.87 520.01 2388.11 8190.88 8.4820 0.03 395 2388 100.00 38.76 23.1255  
5 248 0.0001 0.0001 100.0 518.67 643.45 1594.09 1422.62 14.62 21.61 552.66 2388.07 9122.01 1.30 48.03 520.51 2388.10 8192.60 8.4656 0.03 395 2388 100.00 38.60 23.1960  
5 249 -0.0041 0.0002 100.0 518.67 643.56 1597.93 1423.94 14.62 21.61 551.98 2388.16 9127.54 1.30 47.90 520.36 2388.13 8197.28 8.5371 0.03 395 2388 100.00 38.57 23.2299  
5 250 0.0004 0.0004 100.0 518.67 643.14 1596.58 1425.52 14.62 21.61 552.79 2388.14 9121.08 1.30 47.85 520.57 2388.12 8197.41 8.4391 0.03 396 2388 100.00 38.55 23.0257  
5 251 -0.0031 0.0002 100.0 518.67 643.59 1599.58 1423.26 14.62 21.61 551.47 2388.13 9130.20 1.30 47.72 520.49 2388.16 8195.27 8.4868 0.03 396 2388 100.00 38.67 23.1250  
5 252 -0.0013 -0.0001 100.0 518.67 643.71 1598.85 1419.15 14.62 21.61 551.81 2388.12 9128.70 1.30 47.82 520.42 2388.10 8191.41 8.4737 0.03 396 2388 100.00 38.61 23.2390  
5 253 0.0032 -0.0004 100.0 518.67 643.59 1602.52 1423.22 14.62 21.61 551.61 2388.11 9129.89 1.30 48.08 520.82 2388.16 8193.67 8.5090 0.03 396 2388 100.00 38.48 23.1336  
5 254 0.0043 -0.0005 100.0 518.67 643.30 1591.58 1424.36 14.62 21.61 551.48 2388.11 9133.91 1.30 47.85 520.07 2388.18 8198.61 8.5160 0.03 396 2388 100.00 38.38 23.0446  
5 255 -0.0015 -0.0003 100.0 518.67 643.46 1594.11 1428.03 14.62 21.61 551.73 2388.18 9134.42 1.30 48.19 520.38 2388.16 8199.45 8.4968 0.03 396 2388 100.00 38.67 23.2145  
5 256 0.0007 0.0005 100.0 518.67 643.66 1602.29 1431.89 14.62 21.61 551.40 2388.12 9129.24 1.30 47.82 520.46 2388.09 8203.61 8.5036 0.03 396 2388 100.00 38.49 23.0656  
5 257 0.0011 0.0004 100.0 518.67 643.22 1604.25 1424.27 14.62 21.61 552.21 2388.05 9122.22 1.30 48.27 519.88 2388.16 8202.02 8.5263 0.03 395 2388 100.00 38.61 23.2326  
5 258 0.0007 -0.0002 100.0 518.67 643.44 1596.35 1427.69 14.62 21.61 552.50 2388.16 9137.48 1.30 48.06 520.59 2388.11 8200.61 8.5105 0.03 396 2388 100.00 38.40 23.1169  
5 259 -0.0018 -0.0003 100.0 518.67 643.78 1608.65 1420.14 14.62 21.61 551.42 2388.21 9136.26 1.30 48.05 520.12 2388.15 8203.36 8.5390 0.03 397 2388 100.00 38.34 23.0195  
5 260 0.0046 -0.0004 100.0 518.67 643.25 1607.39 1425.28 14.62 21.61 552.24 2388.17 9129.69 1.30 47.96 520.06 2388.11 8205.66 8.4948 0.03 396 2388 100.00 38.74 23.1449  
5 261 0.0014 0.0005 100.0 518.67 643.27 1600.60 1421.13 14.62 21.61 552.07 2388.16 9133.37 1.30 48.13 520.63 2388.14 8201.38 8.4950 0.03 396 2388 100.00 38.52 23.1152  
5 262 -0.0010 0.0001 100.0 518.67 643.56 1601.82 1424.81 14.62 21.61 552.49 2388.16 9134.01 1.30 47.86 519.95 2388.23 8205.75 8.4983 0.03 395 2388 100.00 38.54 23.0929  
5 263 -0.0013 -0.0003 100.0 518.67 643.95 1608.20 1421.15 14.62 21.61 551.57 2388.14 9140.04 1.30 48.04 520.05 2388.15 8211.55 8.5201 0.03 397 2388 100.00 38.42 23.1361  
5 264 0.0040 -0.0005 100.0 518.67 643.77 1606.55 1425.39 14.62 21.61 551.70 2388.17 9149.72 1.30 48.26 519.83 2388.19 8207.19 8.5297 0.03 397 2388 100.00 38.37 23.1132  
5 265 0.0028 -0.0003 100.0 518.67 643.80 1605.53 1424.57 14.62 21.61 551.37 2388.16 9148.96 1.30 48.03 519.80 2388.10 8203.89 8.5410 0.03 395 2388 100.00 38.35 23.0857  
5 266 0.0000 -0.0002 100.0 518.67 643.38 1609.33 1434.40 14.62 21.61 552.35 2388.20 9147.43 1.30 48.24 519.57 2388.14 8208.49 8.5254 0.03 398 2388 100.00 38.55 23.1621  
5 267 0.0018 0.0001 100.0 518.67 643.73 1609.41 1430.25 14.62 21.61 551.55 2388.10 9147.65 1.30 48.26 519.66 2388.17 8206.86 8.5292 0.03 397 2388 100.00 38.49 23.0566  
5 268 0.0033 -0.0002 100.0 518.67 644.02 1608.65 1434.59 14.62 21.61 552.22 2388.15 9146.01 1.30 48.15 520.10 2388.14 8215.19 8.5196 0.03 397 2388 100.00 38.52 23.1180  
5 269 0.0022 0.0003 100.0 518.67 643.46 1597.28 1430.74 14.62 21.61 550.77 2388.18 9157.05 1.30 48.26 519.86 2388.16 8212.75 8.5209 0.03 397 2388 100.00 38.45 23.0296  
6 1 -0.0019 0.0003 100.0 518.67 642.73 1584.40 1412.34 14.62 21.61 552.99 2388.12 9037.26 1.30 47.56 521.69 2388.12 8116.86 8.4286 0.03 394 2388 100.00 38.94 23.3086  
6 2 0.0021 -0.0004 100.0 518.67 642.07 1590.38 1401.10 14.62 21.61 553.02 2388.09 9045.95 1.30 47.65 521.03 2388.07 8126.01 8.4343 0.03 393 2388 100.00 38.89 23.2645  
6 3 -0.0031 0.0001 100.0 518.67 642.57 1588.18 1405.86 14.62 21.61 552.76 2388.13 9044.75 1.30 47.49 521.68 2388.11 8125.49 8.4072 0.03 392 2388 100.00 38.79 23.2163  
6 4 0.0006 0.0000 100.0 518.67 641.97 1589.40 1401.21 14.62 21.61 553.10 2388.10 9036.97 1.30 47.38 521.84 2388.14 8117.06 8.4012 0.03 394 2388 100.00 38.83 23.3215  
6 5 0.0029 -0.0005 100.0 518.67 642.62 1595.13 1409.67 14.62 21.61 553.27 2388.15 9040.85 1.30 47.49 521.37 2388.18 8124.10 8.4583 0.03 394 2388 100.00 38.87 23.3240  
6 6 0.0038 0.0002 100.0 518.67 642.33 1589.59 1408.46 14.62 21.61 553.91 2388.15 9039.36 1.30 47.49 521.29 2388.15 8121.04 8.4994 0.03 393 2388 100.00 38.88 23.2869  
6 7 -0.0003 0.0005 100.0 518.67 642.44 1586.65 1403.63 14.62 21.61 553.28 2388.11 9049.25 1.30 47.49 521.38 2388.08 8121.85 8.4163 0.03 395 2388 100.00 38.85 23.2894  
6 8 0.0004 -0.0003 100.0 518.67 642.33 1586.78 1404.99 14.62 21.61 553.89 2388.16 9041.47 1.30 47.69 521.71 2388.17 8123.60 8.4739 0.03 393 2388 100.00 38.93 23.2870  
6 9 0.0012 -0.0004 100.0 518.67 643.36 1585.15 1407.48 14.62 21.61 553.54 2388.15 9040.90 1.30 47.60 522.21 2388.10 8126.08 8.4614 0.03 393 2388 100.00 38.73 23.3138  
6 10 0.0000 -0.0003 100.0 518.67 642.81 1587.89 1414.99 14.62 21.61 553.28 2388.15 9034.79 1.30 47.45 521.08 2388.14 8122.22 8.4129 0.03 391 2388 100.00 38.75 23.2454  
6 11 0.0039 -0.0005 100.0 518.67 642.50 1586.81 1401.78 14.62 21.61 552.84 2388.19 9046.12 1.30 47.67 521.55 2388.15 8123.31 8.4694 0.03 394 2388 100.00 38.98 23.3941  
6 12 -0.0033 -0.0000 100.0 518.67 642.28 1594.50 1404.65 14.62 21.61 552.36 2388.13 9040.82 1.30 47.40 521.25 2388.07 8122.73 8.4313 0.03 394 2388 100.00 38.86 23.3945  
6 13 0.0020 0.0002 100.0 518.67 642.37 1589.99 1409.91 14.62 21.61 553.67 2388.12 9044.29 1.30 47.60 520.78 2388.11 8122.02 8.4537 0.03 394 2388 100.00 38.93 23.3845  
6 14 -0.0035 0.0003 100.0 518.67 642.91 1592.99 1406.48 14.62 21.61 553.98 2388.15 9039.81 1.30 47.61 521.79 2388.15 8123.95 8.4495 0.03 393 2388 100.00 38.84 23.3262  
6 15 -0.0010 -0.0004 100.0 518.67 642.55 1584.50 1410.62 14.62 21.61 553.84 2388.11 9037.50 1.30 47.59 521.53 2388.15 8117.53 8.4468 0.03 394 2388 100.00 38.64 23.3293  
6 16 0.0003 0.0002 100.0 518.67 643.02 1589.35 1411.03 14.62 21.61 553.15 2388.10 9045.23 1.30 47.68 521.48 2388.10 8124.29 8.4485 0.03 394 2388 100.00 38.88 23.3919  
6 17 0.0015 -0.0005 100.0 518.67 643.11 1588.67 1411.59 14.62 21.61 552.85 2388.08 9042.32 1.30 47.49 521.35 2388.12 8122.36 8.4450 0.03 392 2388 100.00 38.87 23.2692  
6 18 0.0030 0.0005 100.0 518.67 642.68 1587.04 1410.20 14.62 21.61 552.43 2388.10 9036.70 1.30 47.70 521.41 2388.17 8118.77 8.4504 0.03 392 2388 100.00 38.90 23.4346  
6 19 0.0031 -0.0000 100.0 518.67 642.19 1588.21 1408.93 14.62 21.61 552.77 2388.13 9048.39 1.30 47.59 522.16 2388.08 8126.26 8.4358 0.03 394 2388 100.00 38.87 23.2571  
6 20 0.0002 -0.0004 100.0 518.67 642.63 1590.31 1405.84 14.62 21.61 553.16 2388.12 9045.94 1.30 47.47 521.32 2388.10 8122.53 8.4163 0.03 393 2388 100.00 38.76 23.2654  
6 21 0.0014 0.0005 100.0 518.67 642.41 1587.62 1411.20 14.62 21.61 553.52 2388.08 9037.73 1.30 47.51 521.03 2388.12 8120.20 8.4108 0.03 393 2388 100.00 38.94 23.2284  
6 22 0.0001 0.0004 100.0 518.67 642.75 1586.80 1412.36 14.62 21.61 553.78 2388.14 9038.39 1.30 47.53 521.78 2388.16 8124.21 8.4461 0.03 393 2388 100.00 38.71 23.2824  
6 23 -0.0035 0.0000 100.0 518.67 642.65 1592.61 1405.78 14.62 21.61 552.93 2388.19 9039.07 1.30 47.49 521.47 2388.15 8122.56 8.4343 0.03 395 2388 100.00 38.71 23.2665  
6 24 0.0013 -0.0002 100.0 518.67 642.64 1587.84 1408.88 14.62 21.61 552.66 2388.10 9042.18 1.30 47.54 521.47 2388.14 8119.70 8.4512 0.03 394 2388 100.00 38.77 23.2691  
6 25 -0.0025 -0.0005 100.0 518.67 642.60 1588.20 1404.17 14.62 21.61 553.01 2388.12 9041.67 1.30 47.37 521.51 2388.16 8119.54 8.4449 0.03 393 2388 100.00 38.81 23.2809  
6 26 0.0023 0.0003 100.0 518.67 643.19 1591.45 1409.38 14.62 21.61 553.53 2388.13 9045.49 1.30 47.59 521.75 2388.14 8121.50 8.4876 0.03 392 2388 100.00 38.76 23.3463  
6 27 -0.0020 0.0002 100.0 518.67 642.91 1587.33 1408.41 14.62 21.61 553.68 2388.13 9043.31 1.30 47.56 521.33 2388.14 8126.84 8.4485 0.03 392 2388 100.00 38.83 23.4141  
6 28 0.0024 0.0003 100.0 518.67 642.68 1590.93 1407.17 14.62 21.61 553.42 2388.13 9040.91 1.30 47.58 521.25 2388.13 8122.70 8.4252 0.03 394 2388 100.00 38.83 23.2700  
6 29 0.0036 -0.0003 100.0 518.67 642.02 1587.92 1411.63 14.62 21.61 552.83 2388.18 9045.71 1.30 47.36 521.17 2388.10 8120.58 8.4140 0.03 393 2388 100.00 38.88 23.1688  
6 30 -0.0012 -0.0001 100.0 518.67 642.10 1583.00 1409.32 14.62 21.61 553.29 2388.10 9040.37 1.30 47.46 521.46 2388.15 8115.30 8.4518 0.03 393 2388 100.00 38.97 23.3880  
6 31 -0.0013 -0.0002 100.0 518.67 642.36 1591.59 1402.06 14.62 21.61 553.17 2388.11 9044.26 1.30 47.48 521.13 2388.11 8123.97 8.4004 0.03 393 2388 100.00 38.79 23.3245  
6 32 -0.0002 -0.0005 100.0 518.67 643.03 1588.40 1407.94 14.62 21.61 553.34 2388.13 9039.21 1.30 47.53 521.57 2388.15 8125.27 8.4248 0.03 394 2388 100.00 38.75 23.4517  
6 33 0.0027 -0.0003 100.0 518.67 642.59 1590.24 1400.61 14.62 21.61 553.47 2388.14 9037.23 1.30 47.51 521.73 2388.19 8122.74 8.4597 0.03 393 2388 100.00 38.66 23.3406  
6 34 -0.0010 0.0005 100.0 518.67 642.41 1593.18 1412.46 14.62 21.61 553.22 2388.14 9039.33 1.30 47.53 520.92 2388.11 8121.72 8.3972 0.03 395 2388 100.00 38.97 23.2439  
6 35 -0.0021 0.0002 100.0 518.67 642.81 1581.62 1406.36 14.62 21.61 553.45 2388.15 9037.87 1.30 47.44 521.76 2388.19 8122.51 8.4314 0.03 393 2388 100.00 38.98 23.2475  
6 36 -0.0032 0.0003 100.0 518.67 642.88 1587.89 1410.89 14.62 21.61 553.71 2388.14 9038.05 1.30 47.55 520.89 2388.17 8119.95 8.4222 0.03 394 2388 100.00 38.82 23.2876  
6 37 -0.0010 0.0002 100.0 518.67 642.47 1591.16 1409.57 14.62 21.61 553.08 2388.13 9048.27 1.30 47.57 521.27 2388.14 8116.95 8.4108 0.03 394 2388 100.00 38.90 23.3248  
6 38 0.0013 -0.0001 100.0 518.67 642.47 1586.16 1407.91 14.62 21.61 553.28 2388.10 9051.18 1.30 47.55 521.36 2388.12 8120.98 8.4390 0.03 394 2388 100.00 38.76 23.3234  
6 39 -0.0035 -0.0003 100.0 518.67 642.68 1588.69 1410.96 14.62 21.61 553.47 2388.13 9044.21 1.30 47.50 521.12 2388.15 8122.82 8.4124 0.03 392 2388 100.00 39.10 23.2799  
6 40 0.0016 -0.0000 100.0 518.67 642.67 1584.77 1414.82 14.62 21.61 553.58 2388.11 9040.44 1.30 47.40 521.46 2388.14 8121.14 8.4366 0.03 394 2388 100.00 38.78 23.3596  
6 41 0.0032 0.0001 100.0 518.67 643.18 1586.37 1409.15 14.62 21.61 552.81 2388.18 9046.52 1.30 47.43 520.88 2388.22 8122.00 8.4154 0.03 392 2388 100.00 38.76 23.2997  
6 42 -0.0010 0.0003 100.0 518.67 641.82 1583.49 1409.75 14.62 21.61 553.23 2388.10 9039.62 1.30 47.51 521.50 2388.13 8118.08 8.4311 0.03 394 2388 100.00 38.80 23.2400  
6 43 0.0040 0.0004 100.0 518.67 642.98 1587.55 1403.00 14.62 21.61 552.65 2388.16 9039.51 1.30 47.55 520.80 2388.07 8119.96 8.4261 0.03 393 2388 100.00 38.85 23.3042  
6 44 0.0022 0.0005 100.0 518.67 642.42 1594.67 1406.01 14.62 21.61 553.21 2388.15 9043.70 1.30 47.62 521.45 2388.15 8123.94 8.4426 0.03 392 2388 100.00 38.65 23.3354  
6 45 -0.0008 0.0000 100.0 518.67 642.41 1588.48 1409.32 14.62 21.61 553.61 2388.15 9046.21 1.30 47.54 520.93 2388.18 8123.77 8.4607 0.03 393 2388 100.00 38.79 23.2485  
6 46 -0.0001 0.0004 100.0 518.67 642.94 1587.34 1403.16 14.62 21.61 553.37 2388.12 9042.49 1.30 47.50 521.49 2388.15 8121.11 8.5029 0.03 394 2388 100.00 39.06 23.2163  
6 47 -0.0002 -0.0000 100.0 518.67 642.06 1587.53 1405.63 14.62 21.61 552.47 2388.16 9041.69 1.30 47.54 521.19 2388.12 8119.87 8.4127 0.03 393 2388 100.00 38.89 23.3982  
6 48 0.0027 0.0004 100.0 518.67 642.64 1586.67 1405.29 14.62 21.61 552.99 2388.11 9043.89 1.30 47.54 521.21 2388.13 8124.11 8.4406 0.03 392 2388 100.00 38.87 23.3222  
6 49 -0.0005 0.0002 100.0 518.67 642.85 1592.36 1412.66 14.62 21.61 553.58 2388.10 9031.97 1.30 47.70 521.57 2388.18 8122.04 8.4796 0.03 394 2388 100.00 38.66 23.3686  
6 50 -0.0027 0.0001 100.0 518.67 642.55 1591.46 1401.18 14.62 21.61 553.22 2388.15 9046.78 1.30 47.62 521.01 2388.12 8123.57 8.4519 0.03 394 2388 100.00 38.82 23.2389  
6 51 0.0023 -0.0004 100.0 518.67 643.18 1587.60 1411.46 14.62 21.61 553.58 2388.09 9044.00 1.30 47.54 521.57 2388.15 8122.02 8.4422 0.03 394 2388 100.00 38.73 23.2563  
6 52 -0.0011 -0.0001 100.0 518.67 642.81 1591.54 1407.97 14.62 21.61 553.58 2388.11 9036.51 1.30 47.52 521.32 2388.21 8124.78 8.4499 0.03 393 2388 100.00 38.65 23.3049  
6 53 -0.0025 0.0001 100.0 518.67 642.72 1587.56 1411.47 14.62 21.61 553.47 2388.12 9037.00 1.30 47.61 521.41 2388.13 8119.78 8.4628 0.03 392 2388 100.00 38.83 23.3784  
6 54 -0.0023 -0.0004 100.0 518.67 643.00 1594.48 1408.17 14.62 21.61 553.57 2388.12 9037.25 1.30 47.37 520.91 2388.13 8122.97 8.4520 0.03 393 2388 100.00 38.82 23.3575  
6 55 0.0010 -0.0001 100.0 518.67 642.62 1593.80 1410.73 14.62 21.61 553.60 2388.12 9038.34 1.30 47.49 521.44 2388.15 8116.16 8.4378 0.03 394 2388 100.00 38.74 23.3015  
6 56 -0.0037 0.0004 100.0 518.67 642.53 1589.29 1411.17 14.62 21.61 553.40 2388.16 9039.30 1.30 47.49 521.11 2388.10 8120.19 8.4589 0.03 393 2388 100.00 38.93 23.2232  
6 57 0.0032 -0.0001 100.0 518.67 642.40 1592.85 1409.82 14.62 21.61 553.45 2388.13 9036.78 1.30 47.53 521.10 2388.11 8117.74 8.4325 0.03 394 2388 100.00 38.96 23.3324  
6 58 -0.0052 -0.0004 100.0 518.67 642.83 1585.97 1414.39 14.62 21.61 553.00 2388.16 9040.97 1.30 47.61 521.14 2388.14 8124.15 8.4269 0.03 393 2388 100.00 38.90 23.1848  
6 59 0.0014 0.0005 100.0 518.67 642.99 1588.01 1410.16 14.62 21.61 552.76 2388.11 9037.86 1.30 47.58 521.25 2388.11 8123.31 8.4444 0.03 393 2388 100.00 38.78 23.2489  
6 60 -0.0026 -0.0002 100.0 518.67 642.75 1590.14 1406.90 14.62 21.61 552.75 2388.15 9040.18 1.30 47.47 521.50 2388.15 8122.11 8.4205 0.03 392 2388 100.00 38.71 23.2712  
6 61 0.0000 0.0002 100.0 518.67 643.24 1595.27 1413.96 14.62 21.61 553.30 2388.12 9040.45 1.30 47.87 521.17 2388.12 8118.39 8.4707 0.03 394 2388 100.00 38.89 23.2791  
6 62 -0.0007 -0.0001 100.0 518.67 642.59 1593.19 1404.16 14.62 21.61 553.03 2388.10 9040.55 1.30 47.37 520.97 2388.15 8120.01 8.4310 0.03 393 2388 100.00 38.82 23.2902  
6 63 0.0015 -0.0005 100.0 518.67 642.55 1597.51 1412.65 14.62 21.61 553.60 2388.13 9041.28 1.30 47.49 521.93 2388.20 8119.94 8.4408 0.03 394 2388 100.00 38.91 23.4008  
6 64 0.0006 -0.0004 100.0 518.67 643.19 1589.76 1407.19 14.62 21.61 553.58 2388.12 9038.75 1.30 47.52 520.57 2388.14 8125.42 8.4561 0.03 393 2388 100.00 38.80 23.3289  
6 65 -0.0017 -0.0004 100.0 518.67 642.56 1591.75 1411.47 14.62 21.61 553.40 2388.12 9038.59 1.30 47.68 521.23 2388.14 8121.92 8.4261 0.03 392 2388 100.00 38.77 23.2611  
6 66 0.0038 0.0003 100.0 518.67 642.70 1594.43 1408.80 14.62 21.61 553.41 2388.20 9040.03 1.30 47.47 521.27 2388.10 8122.76 8.4617 0.03 394 2388 100.00 38.74 23.2412  
6 67 -0.0005 0.0005 100.0 518.67 642.87 1588.19 1412.54 14.62 21.61 553.11 2388.15 9040.94 1.30 47.45 521.50 2388.17 8119.46 8.4238 0.03 394 2388 100.00 38.91 23.3140  
6 68 0.0020 -0.0002 100.0 518.67 642.66 1587.59 1413.13 14.62 21.61 553.19 2388.16 9040.50 1.30 47.61 521.15 2388.08 8123.10 8.4473 0.03 392 2388 100.00 38.79 23.2079  
6 69 -0.0037 0.0001 100.0 518.67 642.48 1592.19 1406.96 14.62 21.61 553.28 2388.17 9039.42 1.30 47.68 521.25 2388.16 8125.43 8.4450 0.03 393 2388 100.00 38.90 23.2988  
6 70 0.0022 -0.0003 100.0 518.67 643.06 1599.27 1409.21 14.62 21.61 553.10 2388.18 9038.52 1.30 47.50 521.09 2388.17 8122.54 8.4269 0.03 395 2388 100.00 38.77 23.2539  
6 71 -0.0019 -0.0002 100.0 518.67 642.89 1594.41 1412.36 14.62 21.61 553.41 2388.15 9038.86 1.30 47.59 521.14 2388.21 8118.76 8.4253 0.03 392 2388 100.00 38.64 23.2522  
6 72 0.0002 0.0003 100.0 518.67 642.92 1586.94 1415.80 14.62 21.61 553.13 2388.14 9042.84 1.30 47.42 521.11 2388.13 8125.71 8.4660 0.03 392 2388 100.00 38.79 23.2914  
6 73 -0.0005 0.0003 100.0 518.67 643.07 1590.53 1410.20 14.62 21.61 552.74 2388.15 9042.42 1.30 47.70 521.03 2388.10 8123.17 8.4582 0.03 392 2388 100.00 38.64 23.1547  
6 74 0.0021 0.0004 100.0 518.67 642.53 1588.12 1409.58 14.62 21.61 552.94 2388.10 9037.56 1.30 47.65 521.41 2388.13 8125.89 8.4368 0.03 393 2388 100.00 38.96 23.2868  
6 75 -0.0003 -0.0002 100.0 518.67 642.69 1583.72 1410.50 14.62 21.61 552.67 2388.23 9043.39 1.30 47.66 520.65 2388.19 8128.37 8.4528 0.03 391 2388 100.00 38.98 23.1768  
6 76 -0.0002 0.0003 100.0 518.67 642.28 1592.11 1412.11 14.62 21.61 552.24 2388.14 9036.63 1.30 47.52 522.03 2388.14 8127.15 8.4406 0.03 395 2388 100.00 39.05 23.2793  
6 77 -0.0025 0.0003 100.0 518.67 643.32 1587.84 1416.71 14.62 21.61 553.91 2388.13 9045.17 1.30 47.76 521.18 2388.15 8121.46 8.3731 0.03 393 2388 100.00 38.67 23.2879  
6 78 -0.0009 0.0001 100.0 518.67 643.26 1586.98 1411.31 14.62 21.61 553.99 2388.13 9045.66 1.30 47.44 520.99 2388.13 8118.31 8.4405 0.03 394 2388 100.00 38.66 23.2259  
6 79 -0.0004 0.0004 100.0 518.67 643.12 1593.19 1414.85 14.62 21.61 553.54 2388.12 9044.06 1.30 47.83 521.20 2388.17 8122.79 8.4530 0.03 393 2388 100.00 38.72 23.2171  
6 80 0.0012 0.0002 100.0 518.67 642.86 1593.18 1409.06 14.62 21.61 552.67 2388.11 9043.31 1.30 47.53 521.16 2388.14 8126.68 8.4183 0.03 393 2388 100.00 38.77 23.3326  
6 81 -0.0007 -0.0002 100.0 518.67 642.38 1595.09 1411.10 14.62 21.61 553.81 2388.12 9043.46 1.30 47.51 520.97 2388.12 8118.93 8.4261 0.03 392 2388 100.00 38.80 23.2556  
6 82 0.0019 -0.0002 100.0 518.67 642.48 1588.50 1410.57 14.62 21.61 552.88 2388.16 9047.64 1.30 47.66 521.26 2388.19 8119.97 8.4610 0.03 394 2388 100.00 38.71 23.1779  
6 83 0.0003 -0.0002 100.0 518.67 642.74 1593.02 1415.45 14.62 21.61 552.77 2388.11 9039.56 1.30 47.67 521.04 2388.06 8124.93 8.4679 0.03 394 2388 100.00 38.69 23.1490  
6 84 -0.0003 0.0002 100.0 518.67 643.14 1584.71 1409.65 14.62 21.61 553.22 2388.13 9040.29 1.30 47.66 520.92 2388.17 8121.79 8.4291 0.03 392 2388 100.00 38.91 23.3213  
6 85 0.0004 -0.0001 100.0 518.67 642.75 1600.84 1405.68 14.62 21.61 552.61 2388.17 9040.25 1.30 47.55 520.75 2388.16 8120.67 8.4785 0.03 394 2388 100.00 38.85 23.1478  
6 86 0.0003 0.0003 100.0 518.67 642.72 1595.44 1416.17 14.62 21.61 552.66 2388.12 9041.27 1.30 47.48 521.23 2388.18 8119.66 8.4256 0.03 393 2388 100.00 38.65 23.2822  
6 87 -0.0052 -0.0004 100.0 518.67 642.60 1588.86 1409.65 14.62 21.61 553.30 2388.15 9040.56 1.30 47.53 521.71 2388.19 8123.40 8.4544 0.03 392 2388 100.00 38.65 23.2917  
6 88 -0.0008 -0.0001 100.0 518.67 642.92 1590.45 1404.54 14.62 21.61 553.89 2388.18 9032.12 1.30 47.52 520.81 2388.17 8125.10 8.4613 0.03 391 2388 100.00 38.91 23.3254  
6 89 -0.0006 0.0003 100.0 518.67 643.03 1596.52 1417.55 14.62 21.61 552.79 2388.18 9042.30 1.30 47.62 521.21 2388.18 8123.60 8.4588 0.03 392 2388 100.00 38.63 23.2402  
6 90 0.0021 -0.0003 100.0 518.67 642.61 1593.37 1413.78 14.62 21.61 553.14 2388.18 9031.92 1.30 47.73 520.96 2388.14 8125.22 8.4425 0.03 394 2388 100.00 38.79 23.2619  
6 91 -0.0007 -0.0001 100.0 518.67 643.24 1585.21 1406.95 14.62 21.61 552.88 2388.12 9048.37 1.30 47.70 521.83 2388.16 8119.50 8.4328 0.03 393 2388 100.00 38.82 23.3813  
6 92 -0.0030 -0.0004 100.0 518.67 642.80 1591.90 1407.76 14.62 21.61 552.35 2388.16 9032.39 1.30 47.63 520.89 2388.18 8121.11 8.4485 0.03 395 2388 100.00 38.85 23.2665  
6 93 0.0017 -0.0004 100.0 518.67 642.76 1597.36 1414.44 14.62 21.61 553.40 2388.13 9040.06 1.30 47.69 520.97 2388.18 8122.17 8.4366 0.03 395 2388 100.00 38.67 23.3089  
6 94 -0.0004 -0.0002 100.0 518.67 642.65 1587.86 1409.07 14.62 21.61 553.14 2388.20 9041.52 1.30 47.75 521.28 2388.13 8118.58 8.4410 0.03 392 2388 100.00 38.78 23.1543  
6 95 0.0010 0.0001 100.0 518.67 643.05 1594.11 1412.55 14.62 21.61 553.76 2388.14 9041.13 1.30 47.53 521.31 2388.14 8123.95 8.4400 0.03 394 2388 100.00 38.61 23.2977  
6 96 0.0018 -0.0004 100.0 518.67 642.87 1593.96 1415.55 14.62 21.61 552.97 2388.16 9038.96 1.30 47.77 521.04 2388.21 8119.23 8.4585 0.03 393 2388 100.00 38.57 23.2981  
6 97 -0.0010 0.0005 100.0 518.67 642.89 1590.23 1408.62 14.62 21.61 552.68 2388.13 9035.83 1.30 47.67 520.83 2388.15 8120.50 8.4826 0.03 393 2388 100.00 38.77 23.2104  
6 98 0.0039 0.0003 100.0 518.67 642.82 1597.14 1416.60 14.62 21.61 553.32 2388.18 9040.58 1.30 47.72 521.27 2388.17 8124.59 8.4042 0.03 393 2388 100.00 38.64 23.2394  
6 99 -0.0021 -0.0005 100.0 518.67 643.16 1597.69 1412.90 14.62 21.61 552.68 2388.18 9043.45 1.30 47.78 521.51 2388.16 8124.62 8.4578 0.03 394 2388 100.00 38.78 23.3449  
6 100 0.0016 -0.0005 100.0 518.67 642.73 1592.11 1406.43 14.62 21.61 552.83 2388.13 9039.34 1.30 47.58 521.31 2388.16 8124.35 8.4534 0.03 394 2388 100.00 38.74 23.2470  
6 101 0.0017 0.0005 100.0 518.67 642.49 1594.92 1419.53 14.62 21.61 553.13 2388.19 9034.71 1.30 47.68 521.22 2388.17 8121.86 8.4841 0.03 395 2388 100.00 38.79 23.2526  
6 102 -0.0000 0.0005 100.0 518.67 642.84 1596.24 1412.98 14.62 21.61 552.57 2388.18 9038.46 1.30 47.51 520.73 2388.12 8117.68 8.4427 0.03 395 2388 100.00 38.72 23.3435  
6 103 -0.0026 0.0001 100.0 518.67 642.46 1588.07 1414.95 14.62 21.61 553.43 2388.15 9032.68 1.30 47.63 521.10 2388.18 8122.79 8.4697 0.03 393 2388 100.00 38.86 23.1537  
6 104 0.0013 -0.0004 100.0 518.67 642.87 1590.41 1415.34 14.62 21.61 553.22 2388.21 9040.49 1.30 47.62 521.30 2388.14 8119.77 8.4603 0.03 392 2388 100.00 38.76 23.3138  
6 105 0.0035 0.0003 100.0 518.67 641.96 1587.32 1411.00 14.62 21.61 552.88 2388.19 9040.44 1.30 47.55 521.47 2388.15 8116.47 8.4821 0.03 393 2388 100.00 38.62 23.2931  
6 106 0.0029 -0.0001 100.0 518.67 643.18 1592.66 1405.57 14.62 21.61 553.47 2388.15 9043.74 1.30 47.77 521.06 2388.23 8121.34 8.4704 0.03 394 2388 100.00 38.81 23.3000  
6 107 -0.0004 -0.0004 100.0 518.67 642.85 1590.97 1409.77 14.62 21.61 553.18 2388.15 9039.82 1.30 47.73 521.58 2388.12 8123.82 8.4887 0.03 393 2388 100.00 38.77 23.2435  
6 108 0.0007 0.0004 100.0 518.67 643.17 1589.04 1410.71 14.62 21.61 552.89 2388.17 9045.14 1.30 47.69 520.74 2388.16 8121.30 8.4718 0.03 393 2388 100.00 38.89 23.1610  
6 109 -0.0022 0.0001 100.0 518.67 642.92 1590.02 1411.74 14.62 21.61 552.94 2388.13 9038.86 1.30 47.57 521.54 2388.16 8123.68 8.4538 0.03 394 2388 100.00 38.77 23.2640  
6 110 0.0010 0.0000 100.0 518.67 642.61 1587.91 1409.73 14.62 21.61 553.39 2388.17 9040.57 1.30 47.59 520.66 2388.18 8118.24 8.4080 0.03 394 2388 100.00 38.85 23.2346  
6 111 0.0033 0.0002 100.0 518.67 642.80 1593.61 1415.82 14.62 21.61 553.26 2388.17 9046.03 1.30 47.67 521.47 2388.18 8120.03 8.4459 0.03 394 2388 100.00 38.62 23.1654  
6 112 -0.0023 0.0005 100.0 518.67 642.52 1599.51 1415.13 14.62 21.61 552.97 2388.17 9038.92 1.30 47.59 520.79 2388.15 8121.05 8.4752 0.03 394 2388 100.00 38.70 23.3133  
6 113 -0.0032 -0.0002 100.0 518.67 643.26 1596.12 1415.38 14.62 21.61 552.35 2388.14 9038.58 1.30 47.47 520.61 2388.16 8120.35 8.4536 0.03 393 2388 100.00 38.62 23.2642  
6 114 -0.0011 0.0005 100.0 518.67 643.31 1590.48 1411.76 14.62 21.61 552.62 2388.20 9046.25 1.30 47.58 521.30 2388.17 8115.41 8.4292 0.03 393 2388 100.00 38.68 23.2137  
6 115 -0.0013 -0.0005 100.0 518.67 643.01 1598.31 1408.65 14.62 21.61 552.68 2388.14 9046.07 1.30 47.69 521.42 2388.16 8118.47 8.4618 0.03 392 2388 100.00 38.75 23.2763  
6 116 0.0034 0.0000 100.0 518.67 642.85 1594.33 1413.04 14.62 21.61 553.41 2388.13 9043.45 1.30 47.72 520.72 2388.10 8117.11 8.4525 0.03 392 2388 100.00 38.75 23.1882  
6 117 -0.0006 -0.0004 100.0 518.67 643.36 1593.99 1411.06 14.62 21.61 553.51 2388.19 9045.74 1.30 47.69 520.81 2388.20 8123.53 8.4787 0.03 391 2388 100.00 38.86 23.2211  
6 118 -0.0040 -0.0000 100.0 518.67 642.68 1593.66 1420.65 14.62 21.61 552.54 2388.18 9033.72 1.30 47.77 520.91 2388.20 8119.29 8.4578 0.03 395 2388 100.00 38.59 23.3260  
6 119 -0.0006 0.0003 100.0 518.67 643.15 1598.18 1417.57 14.62 21.61 553.83 2388.18 9045.46 1.30 47.64 520.88 2388.24 8122.80 8.4266 0.03 392 2388 100.00 38.83 23.2015  
6 120 -0.0023 -0.0005 100.0 518.67 642.88 1591.39 1411.38 14.62 21.61 553.03 2388.18 9038.35 1.30 47.79 520.86 2388.18 8117.44 8.4439 0.03 394 2388 100.00 38.76 23.1803  
6 121 0.0037 -0.0000 100.0 518.67 642.64 1588.74 1411.89 14.62 21.61 552.17 2388.16 9041.43 1.30 47.66 520.70 2388.16 8121.60 8.4645 0.03 393 2388 100.00 38.63 23.2610  
6 122 0.0009 0.0005 100.0 518.67 642.80 1600.48 1415.47 14.62 21.61 553.10 2388.18 9041.95 1.30 47.65 521.30 2388.15 8119.97 8.4710 0.03 394 2388 100.00 38.79 23.3114  
6 123 -0.0005 -0.0003 100.0 518.67 642.93 1591.88 1411.83 14.62 21.61 552.60 2388.18 9038.22 1.30 47.87 520.61 2388.16 8120.84 8.4667 0.03 396 2388 100.00 38.65 23.2467  
6 124 0.0008 0.0004 100.0 518.67 642.77 1587.78 1412.33 14.62 21.61 552.94 2388.19 9032.18 1.30 47.85 520.24 2388.19 8111.71 8.4617 0.03 393 2388 100.00 38.75 23.1654  
6 125 0.0038 -0.0005 100.0 518.67 643.00 1595.44 1410.66 14.62 21.61 552.75 2388.21 9035.20 1.30 47.74 520.87 2388.18 8117.13 8.4444 0.03 395 2388 100.00 38.78 23.2842  
6 126 -0.0003 0.0004 100.0 518.67 643.38 1601.09 1413.47 14.62 21.61 552.44 2388.28 9038.71 1.30 47.86 520.49 2388.25 8120.48 8.4416 0.03 394 2388 100.00 38.57 23.1861  
6 127 -0.0011 -0.0001 100.0 518.67 643.40 1589.95 1413.29 14.62 21.61 552.63 2388.14 9040.44 1.30 47.92 520.53 2388.22 8118.97 8.4305 0.03 396 2388 100.00 38.73 23.2081  
6 128 0.0009 0.0002 100.0 518.67 642.91 1598.04 1412.09 14.62 21.61 552.66 2388.22 9039.38 1.30 47.59 521.33 2388.22 8113.73 8.4582 0.03 392 2388 100.00 38.64 23.1690  
6 129 0.0025 -0.0004 100.0 518.67 643.04 1586.20 1410.40 14.62 21.61 552.98 2388.19 9043.58 1.30 47.74 520.96 2388.23 8118.05 8.4189 0.03 393 2388 100.00 38.65 23.2023  
6 130 0.0044 -0.0001 100.0 518.67 642.85 1593.74 1421.59 14.62 21.61 552.63 2388.20 9043.59 1.30 47.72 520.85 2388.20 8121.84 8.4902 0.03 393 2388 100.00 38.54 23.2272  
6 131 0.0010 -0.0004 100.0 518.67 643.31 1594.83 1420.65 14.62 21.61 552.31 2388.17 9040.93 1.30 47.87 520.76 2388.17 8119.82 8.4566 0.03 395 2388 100.00 38.64 23.2274  
6 132 -0.0021 0.0002 100.0 518.67 642.87 1590.00 1406.78 14.62 21.61 553.06 2388.23 9037.44 1.30 47.76 520.99 2388.17 8124.03 8.4882 0.03 394 2388 100.00 38.76 23.1832  
6 133 0.0010 0.0004 100.0 518.67 642.92 1592.53 1415.54 14.62 21.61 551.83 2388.18 9044.63 1.30 47.69 521.01 2388.21 8119.55 8.4459 0.03 393 2388 100.00 38.76 23.1887  
6 134 -0.0047 0.0005 100.0 518.67 643.28 1596.67 1419.29 14.62 21.61 552.27 2388.19 9045.36 1.30 47.80 521.00 2388.18 8111.06 8.4316 0.03 394 2388 100.00 38.76 23.1851  
6 135 -0.0011 0.0003 100.0 518.67 643.10 1591.43 1417.40 14.62 21.61 552.97 2388.17 9043.58 1.30 47.69 520.91 2388.21 8121.32 8.4711 0.03 394 2388 100.00 38.71 23.2590  
6 136 -0.0051 -0.0000 100.0 518.67 643.32 1586.81 1413.17 14.62 21.61 552.54 2388.13 9035.33 1.30 47.77 520.77 2388.16 8115.70 8.4686 0.03 394 2388 100.00 38.73 23.1808  
6 137 -0.0001 0.0002 100.0 518.67 643.11 1588.99 1411.43 14.62 21.61 552.93 2388.18 9036.33 1.30 47.72 520.35 2388.17 8121.17 8.4810 0.03 396 2388 100.00 38.56 23.2665  
6 138 0.0034 -0.0002 100.0 518.67 643.02 1590.59 1416.62 14.62 21.61 552.70 2388.22 9039.61 1.30 47.83 521.26 2388.20 8117.16 8.4617 0.03 394 2388 100.00 38.77 23.1353  
6 139 0.0009 -0.0005 100.0 518.67 643.28 1591.23 1418.23 14.62 21.61 552.38 2388.14 9039.41 1.30 47.94 521.03 2388.12 8117.46 8.4807 0.03 393 2388 100.00 38.61 23.1520  
6 140 -0.0003 0.0001 100.0 518.67 643.86 1590.28 1414.25 14.62 21.61 552.22 2388.17 9037.57 1.30 47.87 520.66 2388.20 8116.90 8.4614 0.03 393 2388 100.00 38.75 23.2593  
6 141 0.0023 -0.0004 100.0 518.67 642.88 1593.21 1418.38 14.62 21.61 552.61 2388.19 9040.16 1.30 47.86 520.65 2388.23 8116.34 8.4774 0.03 393 2388 100.00 38.64 23.2356  
6 142 -0.0017 -0.0000 100.0 518.67 642.64 1596.49 1422.25 14.62 21.61 552.21 2388.24 9035.47 1.30 47.73 520.64 2388.26 8113.06 8.4940 0.03 393 2388 100.00 38.53 23.2209  
6 143 0.0003 0.0000 100.0 518.67 643.22 1592.70 1415.86 14.62 21.61 552.52 2388.16 9035.20 1.30 48.05 520.36 2388.14 8115.63 8.4654 0.03 395 2388 100.00 38.66 23.1573  
6 144 -0.0001 -0.0005 100.0 518.67 643.15 1595.07 1415.58 14.62 21.61 552.47 2388.25 9033.21 1.30 47.93 520.94 2388.16 8116.37 8.5124 0.03 396 2388 100.00 38.50 23.1998  
6 145 -0.0019 0.0003 100.0 518.67 643.09 1595.65 1415.82 14.62 21.61 552.24 2388.14 9037.48 1.30 47.84 520.56 2388.18 8119.97 8.4829 0.03 392 2388 100.00 38.61 23.1925  
6 146 0.0024 -0.0001 100.0 518.67 642.69 1596.92 1417.09 14.62 21.61 552.10 2388.26 9041.75 1.30 47.82 520.25 2388.24 8118.47 8.4998 0.03 394 2388 100.00 38.56 23.1448  
6 147 0.0008 -0.0003 100.0 518.67 642.99 1595.61 1416.96 14.62 21.61 552.76 2388.24 9035.42 1.30 48.09 520.60 2388.27 8116.14 8.4471 0.03 394 2388 100.00 38.51 23.1658  
6 148 -0.0003 0.0005 100.0 518.67 642.95 1604.49 1418.66 14.62 21.61 552.83 2388.23 9041.95 1.30 47.94 520.07 2388.28 8118.99 8.4855 0.03 394 2388 100.00 38.64 23.2531  
6 149 -0.0013 0.0002 100.0 518.67 643.28 1599.29 1421.19 14.62 21.61 552.23 2388.23 9041.98 1.30 47.86 520.73 2388.23 8120.16 8.5238 0.03 395 2388 100.00 38.85 23.1125  
6 150 0.0039 0.0000 100.0 518.67 643.00 1599.67 1420.07 14.62 21.61 553.03 2388.22 9028.11 1.30 48.01 520.39 2388.21 8110.47 8.4504 0.03 394 2388 100.00 38.66 23.1979  
6 151 0.0014 -0.0003 100.0 518.67 643.16 1592.00 1423.27 14.62 21.61 552.71 2388.21 9036.02 1.30 47.76 520.24 2388.22 8117.87 8.4897 0.03 395 2388 100.00 38.80 23.1737  
6 152 0.0001 -0.0004 100.0 518.67 643.34 1600.51 1424.84 14.62 21.61 552.56 2388.20 9031.90 1.30 47.91 520.33 2388.24 8120.52 8.4706 0.03 394 2388 100.00 38.59 23.1844  
6 153 -0.0069 0.0003 100.0 518.67 643.05 1590.37 1420.74 14.62 21.61 551.51 2388.23 9034.77 1.30 47.80 520.46 2388.20 8119.23 8.4790 0.03 393 2388 100.00 38.64 23.2475  
6 154 -0.0010 -0.0002 100.0 518.67 643.40 1600.39 1419.33 14.62 21.61 552.40 2388.22 9034.53 1.30 47.95 520.47 2388.22 8114.66 8.4693 0.03 395 2388 100.00 38.75 23.2128  
6 155 -0.0013 0.0005 100.0 518.67 642.67 1589.15 1419.23 14.62 21.61 551.60 2388.22 9043.17 1.30 47.96 520.22 2388.26 8111.29 8.4829 0.03 395 2388 100.00 38.55 23.1345  
6 156 -0.0040 -0.0003 100.0 518.67 643.45 1595.36 1417.31 14.62 21.61 552.31 2388.25 9031.69 1.30 47.99 519.98 2388.22 8122.70 8.4754 0.03 396 2388 100.00 38.55 23.1299  
6 157 -0.0004 -0.0002 100.0 518.67 642.35 1590.18 1419.84 14.62 21.61 551.98 2388.30 9037.10 1.30 47.82 520.51 2388.25 8112.24 8.4886 0.03 394 2388 100.00 38.60 23.1102  
6 158 -0.0028 0.0004 100.0 518.67 643.66 1596.43 1422.25 14.62 21.61 552.50 2388.20 9031.25 1.30 48.12 520.50 2388.22 8117.24 8.4734 0.03 395 2388 100.00 38.64 23.1349  
6 159 -0.0010 -0.0000 100.0 518.67 642.93 1592.50 1417.03 14.62 21.61 552.26 2388.20 9039.84 1.30 47.82 520.73 2388.24 8117.71 8.4920 0.03 395 2388 100.00 38.49 23.1826  
6 160 -0.0020 -0.0002 100.0 518.67 643.61 1603.10 1423.05 14.62 21.61 551.56 2388.24 9032.88 1.30 47.87 520.61 2388.22 8117.63 8.4890 0.03 396 2388 100.00 38.63 23.1757  
6 161 -0.0011 0.0001 100.0 518.67 643.77 1593.28 1422.93 14.62 21.61 552.35 2388.24 9029.95 1.30 47.89 520.42 2388.26 8106.40 8.4941 0.03 395 2388 100.00 38.53 23.1045  
6 162 0.0020 -0.0005 100.0 518.67 643.25 1592.09 1420.87 14.62 21.61 552.15 2388.21 9042.03 1.30 47.94 519.93 2388.22 8113.88 8.4980 0.03 395 2388 100.00 38.55 23.2763  
6 163 0.0043 0.0003 100.0 518.67 643.29 1602.42 1423.01 14.62 21.61 551.51 2388.25 9037.40 1.30 48.03 520.22 2388.21 8113.05 8.5040 0.03 394 2388 100.00 38.72 23.0995  
6 164 0.0021 0.0002 100.0 518.67 643.45 1605.92 1423.29 14.62 21.61 552.42 2388.27 9038.27 1.30 48.04 520.36 2388.21 8118.93 8.4686 0.03 395 2388 100.00 38.67 23.1184  
6 165 0.0002 -0.0005 100.0 518.67 644.03 1603.61 1423.50 14.62 21.61 551.82 2388.26 9039.79 1.30 48.06 520.42 2388.29 8115.25 8.4762 0.03 395 2388 100.00 38.54 23.0665  
6 166 0.0027 -0.0005 100.0 518.67 644.05 1602.62 1422.70 14.62 21.61 551.68 2388.29 9045.60 1.30 48.03 520.29 2388.25 8106.29 8.4985 0.03 395 2388 100.00 38.50 23.1018  
6 167 0.0000 -0.0005 100.0 518.67 643.48 1599.22 1425.97 14.62 21.61 551.98 2388.18 9039.15 1.30 48.03 520.23 2388.28 8116.64 8.4969 0.03 396 2388 100.00 38.52 23.0509  
6 168 -0.0014 0.0004 100.0 518.67 642.87 1590.83 1425.20 14.62 21.61 552.38 2388.27 9028.00 1.30 48.06 520.17 2388.29 8113.82 8.5203 0.03 396 2388 100.00 38.55 23.0854  
6 169 -0.0002 -0.0001 100.0 518.67 644.12 1597.11 1426.68 14.62 21.61 552.08 2388.27 9032.33 1.30 48.07 520.27 2388.23 8113.93 8.4835 0.03 394 2388 100.00 38.52 23.2095  
6 170 0.0009 -0.0003 100.0 518.67 643.91 1599.73 1425.87 14.62 21.61 551.35 2388.32 9029.79 1.30 47.92 519.77 2388.31 8112.59 8.4852 0.03 396 2388 100.00 38.66 23.1057  
6 171 -0.0027 -0.0002 100.0 518.67 643.82 1601.73 1423.31 14.62 21.61 551.38 2388.25 9034.84 1.30 48.09 520.44 2388.23 8112.98 8.5219 0.03 396 2388 100.00 38.69 23.1045  
6 172 -0.0026 -0.0003 100.0 518.67 643.18 1593.70 1432.30 14.62 21.61 551.45 2388.26 9033.20 1.30 48.07 520.31 2388.28 8115.76 8.4793 0.03 396 2388 100.00 38.34 23.1505  
6 173 -0.0029 0.0002 100.0 518.67 643.45 1597.11 1423.89 14.62 21.61 551.37 2388.26 9032.51 1.30 48.05 519.93 2388.24 8111.88 8.4775 0.03 396 2388 100.00 38.60 23.1312  
6 174 0.0011 0.0004 100.0 518.67 643.21 1602.11 1426.34 14.62 21.61 551.65 2388.27 9032.10 1.30 48.05 520.50 2388.24 8106.85 8.4756 0.03 394 2388 100.00 38.67 23.1942  
6 175 0.0017 0.0003 100.0 518.67 643.84 1602.72 1427.35 14.62 21.61 551.53 2388.32 9035.16 1.30 48.17 520.12 2388.27 8109.68 8.5266 0.03 396 2388 100.00 38.64 23.1005  
6 176 0.0010 0.0003 100.0 518.67 643.71 1604.31 1423.22 14.62 21.61 551.47 2388.25 9035.85 1.30 48.06 519.41 2388.25 8112.70 8.4994 0.03 395 2388 100.00 38.44 23.1595  
6 177 0.0000 0.0002 100.0 518.67 643.50 1590.96 1421.52 14.62 21.61 551.50 2388.27 9031.60 1.30 48.21 520.17 2388.28 8114.14 8.4993 0.03 397 2388 100.00 38.52 23.0286  
6 178 -0.0025 0.0004 100.0 518.67 643.78 1603.27 1424.84 14.62 21.61 551.24 2388.29 9032.87 1.30 48.09 519.70 2388.31 8113.92 8.5091 0.03 395 2388 100.00 38.46 23.0738  
6 179 -0.0026 -0.0003 100.0 518.67 643.58 1607.63 1424.83 14.62 21.61 551.62 2388.33 9021.73 1.30 48.11 519.37 2388.30 8106.25 8.5102 0.03 397 2388 100.00 38.40 23.1191  
6 180 0.0038 -0.0002 100.0 518.67 643.76 1598.73 1426.72 14.62 21.61 551.27 2388.31 9030.67 1.30 48.06 519.81 2388.34 8110.86 8.4948 0.03 396 2388 100.00 38.48 23.1165  
6 181 -0.0022 -0.0002 100.0 518.67 643.44 1603.07 1430.56 14.62 21.61 551.46 2388.28 9033.90 1.30 48.15 519.71 2388.32 8110.96 8.4800 0.03 396 2388 100.00 38.50 23.1337  
6 182 0.0035 -0.0004 100.0 518.67 644.00 1596.51 1423.81 14.62 21.61 551.95 2388.32 9032.36 1.30 48.34 519.84 2388.35 8107.33 8.5167 0.03 396 2388 100.00 38.63 22.9966  
6 183 0.0010 0.0005 100.0 518.67 644.01 1597.82 1430.47 14.62 21.61 551.70 2388.32 9035.70 1.30 48.05 519.66 2388.31 8108.33 8.5294 0.03 396 2388 100.00 38.33 23.0273  
6 184 0.0022 0.0004 100.0 518.67 643.52 1598.05 1432.22 14.62 21.61 551.31 2388.25 9031.12 1.30 48.07 519.42 2388.30 8110.10 8.4857 0.03 397 2388 100.00 38.58 22.9949  
6 185 0.0022 0.0001 100.0 518.67 643.78 1603.37 1434.09 14.62 21.61 551.33 2388.35 9035.51 1.30 48.21 519.50 2388.28 8110.79 8.5261 0.03 396 2388 100.00 38.45 23.1199  
6 186 -0.0054 -0.0001 100.0 518.67 644.01 1603.59 1430.37 14.62 21.61 550.59 2388.31 9029.07 1.30 48.27 519.80 2388.36 8108.26 8.5013 0.03 395 2388 100.00 38.25 22.9396  
6 187 -0.0020 0.0003 100.0 518.67 643.76 1602.69 1423.45 14.62 21.61 551.45 2388.29 9035.79 1.30 48.21 519.03 2388.33 8109.59 8.5324 0.03 396 2388 100.00 38.51 23.0449  
6 188 0.0014 -0.0004 100.0 518.67 643.47 1600.63 1434.92 14.62 21.61 550.70 2388.34 9027.96 1.30 48.21 518.98 2388.34 8102.82 8.5358 0.03 397 2388 100.00 38.42 22.9577  
7 1 -0.0005 0.0004 100.0 518.67 642.38 1589.49 1395.48 14.62 21.61 554.76 2387.97 9071.27 1.30 47.24 522.19 2387.99 8141.69 8.4081 0.03 390 2388 100.00 38.97 23.4073  
7 2 0.0008 -0.0003 100.0 518.67 642.57 1583.11 1395.97 14.62 21.61 553.97 2388.00 9078.21 1.30 47.00 522.30 2388.02 8148.24 8.4216 0.03 391 2388 100.00 38.85 23.5043  
7 3 -0.0014 -0.0002 100.0 518.67 642.25 1589.44 1397.74 14.62 21.61 554.95 2387.95 9063.37 1.30 47.18 522.36 2387.98 8148.83 8.4258 0.03 392 2388 100.00 39.07 23.4113  
7 4 -0.0020 0.0001 100.0 518.67 642.31 1585.59 1397.85 14.62 21.61 553.30 2388.06 9068.16 1.30 47.07 522.09 2388.06 8150.30 8.4175 0.03 392 2388 100.00 39.12 23.4616  
7 5 0.0016 0.0000 100.0 518.67 642.25 1587.23 1402.54 14.62 21.61 554.64 2388.04 9066.99 1.30 47.31 522.00 2388.01 8149.40 8.4099 0.03 391 2388 100.00 38.94 23.4781  
7 6 0.0011 -0.0005 100.0 518.67 642.49 1586.12 1403.10 14.62 21.61 553.89 2388.07 9067.91 1.30 47.29 521.89 2388.00 8151.48 8.4060 0.03 392 2388 100.00 39.07 23.3940  
7 7 -0.0038 0.0002 100.0 518.67 642.45 1588.36 1391.19 14.62 21.61 554.66 2387.98 9069.13 1.30 47.21 522.54 2388.00 8153.91 8.3984 0.03 392 2388 100.00 38.91 23.3490  
7 8 -0.0007 -0.0005 100.0 518.67 642.41 1586.97 1401.42 14.62 21.61 554.05 2388.01 9064.80 1.30 47.19 522.26 2388.08 8146.34 8.4020 0.03 392 2388 100.00 38.95 23.3810  
7 9 -0.0026 0.0000 100.0 518.67 642.22 1582.13 1401.77 14.62 21.61 554.31 2387.97 9069.41 1.30 47.23 521.78 2388.04 8153.01 8.3848 0.03 392 2388 100.00 38.93 23.4429  
7 10 0.0019 -0.0002 100.0 518.67 642.29 1588.96 1393.25 14.62 21.61 554.14 2387.96 9065.28 1.30 47.14 522.09 2388.02 8151.36 8.4222 0.03 392 2388 100.00 38.96 23.3398  
7 11 0.0026 -0.0002 100.0 518.67 642.74 1585.25 1393.96 14.62 21.61 554.11 2388.01 9074.91 1.30 47.39 522.12 2387.98 8144.89 8.3948 0.03 392 2388 100.00 39.14 23.3074  
7 12 -0.0036 -0.0004 100.0 518.67 642.08 1590.55 1397.36 14.62 21.61 554.21 2387.99 9071.72 1.30 47.28 522.13 2387.99 8149.40 8.3766 0.03 393 2388 100.00 38.92 23.3777  
7 13 -0.0011 0.0001 100.0 518.67 642.47 1584.88 1392.15 14.62 21.61 554.61 2387.95 9065.52 1.30 47.17 522.55 2388.01 8144.81 8.4199 0.03 391 2388 100.00 39.01 23.4383  
7 14 0.0009 0.0001 100.0 518.67 641.76 1579.88 1390.48 14.62 21.61 554.47 2388.05 9067.42 1.30 47.18 521.98 2388.01 8148.80 8.4196 0.03 391 2388 100.00 39.02 23.4888  
7 15 -0.0050 0.0004 100.0 518.67 642.29 1582.42 1398.41 14.62 21.61 554.02 2388.08 9068.28 1.30 47.24 521.89 2388.00 8146.48 8.3901 0.03 393 2388 100.00 39.07 23.3772  
7 16 0.0024 0.0003 100.0 518.67 642.30 1588.69 1405.02 14.62 21.61 554.14 2387.97 9073.41 1.30 47.04 522.54 2388.02 8153.29 8.4122 0.03 391 2388 100.00 39.08 23.3613  
7 17 -0.0019 0.0001 100.0 518.67 642.08 1588.75 1397.63 14.62 21.61 554.94 2387.94 9071.39 1.30 47.34 522.02 2387.99 8151.04 8.4190 0.03 390 2388 100.00 38.93 23.4040  
7 18 -0.0036 0.0002 100.0 518.67 642.47 1583.49 1394.65 14.62 21.61 553.92 2387.98 9073.12 1.30 47.21 522.31 2388.04 8149.43 8.3880 0.03 392 2388 100.00 38.87 23.4165  
7 19 -0.0010 -0.0000 100.0 518.67 642.01 1586.11 1397.51 14.62 21.61 554.20 2388.00 9065.77 1.30 47.16 522.26 2388.00 8153.83 8.4216 0.03 392 2388 100.00 39.02 23.4083  
7 20 -0.0028 0.0004 100.0 518.67 641.99 1585.03 1395.92 14.62 21.61 554.26 2388.02 9068.68 1.30 47.22 522.61 2388.02 8149.54 8.4111 0.03 392 2388 100.00 38.87 23.3776  
7 21 0.0001 -0.0002 100.0 518.67 641.77 1589.77 1404.33 14.62 21.61 554.69 2388.03 9071.68 1.30 47.23 521.78 2387.97 8148.23 8.3926 0.03 393 2388 100.00 38.79 23.3863  
7 22 0.0011 0.0004 100.0 518.67 641.44 1578.03 1394.58 14.62 21.61 554.63 2388.00 9071.10 1.30 47.25 522.02 2388.00 8145.29 8.3609 0.03 393 2388 100.00 39.01 23.2512  
7 23 -0.0057 -0.0001 100.0 518.67 641.76 1586.41 1398.09 14.62 21.61 554.38 2388.01 9067.09 1.30 47.21 522.48 2388.01 8146.64 8.4143 0.03 391 2388 100.00 39.06 23.3937  
7 24 0.0057 0.0002 100.0 518.67 642.44 1583.32 1398.75 14.62 21.61 553.84 2387.99 9066.23 1.30 47.30 522.65 2388.02 8151.81 8.4022 0.03 391 2388 100.00 39.03 23.4204  
7 25 -0.0009 -0.0004 100.0 518.67 641.79 1578.13 1397.07 14.62 21.61 554.20 2388.07 9072.66 1.30 47.26 522.27 2387.97 8149.05 8.4361 0.03 392 2388 100.00 39.05 23.3838  
7 26 0.0009 -0.0001 100.0 518.67 641.87 1585.88 1401.19 14.62 21.60 554.88 2388.00 9071.55 1.30 47.12 522.70 2388.01 8146.94 8.3712 0.03 393 2388 100.00 39.01 23.3981  
7 27 0.0005 -0.0001 100.0 518.67 642.68 1585.50 1397.39 14.62 21.61 553.65 2388.05 9069.54 1.30 47.27 522.38 2387.95 8156.32 8.4167 0.03 391 2388 100.00 38.85 23.4148  
7 28 -0.0006 0.0004 100.0 518.67 642.68 1586.11 1405.38 14.62 21.61 553.65 2388.02 9071.83 1.30 47.21 521.65 2388.02 8148.06 8.4114 0.03 392 2388 100.00 39.07 23.3760  
7 29 -0.0012 -0.0001 100.0 518.67 641.90 1589.95 1396.71 14.62 21.61 555.01 2388.01 9073.64 1.30 47.13 522.52 2388.01 8151.06 8.3806 0.03 393 2388 100.00 39.08 23.4833  
7 30 -0.0016 -0.0004 100.0 518.67 642.18 1585.13 1396.49 14.62 21.60 554.78 2388.03 9069.39 1.30 47.19 522.06 2387.98 8147.52 8.4228 0.03 391 2388 100.00 39.01 23.4269  
7 31 -0.0004 0.0001 100.0 518.67 641.99 1589.16 1402.76 14.62 21.61 554.51 2387.98 9071.21 1.30 47.14 522.51 2388.01 8147.99 8.4266 0.03 393 2388 100.00 38.97 23.3568  
7 32 0.0018 -0.0005 100.0 518.67 642.15 1589.46 1397.40 14.62 21.61 554.74 2387.97 9075.17 1.30 47.18 522.37 2388.01 8144.37 8.3815 0.03 393 2388 100.00 38.84 23.3590  
7 33 0.0026 -0.0003 100.0 518.67 642.19 1585.17 1399.12 14.62 21.61 554.47 2387.98 9065.57 1.30 47.28 522.75 2388.01 8149.86 8.3870 0.03 392 2388 100.00 38.97 23.2902  
7 34 -0.0024 -0.0002 100.0 518.67 642.09 1583.36 1402.93 14.62 21.61 554.36 2388.02 9054.44 1.30 47.19 521.87 2388.02 8153.09 8.4168 0.03 392 2388 100.00 39.21 23.4113  
7 35 -0.0055 0.0003 100.0 518.67 642.67 1591.02 1409.12 14.62 21.61 554.60 2387.99 9065.34 1.30 47.30 522.72 2387.96 8152.36 8.4014 0.03 392 2388 100.00 39.14 23.3942  
7 36 0.0012 -0.0004 100.0 518.67 642.54 1581.96 1393.49 14.62 21.61 554.98 2387.96 9066.31 1.30 47.32 522.31 2388.06 8146.10 8.4154 0.03 394 2388 100.00 38.90 23.4273  
7 37 -0.0040 -0.0001 100.0 518.67 642.40 1584.97 1400.55 14.62 21.61 554.36 2387.95 9062.36 1.30 47.12 522.42 2387.99 8147.06 8.4042 0.03 394 2388 100.00 39.12 23.4181  
7 38 0.0040 -0.0004 100.0 518.67 642.41 1590.30 1393.57 14.62 21.61 554.52 2388.00 9068.90 1.30 47.13 522.53 2388.03 8148.72 8.4168 0.03 391 2388 100.00 38.99 23.4189  
7 39 0.0065 -0.0000 100.0 518.67 642.39 1582.33 1403.52 14.62 21.61 554.04 2387.96 9076.57 1.30 47.35 522.05 2388.01 8150.14 8.4314 0.03 392 2388 100.00 39.15 23.3436  
7 40 0.0007 -0.0002 100.0 518.67 642.14 1587.00 1393.32 14.62 21.61 554.96 2387.99 9063.64 1.30 47.32 522.63 2387.95 8153.55 8.3988 0.03 390 2388 100.00 39.11 23.4054  
7 41 -0.0014 -0.0002 100.0 518.67 642.39 1590.40 1406.12 14.62 21.61 554.64 2387.99 9063.50 1.30 47.08 522.49 2388.05 8145.41 8.4010 0.03 392 2388 100.00 39.06 23.3194  
7 42 0.0018 -0.0002 100.0 518.67 642.70 1580.26 1398.14 14.62 21.61 554.05 2387.98 9078.32 1.30 47.21 522.68 2388.01 8151.03 8.4047 0.03 393 2388 100.00 39.05 23.3355  
7 43 0.0009 0.0004 100.0 518.67 642.32 1582.93 1397.50 14.62 21.61 555.01 2388.01 9066.91 1.30 47.20 521.93 2388.00 8149.53 8.4454 0.03 391 2388 100.00 39.21 23.3467  
7 44 0.0020 0.0001 100.0 518.67 642.64 1587.50 1398.15 14.62 21.61 554.95 2388.00 9073.91 1.30 47.31 522.52 2387.98 8148.41 8.4042 0.03 392 2388 100.00 38.87 23.4205  
7 45 0.0019 0.0001 100.0 518.67 642.25 1587.23 1399.97 14.62 21.61 554.07 2388.00 9071.53 1.30 47.17 522.39 2387.99 8151.49 8.3894 0.03 392 2388 100.00 39.13 23.4295  
7 46 -0.0037 0.0003 100.0 518.67 642.37 1586.17 1405.02 14.62 21.61 554.90 2387.98 9067.10 1.30 47.42 522.22 2387.97 8148.61 8.3882 0.03 392 2388 100.00 39.02 23.4833  
7 47 -0.0019 0.0003 100.0 518.67 641.94 1587.72 1401.47 14.62 21.61 553.74 2387.99 9058.35 1.30 47.20 522.02 2387.98 8148.97 8.4070 0.03 391 2388 100.00 38.98 23.2798  
7 48 0.0003 0.0000 100.0 518.67 641.94 1585.35 1398.81 14.62 21.61 554.05 2387.99 9066.88 1.30 47.11 522.33 2388.05 8146.56 8.4164 0.03 391 2388 100.00 38.93 23.3583  
7 49 0.0030 -0.0004 100.0 518.67 642.43 1586.42 1396.88 14.62 21.61 554.21 2387.98 9063.50 1.30 47.33 522.03 2387.99 8146.50 8.4129 0.03 391 2388 100.00 38.93 23.4089  
7 50 -0.0008 0.0004 100.0 518.67 642.41 1590.47 1400.31 14.62 21.61 553.68 2388.04 9073.14 1.30 47.22 522.43 2387.98 8150.60 8.4159 0.03 393 2388 100.00 38.86 23.5133  
7 51 -0.0012 -0.0000 100.0 518.67 642.17 1580.05 1397.42 14.62 21.61 553.66 2388.01 9075.92 1.30 47.41 522.55 2388.03 8149.63 8.4323 0.03 392 2388 100.00 38.81 23.3101  
7 52 0.0002 0.0003 100.0 518.67 641.91 1585.51 1402.13 14.62 21.60 555.14 2388.00 9071.36 1.30 47.18 522.42 2387.95 8143.99 8.4140 0.03 392 2388 100.00 39.18 23.4335  
7 53 0.0006 -0.0002 100.0 518.67 642.38 1582.33 1395.45 14.62 21.61 553.87 2388.06 9068.45 1.30 47.31 522.30 2388.05 8152.02 8.4169 0.03 393 2388 100.00 39.11 23.3092  
7 54 0.0007 -0.0004 100.0 518.67 641.80 1590.77 1400.98 14.62 21.61 553.78 2387.99 9073.05 1.30 47.41 522.21 2387.98 8150.80 8.4129 0.03 392 2388 100.00 39.01 23.4177  
7 55 0.0002 0.0004 100.0 518.67 642.19 1585.93 1399.74 14.62 21.61 554.13 2387.98 9069.34 1.30 47.09 522.02 2387.94 8144.65 8.3869 0.03 392 2388 100.00 38.99 23.4200  
7 56 0.0008 0.0000 100.0 518.67 642.53 1584.43 1395.08 14.62 21.61 554.66 2388.02 9064.30 1.30 47.37 522.45 2388.01 8143.72 8.4122 0.03 391 2388 100.00 38.94 23.2743  
7 57 -0.0024 -0.0003 100.0 518.67 643.02 1585.71 1398.43 14.62 21.61 553.87 2387.99 9069.75 1.30 47.25 522.50 2388.08 8152.99 8.4100 0.03 392 2388 100.00 39.12 23.3419  
7 58 -0.0043 -0.0001 100.0 518.67 642.09 1587.14 1400.97 14.62 21.60 555.14 2387.99 9066.81 1.30 47.19 523.00 2388.00 8151.29 8.3830 0.03 392 2388 100.00 39.06 23.2486  
7 59 0.0002 -0.0000 100.0 518.67 642.29 1585.96 1397.92 14.62 21.61 554.73 2388.00 9070.86 1.30 47.29 521.81 2387.99 8152.70 8.4330 0.03 390 2388 100.00 39.22 23.4702  
7 60 -0.0001 -0.0003 100.0 518.67 642.19 1581.21 1396.21 14.62 21.61 554.44 2388.01 9074.64 1.30 47.24 521.99 2388.00 8152.60 8.3696 0.03 390 2388 100.00 39.11 23.2723  
7 61 0.0030 -0.0004 100.0 518.67 642.08 1586.13 1402.82 14.62 21.61 553.90 2387.98 9068.88 1.30 47.26 522.32 2388.02 8149.72 8.4018 0.03 392 2388 100.00 39.06 23.4476  
7 62 0.0031 -0.0004 100.0 518.67 642.15 1585.67 1390.39 14.62 21.61 553.81 2388.00 9073.22 1.30 47.29 522.74 2387.97 8144.15 8.4175 0.03 391 2388 100.00 38.99 23.3247  
7 63 0.0008 -0.0002 100.0 518.67 642.36 1578.24 1400.55 14.62 21.60 554.64 2388.03 9062.13 1.30 47.17 521.82 2388.01 8151.83 8.4172 0.03 391 2388 100.00 39.21 23.3449  
7 64 -0.0006 0.0002 100.0 518.67 642.54 1589.13 1399.36 14.62 21.61 554.43 2388.03 9065.16 1.30 47.28 521.96 2387.98 8149.32 8.4112 0.03 392 2388 100.00 39.10 23.4167  
7 65 -0.0035 -0.0003 100.0 518.67 642.31 1578.07 1396.60 14.62 21.61 554.11 2388.01 9071.37 1.30 47.28 522.18 2387.98 8150.85 8.4259 0.03 390 2388 100.00 39.00 23.5043  
7 66 0.0000 -0.0002 100.0 518.67 642.54 1586.72 1399.23 14.62 21.61 554.53 2387.98 9062.81 1.30 47.42 522.88 2387.94 8148.32 8.4027 0.03 393 2388 100.00 39.05 23.3637  
7 67 0.0005 0.0000 100.0 518.67 642.61 1582.70 1402.68 14.62 21.61 554.02 2388.00 9070.66 1.30 47.35 522.20 2388.01 8149.89 8.3811 0.03 391 2388 100.00 38.94 23.2758  
7 68 0.0006 -0.0005 100.0 518.67 641.80 1586.66 1395.57 14.62 21.61 554.02 2388.03 9072.02 1.30 47.17 521.64 2388.05 8144.90 8.3930 0.03 391 2388 100.00 39.09 23.4418  
7 69 0.0002 0.0001 100.0 518.67 642.22 1593.46 1403.50 14.62 21.60 554.47 2388.04 9070.60 1.30 47.36 522.14 2387.97 8154.01 8.4268 0.03 392 2388 100.00 38.96 23.3819  
7 70 -0.0020 -0.0005 100.0 518.67 642.09 1583.19 1399.04 14.62 21.61 554.01 2388.05 9063.46 1.30 47.25 521.82 2388.05 8151.95 8.3630 0.03 391 2388 100.00 39.01 23.4470  
7 71 0.0032 0.0004 100.0 518.67 641.53 1584.60 1398.90 14.62 21.61 554.66 2387.95 9068.88 1.30 47.37 522.31 2388.01 8155.14 8.3882 0.03 391 2388 100.00 39.03 23.4060  
7 72 0.0012 0.0002 100.0 518.67 641.78 1582.54 1406.47 14.62 21.61 554.88 2387.98 9066.14 1.30 47.10 522.54 2388.01 8146.52 8.4404 0.03 391 2388 100.00 38.98 23.3463  
7 73 -0.0004 -0.0004 100.0 518.67 642.12 1588.40 1401.72 14.62 21.61 554.39 2388.03 9066.59 1.30 47.12 521.77 2388.06 8151.89 8.4095 0.03 392 2388 100.00 39.15 23.4238  
7 74 -0.0004 -0.0001 100.0 518.67 642.10 1587.52 1407.77 14.62 21.61 553.65 2388.01 9073.81 1.30 47.28 522.51 2388.01 8151.10 8.4100 0.03 394 2388 100.00 39.07 23.4331  
7 75 -0.0010 0.0004 100.0 518.67 642.29 1582.94 1402.11 14.62 21.61 554.73 2388.05 9068.74 1.30 47.52 522.01 2388.01 8148.23 8.3808 0.03 392 2388 100.00 38.93 23.3720  
7 76 0.0017 -0.0000 100.0 518.67 642.11 1585.70 1407.16 14.62 21.61 554.14 2387.98 9075.29 1.30 47.36 522.26 2388.01 8148.71 8.3883 0.03 390 2388 100.00 39.02 23.4115  
7 77 -0.0072 -0.0001 100.0 518.67 642.36 1588.83 1400.60 14.62 21.61 554.47 2388.06 9072.36 1.30 47.29 522.27 2387.99 8151.03 8.4149 0.03 392 2388 100.00 38.91 23.3784  
7 78 -0.0000 0.0001 100.0 518.67 642.14 1583.30 1399.64 14.62 21.61 554.86 2388.07 9065.49 1.30 47.33 522.03 2388.05 8156.05 8.4278 0.03 392 2388 100.00 38.94 23.5010  
7 79 0.0008 0.0003 100.0 518.67 642.48 1588.28 1404.99 14.62 21.61 553.91 2388.02 9070.11 1.30 47.20 521.78 2388.01 8144.19 8.4500 0.03 392 2388 100.00 38.97 23.3182  
7 80 0.0028 0.0003 100.0 518.67 642.07 1585.35 1402.29 14.62 21.61 553.99 2388.02 9067.14 1.30 47.28 522.23 2388.05 8149.84 8.4374 0.03 392 2388 100.00 39.01 23.4108  
7 81 0.0021 0.0000 100.0 518.67 641.57 1585.23 1408.11 14.62 21.61 554.77 2387.98 9072.96 1.30 47.30 522.41 2388.01 8147.82 8.4020 0.03 392 2388 100.00 38.91 23.4851  
7 82 -0.0018 -0.0005 100.0 518.67 642.13 1588.93 1398.88 14.62 21.61 554.92 2388.05 9072.86 1.30 47.27 522.36 2388.02 8146.19 8.4272 0.03 392 2388 100.00 38.88 23.3642  
7 83 -0.0053 -0.0004 100.0 518.67 641.94 1588.35 1406.01 14.62 21.61 554.04 2388.02 9062.67 1.30 47.32 522.30 2388.01 8151.00 8.4268 0.03 392 2388 100.00 38.82 23.3892  
7 84 0.0035 0.0001 100.0 518.67 642.90 1586.44 1400.85 14.62 21.61 553.75 2388.02 9072.09 1.30 47.13 522.25 2388.03 8150.99 8.4321 0.03 392 2388 100.00 39.07 23.3648  
7 85 0.0003 -0.0004 100.0 518.67 642.75 1583.40 1402.17 14.62 21.61 554.85 2388.00 9068.09 1.30 47.22 522.29 2388.05 8145.23 8.3837 0.03 393 2388 100.00 38.98 23.3774  
7 86 -0.0012 0.0003 100.0 518.67 641.85 1590.03 1397.76 14.62 21.60 555.11 2388.00 9070.16 1.30 47.34 522.19 2388.04 8151.41 8.3789 0.03 392 2388 100.00 39.07 23.2998  
7 87 -0.0040 0.0001 100.0 518.67 642.23 1578.42 1404.01 14.62 21.61 554.16 2387.99 9074.03 1.30 47.37 522.15 2388.00 8143.40 8.4040 0.03 392 2388 100.00 38.83 23.4300  
7 88 0.0006 0.0004 100.0 518.67 642.90 1593.15 1402.65 14.62 21.61 553.25 2387.99 9073.29 1.30 47.31 522.26 2388.02 8147.30 8.4294 0.03 392 2388 100.00 38.78 23.2949  
7 89 0.0001 -0.0002 100.0 518.67 642.34 1593.84 1397.17 14.62 21.61 554.59 2387.97 9066.73 1.30 47.40 521.95 2388.03 8146.74 8.4486 0.03 392 2388 100.00 38.92 23.4160  
7 90 -0.0011 -0.0002 100.0 518.67 641.88 1580.81 1402.41 14.62 21.61 554.92 2388.01 9067.93 1.30 47.22 522.44 2388.05 8154.66 8.4045 0.03 393 2388 100.00 38.96 23.3656  
7 91 -0.0020 -0.0004 100.0 518.67 641.75 1592.03 1396.28 14.62 21.61 553.72 2388.04 9072.14 1.30 47.22 521.88 2387.94 8151.57 8.3933 0.03 393 2388 100.00 39.02 23.2491  
7 92 0.0016 -0.0004 100.0 518.67 642.45 1587.27 1397.32 14.62 21.61 554.28 2388.02 9067.38 1.30 47.35 521.89 2388.02 8147.47 8.3913 0.03 392 2388 100.00 39.07 23.4673  
7 93 0.0019 -0.0001 100.0 518.67 642.70 1587.11 1402.29 14.62 21.61 554.17 2388.02 9076.52 1.30 47.43 522.23 2388.05 8151.30 8.4343 0.03 393 2388 100.00 38.93 23.3579  
7 94 0.0029 0.0002 100.0 518.67 642.43 1588.87 1401.99 14.62 21.61 554.20 2387.96 9067.34 1.30 47.31 522.37 2388.00 8150.18 8.4131 0.03 393 2388 100.00 39.00 23.2955  
7 95 0.0027 -0.0001 100.0 518.67 642.19 1583.66 1400.37 14.62 21.61 554.65 2388.03 9066.23 1.30 47.31 522.32 2388.00 8151.27 8.4025 0.03 391 2388 100.00 38.95 23.4575  
7 96 -0.0028 0.0003 100.0 518.67 641.78 1582.22 1392.46 14.62 21.61 554.10 2388.04 9072.33 1.30 47.39 522.64 2388.04 8148.17 8.4236 0.03 392 2388 100.00 38.99 23.4586  
7 97 0.0007 -0.0004 100.0 518.67 641.91 1584.35 1401.32 14.62 21.61 553.96 2388.03 9070.45 1.30 47.20 522.02 2388.05 8141.88 8.4003 0.03 392 2388 100.00 39.03 23.3957  
7 98 -0.0009 0.0003 100.0 518.67 642.46 1587.27 1400.02 14.62 21.61 553.65 2388.05 9069.65 1.30 47.14 522.52 2387.98 8145.74 8.4259 0.03 392 2388 100.00 38.73 23.2952  
7 99 0.0012 0.0003 100.0 518.67 642.55 1586.95 1402.16 14.62 21.61 554.15 2388.00 9074.67 1.30 47.51 521.81 2388.00 8154.63 8.4309 0.03 392 2388 100.00 38.74 23.4321  
7 100 0.0011 0.0000 100.0 518.67 642.15 1582.66 1402.89 14.62 21.61 554.86 2388.02 9070.04 1.30 47.32 521.84 2387.98 8149.23 8.4359 0.03 391 2388 100.00 39.08 23.3657  
7 101 -0.0026 0.0005 100.0 518.67 642.05 1593.77 1400.18 14.62 21.61 553.94 2388.04 9070.62 1.30 47.31 522.53 2388.04 8144.28 8.4318 0.03 392 2388 100.00 38.80 23.3621  
7 102 0.0019 -0.0002 100.0 518.67 642.78 1592.88 1395.88 14.62 21.61 554.68 2388.04 9071.56 1.30 47.34 522.40 2388.03 8149.04 8.4509 0.03 392 2388 100.00 38.96 23.3109  
7 103 0.0023 -0.0004 100.0 518.67 642.70 1583.74 1405.56 14.62 21.61 554.22 2388.01 9068.31 1.30 47.31 521.74 2388.09 8149.51 8.3895 0.03 392 2388 100.00 39.03 23.4005  
7 104 -0.0005 0.0005 100.0 518.67 642.23 1582.98 1394.15 14.62 21.61 553.65 2388.00 9063.86 1.30 47.27 522.00 2388.02 8146.09 8.4300 0.03 392 2388 100.00 38.94 23.2999  
7 105 0.0001 0.0004 100.0 518.67 642.35 1583.76 1401.92 14.62 21.61 554.37 2388.01 9079.02 1.30 47.30 522.04 2388.06 8153.23 8.3575 0.03 393 2388 100.00 38.92 23.3385  
7 106 0.0043 0.0001 100.0 518.67 642.63 1583.08 1409.00 14.62 21.61 554.22 2387.97 9068.99 1.30 47.19 522.88 2388.01 8155.25 8.4244 0.03 392 2388 100.00 38.82 23.4925  
7 107 0.0048 -0.0001 100.0 518.67 642.16 1587.77 1402.69 14.62 21.61 554.15 2388.07 9072.66 1.30 47.26 522.24 2388.01 8151.87 8.4425 0.03 393 2388 100.00 38.93 23.3755  
7 108 -0.0006 -0.0005 100.0 518.67 642.39 1587.75 1401.06 14.62 21.61 554.13 2388.01 9075.56 1.30 47.34 522.64 2387.96 8147.96 8.3605 0.03 391 2388 100.00 38.93 23.1841  
7 109 0.0014 0.0003 100.0 518.67 642.71 1586.93 1395.74 14.62 21.61 554.65 2387.97 9072.98 1.30 47.27 522.46 2388.03 8153.36 8.3714 0.03 392 2388 100.00 39.04 23.3796  
7 110 -0.0066 -0.0004 100.0 518.67 642.65 1592.97 1414.46 14.62 21.61 554.33 2388.07 9072.55 1.30 47.27 522.15 2388.06 8151.43 8.4191 0.03 391 2388 100.00 38.92 23.3376  
7 111 -0.0028 -0.0005 100.0 518.67 642.10 1590.37 1402.57 14.62 21.61 554.17 2387.98 9070.54 1.30 47.07 522.13 2388.04 8150.91 8.4636 0.03 392 2388 100.00 38.72 23.4173  
7 112 0.0017 -0.0001 100.0 518.67 642.28 1578.72 1399.47 14.62 21.61 554.46 2388.05 9070.71 1.30 47.08 521.74 2387.98 8148.43 8.3952 0.03 392 2388 100.00 38.95 23.2612  
7 113 0.0010 -0.0005 100.0 518.67 642.56 1580.83 1402.84 14.62 21.61 554.20 2388.09 9071.13 1.30 47.41 521.62 2388.08 8151.61 8.4005 0.03 392 2388 100.00 38.92 23.4020  
7 114 0.0005 0.0002 100.0 518.67 642.44 1588.32 1405.78 14.62 21.61 554.95 2388.01 9074.17 1.30 47.27 522.17 2388.02 8151.74 8.4296 0.03 393 2388 100.00 39.05 23.3857  
7 115 -0.0006 -0.0004 100.0 518.67 642.14 1579.89 1405.25 14.62 21.61 553.30 2387.98 9065.46 1.30 47.49 521.37 2388.02 8147.37 8.4168 0.03 394 2388 100.00 38.97 23.3281  
7 116 -0.0010 0.0000 100.0 518.67 642.18 1590.92 1400.08 14.62 21.61 554.00 2388.03 9069.41 1.30 47.36 522.25 2388.03 8152.87 8.3865 0.03 394 2388 100.00 38.81 23.3480  
7 117 -0.0015 0.0003 100.0 518.67 642.51 1595.71 1396.29 14.62 21.61 554.10 2388.01 9065.86 1.30 47.41 522.23 2388.10 8151.27 8.3981 0.03 394 2388 100.00 38.87 23.3375  
7 118 0.0029 -0.0004 100.0 518.67 642.33 1589.60 1396.89 14.62 21.61 554.32 2388.03 9072.27 1.30 47.38 521.46 2388.09 8152.08 8.4160 0.03 391 2388 100.00 38.89 23.2085  
7 119 0.0007 -0.0005 100.0 518.67 641.84 1579.78 1400.87 14.62 21.61 553.82 2388.04 9068.05 1.30 47.27 522.02 2388.02 8151.27 8.4061 0.03 392 2388 100.00 38.65 23.3169  
7 120 0.0017 0.0003 100.0 518.67 642.02 1588.45 1397.46 14.62 21.61 553.51 2388.03 9071.64 1.30 47.26 522.00 2388.02 8149.76 8.4042 0.03 390 2388 100.00 38.95 23.3628  
7 121 -0.0060 -0.0004 100.0 518.67 642.21 1587.33 1408.25 14.62 21.61 554.30 2387.99 9067.31 1.30 47.27 522.07 2388.06 8156.61 8.4364 0.03 393 2388 100.00 38.87 23.4142  
7 122 0.0028 -0.0004 100.0 518.67 642.58 1592.39 1403.24 14.62 21.61 554.64 2388.02 9063.65 1.30 47.46 521.76 2388.05 8150.76 8.4226 0.03 393 2388 100.00 38.82 23.4416  
7 123 -0.0018 0.0000 100.0 518.67 642.56 1582.10 1400.06 14.62 21.61 553.78 2388.03 9067.19 1.30 47.33 522.12 2388.05 8150.27 8.4110 0.03 391 2388 100.00 39.02 23.3709  
7 124 -0.0007 -0.0000 100.0 518.67 642.25 1592.99 1408.20 14.62 21.61 553.23 2388.04 9072.88 1.30 47.42 521.63 2388.02 8149.35 8.4018 0.03 392 2388 100.00 38.92 23.3578  
7 125 0.0019 -0.0003 100.0 518.67 642.62 1584.19 1402.50 14.62 21.61 553.96 2387.94 9067.53 1.30 47.43 521.70 2388.08 8154.28 8.3899 0.03 392 2388 100.00 38.78 23.3456  
7 126 0.0053 0.0002 100.0 518.67 642.37 1582.30 1397.52 14.62 21.61 553.59 2388.02 9070.67 1.30 47.42 522.16 2388.02 8152.25 8.3736 0.03 393 2388 100.00 38.87 23.3400  
7 127 -0.0009 0.0001 100.0 518.67 642.60 1581.37 1402.39 14.62 21.61 553.71 2388.04 9069.47 1.30 47.41 521.89 2388.03 8150.03 8.4232 0.03 392 2388 100.00 39.05 23.4135  
7 128 -0.0007 0.0001 100.0 518.67 642.51 1588.19 1396.92 14.62 21.61 553.90 2388.04 9072.15 1.30 47.39 521.60 2388.01 8150.53 8.4411 0.03 391 2388 100.00 38.96 23.3882  
7 129 -0.0018 0.0001 100.0 518.67 642.42 1584.10 1400.77 14.62 21.61 553.95 2388.01 9069.00 1.30 47.26 521.83 2388.01 8154.95 8.4104 0.03 391 2388 100.00 39.02 23.2436  
7 130 0.0008 -0.0000 100.0 518.67 642.08 1580.49 1406.97 14.62 21.61 554.12 2387.96 9070.22 1.30 47.24 521.91 2388.01 8148.93 8.3917 0.03 392 2388 100.00 38.93 23.3635  
7 131 0.0021 -0.0001 100.0 518.67 642.88 1591.82 1403.05 14.62 21.61 554.21 2388.03 9070.12 1.30 47.31 522.42 2388.03 8147.75 8.3861 0.03 392 2388 100.00 38.95 23.3784  
7 132 0.0011 0.0004 100.0 518.67 642.89 1582.94 1408.80 14.62 21.61 553.78 2388.04 9066.72 1.30 47.43 521.71 2388.06 8153.77 8.4010 0.03 393 2388 100.00 38.67 23.3978  
7 133 -0.0005 0.0002 100.0 518.67 642.69 1591.77 1398.76 14.62 21.61 554.34 2388.03 9069.62 1.30 47.37 521.91 2388.05 8151.98 8.4459 0.03 393 2388 100.00 39.08 23.2516  
7 134 -0.0033 0.0003 100.0 518.67 642.76 1587.73 1406.99 14.62 21.61 554.34 2388.07 9077.65 1.30 47.14 521.67 2388.09 8147.45 8.4430 0.03 393 2388 100.00 39.00 23.3091  
7 135 0.0035 -0.0004 100.0 518.67 642.28 1584.28 1405.56 14.62 21.61 553.93 2388.04 9077.44 1.30 47.39 521.74 2388.03 8155.39 8.3877 0.03 392 2388 100.00 38.95 23.3403  
7 136 0.0002 -0.0005 100.0 518.67 642.34 1586.39 1405.32 14.62 21.61 553.76 2388.10 9076.53 1.30 47.46 521.98 2388.02 8147.06 8.4344 0.03 393 2388 100.00 38.90 23.4535  
7 137 0.0024 0.0004 100.0 518.67 642.02 1587.49 1399.57 14.62 21.61 553.59 2388.03 9070.37 1.30 47.44 521.78 2388.06 8151.84 8.3974 0.03 393 2388 100.00 38.87 23.3354  
7 138 0.0012 -0.0002 100.0 518.67 642.54 1586.83 1410.62 14.62 21.61 553.56 2388.07 9088.71 1.30 47.28 521.56 2388.06 8150.35 8.4162 0.03 393 2388 100.00 38.81 23.3105  
7 139 0.0026 -0.0004 100.0 518.67 642.07 1582.49 1407.34 14.62 21.61 554.32 2388.00 9069.66 1.30 47.38 521.52 2388.03 8149.37 8.3992 0.03 392 2388 100.00 38.91 23.3539  
7 140 -0.0002 -0.0002 100.0 518.67 641.71 1588.01 1397.47 14.62 21.61 554.19 2388.09 9071.97 1.30 47.53 521.99 2387.99 8152.41 8.4104 0.03 392 2388 100.00 38.72 23.3992  
7 141 0.0026 0.0004 100.0 518.67 642.56 1584.06 1405.95 14.62 21.61 554.37 2387.99 9062.63 1.30 47.49 522.03 2388.08 8147.09 8.4209 0.03 392 2388 100.00 38.88 23.3839  
7 142 0.0026 0.0004 100.0 518.67 642.22 1589.54 1408.17 14.62 21.61 554.43 2388.03 9067.92 1.30 47.50 522.12 2388.02 8150.58 8.4346 0.03 393 2388 100.00 38.76 23.2755  
7 143 -0.0008 -0.0002 100.0 518.67 642.17 1591.24 1411.66 14.62 21.61 553.98 2388.08 9062.89 1.30 47.41 521.40 2388.04 8146.20 8.4113 0.03 393 2388 100.00 39.01 23.3028  
7 144 -0.0006 -0.0003 100.0 518.67 642.63 1586.99 1401.53 14.62 21.61 553.87 2388.04 9072.82 1.30 47.51 521.75 2388.09 8151.97 8.4157 0.03 394 2388 100.00 38.87 23.3975  
7 145 0.0034 -0.0001 100.0 518.67 642.17 1584.67 1398.66 14.62 21.61 554.40 2388.07 9068.35 1.30 47.44 521.96 2388.08 8149.40 8.3993 0.03 393 2388 100.00 39.00 23.2129  
7 146 -0.0003 0.0000 100.0 518.67 642.78 1586.70 1404.55 14.62 21.61 554.03 2388.04 9072.51 1.30 47.38 521.78 2388.05 8155.41 8.4190 0.03 394 2388 100.00 38.87 23.2878  
7 147 -0.0013 -0.0002 100.0 518.67 642.68 1589.94 1408.84 14.62 21.61 553.91 2388.11 9073.70 1.30 47.38 521.46 2388.06 8148.28 8.4228 0.03 392 2388 100.00 38.91 23.3109  
7 148 0.0017 -0.0005 100.0 518.67 642.40 1587.34 1405.20 14.62 21.61 552.93 2388.02 9074.11 1.30 47.45 522.17 2388.07 8152.79 8.4309 0.03 393 2388 100.00 38.90 23.3841  
7 149 0.0001 0.0001 100.0 518.67 642.77 1589.04 1406.22 14.62 21.61 553.88 2388.07 9073.70 1.30 47.46 521.60 2388.07 8149.44 8.4117 0.03 393 2388 100.00 38.77 23.3419  
7 150 0.0018 0.0004 100.0 518.67 642.53 1586.93 1408.45 14.62 21.61 553.38 2388.10 9067.38 1.30 47.46 521.91 2388.05 8152.07 8.4593 0.03 393 2388 100.00 38.81 23.3603  
7 151 0.0001 -0.0001 100.0 518.67 642.46 1587.80 1399.54 14.62 21.61 553.87 2388.06 9076.04 1.30 47.61 521.64 2388.01 8145.89 8.4323 0.03 392 2388 100.00 38.86 23.3556  
7 152 -0.0002 -0.0005 100.0 518.67 642.56 1586.09 1397.99 14.62 21.61 553.85 2388.09 9072.73 1.30 47.36 521.89 2388.01 8152.18 8.4056 0.03 392 2388 100.00 38.93 23.3601  
7 153 -0.0003 -0.0002 100.0 518.67 642.40 1587.05 1402.57 14.62 21.61 554.08 2388.05 9069.91 1.30 47.54 521.54 2388.00 8155.54 8.4617 0.03 394 2388 100.00 38.82 23.3405  
7 154 0.0001 -0.0004 100.0 518.67 642.29 1592.89 1415.00 14.62 21.61 553.96 2388.11 9067.68 1.30 47.41 522.12 2388.04 8153.17 8.4617 0.03 393 2388 100.00 38.86 23.4095  
7 155 -0.0034 0.0002 100.0 518.67 642.76 1587.23 1405.93 14.62 21.61 554.02 2388.01 9074.46 1.30 47.42 521.87 2388.04 8144.73 8.4380 0.03 393 2388 100.00 39.00 23.3537  
7 156 -0.0006 0.0001 100.0 518.67 642.48 1583.91 1401.34 14.62 21.61 553.66 2388.06 9072.19 1.30 47.59 521.92 2388.04 8148.75 8.4213 0.03 395 2388 100.00 38.96 23.2509  
7 157 -0.0032 -0.0005 100.0 518.67 642.30 1589.61 1404.74 14.62 21.61 553.46 2388.04 9071.29 1.30 47.54 521.30 2388.06 8147.32 8.4561 0.03 393 2388 100.00 38.96 23.3419  
7 158 -0.0000 0.0001 100.0 518.67 642.44 1588.62 1403.17 14.62 21.61 553.79 2388.09 9070.42 1.30 47.59 521.71 2388.07 8141.94 8.4214 0.03 392 2388 100.00 38.97 23.2451  
7 159 0.0025 0.0000 100.0 518.67 642.88 1587.63 1405.59 14.62 21.61 553.68 2388.08 9062.70 1.30 47.62 521.97 2388.04 8148.80 8.4538 0.03 393 2388 100.00 38.86 23.2677  
7 160 0.0002 0.0001 100.0 518.67 642.12 1587.00 1408.80 14.62 21.61 553.73 2388.06 9076.13 1.30 47.27 521.81 2388.03 8150.01 8.4317 0.03 393 2388 100.00 39.00 23.2458  
7 161 0.0001 0.0004 100.0 518.67 642.20 1592.83 1407.45 14.62 21.61 554.02 2388.05 9068.22 1.30 47.45 521.95 2388.02 8144.47 8.4413 0.03 393 2388 100.00 39.02 23.3433  
7 162 -0.0016 0.0001 100.0 518.67 642.17 1585.91 1416.62 14.62 21.61 554.24 2388.09 9072.74 1.30 47.64 522.26 2388.08 8148.64 8.4535 0.03 393 2388 100.00 38.67 23.3432  
7 163 0.0001 0.0002 100.0 518.67 642.44 1594.92 1410.41 14.62 21.61 553.87 2388.06 9074.77 1.30 47.56 521.35 2388.04 8151.31 8.4294 0.03 393 2388 100.00 38.89 23.3671  
7 164 0.0008 -0.0003 100.0 518.67 642.30 1581.71 1413.34 14.62 21.61 553.68 2388.06 9074.82 1.30 47.59 521.42 2388.10 8145.76 8.4141 0.03 395 2388 100.00 39.16 23.3462  
7 165 -0.0034 0.0002 100.0 518.67 642.48 1586.57 1408.63 14.62 21.61 553.88 2388.05 9067.50 1.30 47.34 521.74 2388.11 8152.62 8.4178 0.03 393 2388 100.00 39.01 23.3804  
7 166 -0.0024 0.0004 100.0 518.67 643.11 1585.70 1408.71 14.62 21.61 553.31 2388.06 9070.34 1.30 47.30 521.61 2388.04 8152.91 8.4383 0.03 393 2388 100.00 38.74 23.3879  
7 167 0.0017 -0.0005 100.0 518.67 642.65 1583.62 1401.69 14.62 21.61 554.11 2388.11 9072.18 1.30 47.67 521.65 2388.08 8150.26 8.4419 0.03 393 2388 100.00 38.90 23.2703  
7 168 -0.0013 0.0000 100.0 518.67 642.23 1591.62 1406.70 14.62 21.61 553.21 2388.03 9068.51 1.30 47.43 521.35 2388.05 8154.10 8.4295 0.03 393 2388 100.00 38.78 23.2428  
7 169 0.0036 -0.0003 100.0 518.67 642.73 1591.40 1405.60 14.62 21.61 554.35 2388.07 9078.00 1.30 47.63 522.64 2388.02 8153.92 8.4133 0.03 390 2388 100.00 38.93 23.3726  
7 170 0.0011 -0.0003 100.0 518.67 642.52 1585.68 1410.37 14.62 21.61 553.16 2388.08 9067.29 1.30 47.26 521.78 2388.05 8148.34 8.4452 0.03 393 2388 100.00 38.87 23.3247  
7 171 0.0032 -0.0004 100.0 518.67 642.58 1589.16 1405.96 14.62 21.61 553.50 2388.13 9067.28 1.30 47.35 521.78 2388.13 8143.23 8.4461 0.03 393 2388 100.00 38.73 23.3403  
7 172 -0.0019 -0.0003 100.0 518.67 642.92 1595.40 1406.01 14.62 21.61 553.69 2388.06 9081.88 1.30 47.62 521.78 2388.10 8153.61 8.4450 0.03 393 2388 100.00 38.76 23.3599  
7 173 0.0008 -0.0005 100.0 518.67 643.01 1587.73 1414.03 14.62 21.61 552.99 2388.07 9076.38 1.30 47.50 521.48 2388.08 8149.05 8.4491 0.03 393 2388 100.00 38.87 23.2075  
7 174 -0.0040 -0.0001 100.0 518.67 642.49 1586.42 1397.74 14.62 21.61 553.78 2388.07 9067.96 1.30 47.57 521.19 2388.03 8148.94 8.4332 0.03 391 2388 100.00 38.72 23.2779  
7 175 -0.0017 -0.0004 100.0 518.67 642.68 1595.55 1412.11 14.62 21.61 553.42 2388.08 9077.87 1.30 47.66 521.59 2388.13 8151.30 8.4237 0.03 394 2388 100.00 38.62 23.1631  
7 176 -0.0036 0.0001 100.0 518.67 642.28 1597.97 1415.24 14.62 21.61 553.17 2388.13 9072.06 1.30 47.48 521.06 2388.04 8148.21 8.4280 0.03 393 2388 100.00 38.91 23.2682  
7 177 0.0015 0.0003 100.0 518.67 642.84 1591.36 1410.93 14.62 21.61 553.60 2388.06 9071.16 1.30 47.38 521.66 2388.07 8149.93 8.4442 0.03 394 2388 100.00 38.81 23.3785  
7 178 -0.0012 0.0002 100.0 518.67 642.67 1588.09 1411.27 14.62 21.61 553.20 2388.09 9076.86 1.30 47.49 521.47 2388.09 8157.58 8.3954 0.03 391 2388 100.00 38.66 23.3998  
7 179 0.0035 -0.0003 100.0 518.67 643.00 1591.30 1400.94 14.62 21.61 553.07 2388.04 9072.62 1.30 47.70 521.34 2388.10 8151.75 8.4465 0.03 393 2388 100.00 38.70 23.3864  
7 180 0.0038 0.0000 100.0 518.67 642.74 1591.00 1405.00 14.62 21.61 553.18 2388.06 9068.39 1.30 47.45 522.00 2388.05 8144.06 8.4947 0.03 393 2388 100.00 39.00 23.2174  
7 181 0.0001 -0.0001 100.0 518.67 642.36 1588.42 1412.01 14.62 21.61 553.78 2388.08 9074.80 1.30 47.54 521.47 2388.12 8147.04 8.4700 0.03 394 2388 100.00 38.77 23.2754  
7 182 0.0020 0.0001 100.0 518.67 642.80 1587.90 1408.38 14.62 21.61 553.55 2388.07 9063.63 1.30 47.54 521.48 2388.08 8151.06 8.4141 0.03 394 2388 100.00 38.94 23.2421  
7 183 0.0005 0.0003 100.0 518.67 642.80 1593.35 1410.52 14.62 21.61 552.82 2388.07 9075.35 1.30 47.54 521.50 2388.05 8147.77 8.4391 0.03 392 2388 100.00 38.92 23.2958  
7 184 -0.0000 -0.0001 100.0 518.67 642.51 1598.98 1411.60 14.62 21.61 553.19 2388.10 9068.83 1.30 47.31 521.22 2388.08 8152.73 8.4299 0.03 393 2388 100.00 38.88 23.2048  
7 185 0.0009 -0.0002 100.0 518.67 642.78 1592.49 1404.86 14.62 21.61 553.48 2388.04 9072.38 1.30 47.61 521.51 2388.05 8154.66 8.4591 0.03 394 2388 100.00 38.89 23.3153  
7 186 -0.0005 0.0002 100.0 518.67 642.48 1590.97 1403.32 14.62 21.61 553.17 2388.08 9076.96 1.30 47.70 521.22 2388.07 8146.38 8.4367 0.03 393 2388 100.00 38.76 23.2934  
7 187 0.0012 0.0004 100.0 518.67 642.86 1592.09 1411.99 14.62 21.61 553.52 2388.08 9069.43 1.30 47.70 521.34 2388.11 8151.22 8.4262 0.03 393 2388 100.00 38.84 23.2253  
7 188 0.0014 0.0000 100.0 518.67 642.90 1595.07 1412.29 14.62 21.61 553.51 2388.13 9070.92 1.30 47.67 521.14 2388.10 8147.71 8.4576 0.03 394 2388 100.00 38.80 23.2395  
7 189 -0.0054 -0.0003 100.0 518.67 642.80 1591.28 1412.55 14.62 21.61 553.24 2388.07 9077.06 1.30 47.42 521.13 2388.08 8151.59 8.4633 0.03 393 2388 100.00 38.63 23.1979  
7 190 0.0006 -0.0003 100.0 518.67 642.69 1587.13 1415.28 14.62 21.61 553.74 2388.10 9068.88 1.30 47.58 521.61 2388.07 8152.40 8.4669 0.03 394 2388 100.00 38.96 23.2570  
7 191 0.0036 0.0004 100.0 518.67 642.46 1591.40 1411.57 14.62 21.61 553.03 2388.12 9076.52 1.30 47.58 520.54 2388.07 8155.78 8.4436 0.03 394 2388 100.00 38.70 23.2104  
7 192 0.0011 0.0003 100.0 518.67 642.86 1591.21 1410.83 14.62 21.61 552.67 2388.06 9071.04 1.30 47.47 521.58 2388.05 8150.92 8.4360 0.03 393 2388 100.00 38.69 23.3127  
7 193 -0.0024 -0.0004 100.0 518.67 642.13 1588.41 1409.17 14.62 21.61 553.42 2388.13 9067.94 1.30 47.81 521.30 2388.06 8145.04 8.4052 0.03 394 2388 100.00 38.75 23.2723  
7 194 -0.0000 -0.0002 100.0 518.67 642.53 1596.68 1405.47 14.62 21.61 552.63 2388.07 9076.56 1.30 47.47 521.59 2388.13 8151.29 8.4198 0.03 395 2388 100.00 38.86 23.2208  
7 195 -0.0003 -0.0004 100.0 518.67 642.42 1590.85 1412.30 14.62 21.61 552.33 2388.06 9072.35 1.30 47.66 521.07 2388.09 8151.70 8.4353 0.03 395 2388 100.00 38.80 23.2506  
7 196 0.0005 0.0003 100.0 518.67 642.89 1592.59 1414.59 14.62 21.61 553.03 2388.12 9069.95 1.30 47.64 520.89 2388.07 8150.56 8.5004 0.03 394 2388 100.00 38.67 23.2805  
7 197 0.0020 -0.0002 100.0 518.67 642.72 1596.21 1411.61 14.62 21.61 553.37 2388.06 9070.76 1.30 47.54 521.09 2388.10 8158.37 8.4694 0.03 395 2388 100.00 38.77 23.2351  
7 198 0.0023 -0.0002 100.0 518.67 642.67 1593.20 1407.03 14.62 21.61 552.71 2388.15 9074.19 1.30 47.59 521.46 2388.13 8140.93 8.4257 0.03 395 2388 100.00 38.63 23.2046  
7 199 0.0023 0.0002 100.0 518.67 642.50 1595.00 1406.95 14.62 21.61 553.53 2388.16 9069.99 1.30 47.62 521.57 2388.11 8150.49 8.4145 0.03 395 2388 100.00 38.72 23.3473  
7 200 -0.0036 0.0002 100.0 518.67 642.33 1595.56 1415.32 14.62 21.61 553.40 2388.10 9079.46 1.30 47.71 520.70 2388.09 8142.49 8.4652 0.03 394 2388 100.00 38.85 23.3170  
7 201 -0.0036 -0.0004 100.0 518.67 642.44 1596.61 1410.91 14.62 21.61 553.07 2388.08 9073.47 1.30 47.44 521.37 2388.11 8158.87 8.4671 0.03 393 2388 100.00 38.85 23.1116  
7 202 -0.0043 0.0003 100.0 518.67 642.91 1598.40 1417.06 14.62 21.61 553.13 2388.06 9072.36 1.30 47.55 521.10 2388.11 8148.87 8.4857 0.03 393 2388 100.00 38.72 23.3375  
7 203 0.0033 -0.0004 100.0 518.67 642.88 1596.16 1411.74 14.62 21.61 552.47 2388.10 9079.01 1.30 47.66 521.47 2388.07 8151.40 8.4414 0.03 393 2388 100.00 38.89 23.2880  
7 204 0.0007 -0.0004 100.0 518.67 642.80 1597.85 1417.15 14.62 21.61 552.96 2388.14 9080.23 1.30 47.59 521.02 2388.14 8150.38 8.5011 0.03 394 2388 100.00 38.65 23.3043  
7 205 -0.0022 -0.0001 100.0 518.67 642.78 1590.98 1415.44 14.62 21.61 552.95 2388.11 9076.54 1.30 47.58 521.62 2388.10 8147.95 8.4619 0.03 393 2388 100.00 38.79 23.2074  
7 206 0.0009 -0.0002 100.0 518.67 643.48 1586.96 1403.14 14.62 21.61 553.47 2388.10 9077.90 1.30 47.42 520.93 2388.16 8149.08 8.4322 0.03 395 2388 100.00 38.80 23.2442  
7 207 -0.0003 0.0001 100.0 518.67 642.98 1593.97 1413.89 14.62 21.61 552.98 2388.10 9075.30 1.30 47.81 521.11 2388.08 8151.96 8.4815 0.03 395 2388 100.00 38.88 23.3537  
7 208 -0.0007 0.0002 100.0 518.67 642.81 1590.43 1407.37 14.62 21.61 553.58 2388.13 9074.26 1.30 47.65 520.94 2388.09 8142.49 8.4694 0.03 395 2388 100.00 38.92 23.2286  
7 209 0.0020 -0.0005 100.0 518.67 642.67 1595.73 1418.83 14.62 21.61 552.40 2388.13 9074.58 1.30 47.72 520.96 2388.09 8152.83 8.4664 0.03 396 2388 100.00 38.65 23.3284  
7 210 0.0021 -0.0003 100.0 518.67 643.04 1595.21 1418.31 14.62 21.61 553.14 2388.11 9077.56 1.30 47.76 521.08 2388.17 8147.82 8.4610 0.03 394 2388 100.00 38.77 23.2624  
7 211 -0.0006 0.0002 100.0 518.67 642.97 1593.87 1419.64 14.62 21.61 553.14 2388.08 9070.89 1.30 47.58 521.24 2388.14 8146.19 8.4667 0.03 394 2388 100.00 38.49 23.2027  
7 212 0.0019 -0.0001 100.0 518.67 642.93 1594.26 1411.21 14.62 21.61 552.58 2388.08 9081.14 1.30 47.84 521.24 2388.09 8151.50 8.4574 0.03 395 2388 100.00 38.73 23.2246  
7 213 0.0008 -0.0001 100.0 518.67 642.51 1599.51 1414.91 14.62 21.61 553.05 2388.12 9068.60 1.30 47.96 521.05 2388.11 8147.45 8.4807 0.03 395 2388 100.00 38.56 23.1737  
7 214 0.0022 0.0002 100.0 518.67 642.87 1586.43 1415.25 14.62 21.61 553.41 2388.14 9070.02 1.30 47.74 521.44 2388.13 8147.08 8.4723 0.03 395 2388 100.00 38.66 23.2265  
7 215 -0.0012 0.0002 100.0 518.67 642.23 1594.07 1417.42 14.62 21.61 552.95 2388.10 9079.45 1.30 47.94 521.17 2388.07 8149.44 8.4582 0.03 394 2388 100.00 38.66 23.2131  
7 216 -0.0029 0.0004 100.0 518.67 642.94 1592.54 1418.23 14.62 21.61 553.47 2388.14 9070.43 1.30 47.78 520.70 2388.15 8147.65 8.4858 0.03 396 2388 100.00 38.60 23.2425  
7 217 -0.0024 -0.0004 100.0 518.67 643.26 1600.79 1418.59 14.62 21.61 552.24 2388.18 9070.89 1.30 47.71 521.18 2388.13 8143.68 8.4958 0.03 396 2388 100.00 38.65 23.1888  
7 218 0.0021 -0.0002 100.0 518.67 642.93 1583.14 1418.41 14.62 21.61 552.67 2388.16 9076.18 1.30 47.76 521.20 2388.07 8151.08 8.4701 0.03 395 2388 100.00 38.61 23.0657  
7 219 0.0022 0.0003 100.0 518.67 642.92 1593.78 1417.93 14.62 21.61 552.44 2388.16 9067.62 1.30 47.83 520.96 2388.13 8145.68 8.4666 0.03 395 2388 100.00 38.66 23.1820  
7 220 -0.0037 -0.0000 100.0 518.67 642.89 1596.60 1416.42 14.62 21.61 553.20 2388.14 9073.62 1.30 47.75 520.90 2388.16 8145.22 8.4495 0.03 395 2388 100.00 38.72 23.1952  
7 221 -0.0018 -0.0004 100.0 518.67 643.21 1590.76 1416.66 14.62 21.61 552.35 2388.18 9074.20 1.30 47.76 521.51 2388.16 8149.06 8.4509 0.03 397 2388 100.00 38.72 23.2386  
7 222 0.0023 -0.0005 100.0 518.67 643.44 1593.45 1416.17 14.62 21.61 552.45 2388.12 9078.43 1.30 47.89 521.00 2388.14 8147.71 8.4850 0.03 395 2388 100.00 38.53 23.2318  
7 223 0.0031 0.0004 100.0 518.67 642.46 1592.69 1411.45 14.62 21.61 553.06 2388.14 9079.03 1.30 47.95 520.98 2388.10 8150.38 8.4877 0.03 395 2388 100.00 38.88 23.1761  
7 224 -0.0021 0.0004 100.0 518.67 643.34 1599.27 1423.70 14.62 21.61 552.49 2388.17 9073.05 1.30 47.79 521.02 2388.17 8151.27 8.4729 0.03 395 2388 100.00 38.38 23.2119  
7 225 0.0013 -0.0002 100.0 518.67 643.10 1601.64 1404.63 14.62 21.61 552.11 2388.16 9072.91 1.30 47.58 520.30 2388.15 8147.47 8.4919 0.03 395 2388 100.00 38.67 23.1872  
7 226 -0.0015 -0.0001 100.0 518.67 642.85 1594.71 1417.37 14.62 21.61 552.49 2388.16 9076.72 1.30 47.77 520.70 2388.17 8150.57 8.4716 0.03 395 2388 100.00 38.57 23.1233  
7 227 0.0004 -0.0001 100.0 518.67 643.30 1600.96 1416.60 14.62 21.61 551.90 2388.17 9080.86 1.30 47.98 520.73 2388.17 8150.49 8.4869 0.03 395 2388 100.00 38.70 23.2282  
7 228 -0.0016 0.0003 100.0 518.67 643.59 1592.29 1423.21 14.62 21.61 552.01 2388.10 9068.85 1.30 47.69 520.44 2388.14 8152.24 8.4711 0.03 393 2388 100.00 38.77 23.2750  
7 229 -0.0024 -0.0001 100.0 518.67 643.53 1593.53 1418.82 14.62 21.61 552.58 2388.16 9073.50 1.30 47.76 520.43 2388.17 8147.05 8.5182 0.03 395 2388 100.00 38.69 23.0911  
7 230 -0.0010 -0.0004 100.0 518.67 643.66 1594.24 1418.61 14.62 21.61 551.88 2388.12 9077.31 1.30 47.86 520.55 2388.12 8150.09 8.4526 0.03 395 2388 100.00 38.53 23.1294  
7 231 0.0068 0.0003 100.0 518.67 643.03 1597.70 1415.67 14.62 21.61 553.04 2388.19 9065.62 1.30 47.80 520.54 2388.17 8150.61 8.4770 0.03 395 2388 100.00 38.70 23.1564  
7 232 -0.0020 -0.0001 100.0 518.67 643.48 1596.72 1412.12 14.62 21.61 552.42 2388.21 9076.22 1.30 47.92 520.45 2388.19 8152.96 8.4756 0.03 396 2388 100.00 38.58 23.0741  
7 233 0.0045 0.0002 100.0 518.67 642.87 1597.06 1420.78 14.62 21.61 551.64 2388.11 9072.86 1.30 47.88 519.43 2388.16 8149.41 8.5079 0.03 394 2388 100.00 38.62 23.2648  
7 234 -0.0021 -0.0002 100.0 518.67 643.51 1601.02 1424.95 14.62 21.61 552.84 2388.16 9080.03 1.30 47.83 520.55 2388.22 8151.88 8.4600 0.03 396 2388 100.00 38.61 23.1713  
7 235 0.0016 -0.0001 100.0 518.67 643.06 1594.95 1419.33 14.62 21.61 552.44 2388.15 9075.23 1.30 47.84 520.60 2388.19 8148.45 8.4973 0.03 395 2388 100.00 38.68 23.1397  
7 236 0.0011 -0.0003 100.0 518.67 643.14 1595.70 1417.66 14.62 21.61 552.60 2388.16 9079.14 1.30 47.91 520.92 2388.18 8151.16 8.4736 0.03 395 2388 100.00 38.60 23.1665  
7 237 0.0006 0.0004 100.0 518.67 643.45 1596.98 1414.51 14.62 21.61 551.59 2388.16 9076.52 1.30 48.03 520.60 2388.15 8141.06 8.5253 0.03 392 2388 100.00 38.47 23.1135  
7 238 0.0022 -0.0005 100.0 518.67 643.21 1593.11 1419.91 14.62 21.61 552.25 2388.19 9076.16 1.30 47.89 520.49 2388.12 8151.87 8.4559 0.03 395 2388 100.00 38.46 23.1676  
7 239 -0.0016 -0.0001 100.0 518.67 643.13 1597.49 1427.17 14.62 21.61 552.56 2388.21 9073.46 1.30 47.94 519.61 2388.17 8154.95 8.4994 0.03 396 2388 100.00 38.68 23.2434  
7 240 -0.0017 -0.0000 100.0 518.67 643.32 1597.45 1432.67 14.62 21.61 551.48 2388.22 9067.35 1.30 47.95 520.18 2388.18 8141.72 8.4763 0.03 395 2388 100.00 38.64 23.0710  
7 241 0.0013 -0.0002 100.0 518.67 643.14 1603.37 1431.51 14.62 21.61 552.52 2388.18 9075.25 1.30 47.95 520.26 2388.24 8151.52 8.5086 0.03 396 2388 100.00 38.46 23.1039  
7 242 -0.0007 -0.0005 100.0 518.67 643.45 1598.75 1420.94 14.62 21.61 551.63 2388.18 9069.47 1.30 47.82 520.30 2388.23 8149.19 8.4831 0.03 394 2388 100.00 38.52 23.1649  
7 243 0.0016 0.0004 100.0 518.67 643.50 1607.70 1417.37 14.62 21.61 551.88 2388.16 9070.96 1.30 48.05 520.17 2388.16 8145.69 8.5170 0.03 396 2388 100.00 38.51 22.9398  
7 244 -0.0012 -0.0001 100.0 518.67 643.11 1601.18 1428.04 14.62 21.61 551.49 2388.19 9075.06 1.30 47.94 520.26 2388.17 8150.13 8.5106 0.03 397 2388 100.00 38.55 23.1399  
7 245 0.0027 -0.0001 100.0 518.67 644.00 1596.94 1426.25 14.62 21.61 551.82 2388.20 9080.51 1.30 47.92 519.86 2388.16 8150.09 8.5085 0.03 396 2388 100.00 38.60 23.1415  
7 246 0.0005 0.0002 100.0 518.67 643.41 1596.23 1433.13 14.62 21.61 552.23 2388.22 9075.19 1.30 48.16 519.97 2388.20 8148.66 8.4742 0.03 395 2388 100.00 38.58 23.0662  
7 247 0.0012 0.0002 100.0 518.67 643.47 1600.74 1424.71 14.62 21.61 551.26 2388.23 9084.92 1.30 48.13 520.15 2388.21 8154.58 8.5149 0.03 396 2388 100.00 38.62 23.1767  
7 248 -0.0043 -0.0001 100.0 518.67 643.87 1591.09 1427.14 14.62 21.61 552.06 2388.18 9080.02 1.30 47.90 519.58 2388.24 8149.12 8.5117 0.03 397 2388 100.00 38.38 23.0795  
7 249 0.0017 0.0004 100.0 518.67 643.13 1598.89 1422.50 14.62 21.61 552.73 2388.21 9082.19 1.30 48.02 520.01 2388.23 8145.07 8.4859 0.03 396 2388 100.00 38.51 23.0730  
7 250 0.0036 0.0001 100.0 518.67 643.94 1598.33 1421.79 14.62 21.61 551.20 2388.21 9071.10 1.30 48.07 519.54 2388.22 8144.56 8.4925 0.03 397 2388 100.00 38.70 23.1371  
7 251 0.0021 -0.0000 100.0 518.67 643.83 1601.42 1427.83 14.62 21.61 551.43 2388.25 9081.49 1.30 48.03 520.21 2388.23 8147.78 8.5101 0.03 396 2388 100.00 38.50 23.0912  
7 252 -0.0005 -0.0003 100.0 518.67 643.91 1601.87 1436.55 14.62 21.61 551.21 2388.24 9074.07 1.30 48.30 519.47 2388.22 8148.12 8.5229 0.03 396 2388 100.00 38.45 23.1259  
7 253 0.0012 -0.0004 100.0 518.67 643.53 1596.44 1421.13 14.62 21.61 551.61 2388.20 9070.56 1.30 48.26 519.50 2388.23 8150.70 8.5007 0.03 397 2388 100.00 38.52 23.0652  
7 254 -0.0010 -0.0004 100.0 518.67 643.56 1590.69 1423.70 14.62 21.61 551.12 2388.25 9075.33 1.30 47.98 519.48 2388.27 8141.83 8.5627 0.03 398 2388 100.00 38.63 23.0196  
7 255 0.0050 -0.0004 100.0 518.67 643.45 1606.52 1422.76 14.62 21.61 551.17 2388.21 9076.94 1.30 48.15 519.88 2388.20 8146.81 8.5001 0.03 395 2388 100.00 38.55 23.0458  
7 256 0.0019 0.0001 100.0 518.67 643.35 1597.88 1428.37 14.62 21.61 551.31 2388.22 9074.79 1.30 47.96 520.21 2388.23 8139.94 8.5104 0.03 395 2388 100.00 38.53 23.1260  
7 257 -0.0032 -0.0002 100.0 518.67 644.27 1602.83 1421.92 14.62 21.61 551.28 2388.24 9077.77 1.30 48.35 519.65 2388.23 8149.60 8.5367 0.03 396 2388 100.00 38.40 23.0286  
7 258 -0.0005 0.0001 100.0 518.67 643.56 1598.95 1425.91 14.62 21.61 551.59 2388.27 9075.18 1.30 48.05 519.06 2388.23 8149.55 8.5369 0.03 396 2388 100.00 38.50 22.9854  
7 259 0.0043 -0.0001 100.0 518.67 644.15 1599.33 1435.04 14.62 21.61 551.97 2388.19 9075.94 1.30 47.97 519.10 2388.24 8145.75 8.5162 0.03 396 2388 100.00 38.46 23.0596  
8 1 -0.0026 -0.0003 100.0 518.67 643.18 1585.17 1409.75 14.62 21.61 552.31 2388.12 9048.66 1.30 47.30 521.23 2388.13 8123.47 8.4808 0.03 393 2388 100.00 38.90 23.3468  
8 2 -0.0012 -0.0003 100.0 518.67 642.92 1585.97 1410.81 14.62 21.61 552.74 2388.11 9040.66 1.30 47.62 521.82 2388.13 8120.18 8.4209 0.03 392 2388 100.00 38.90 23.2926  
8 3 0.0001 0.0002 100.0 518.67 642.74 1591.11 1403.29 14.62 21.61 552.79 2388.11 9045.01 1.30 47.51 521.52 2388.12 8122.29 8.4497 0.03 393 2388 100.00 38.88 23.1812  
8 4 -0.0021 0.0005 100.0 518.67 642.76 1592.22 1406.11 14.62 21.61 552.13 2388.14 9049.45 1.30 47.68 521.25 2388.12 8123.80 8.4405 0.03 393 2388 100.00 38.86 23.2371  
8 5 -0.0044 0.0003 100.0 518.67 643.13 1596.11 1409.34 14.62 21.61 553.61 2388.13 9043.00 1.30 47.53 521.50 2388.15 8118.15 8.4029 0.03 392 2388 100.00 38.88 23.2975  
8 6 0.0028 -0.0005 100.0 518.67 642.55 1596.30 1418.06 14.62 21.61 552.32 2388.13 9045.24 1.30 47.55 521.07 2388.14 8126.65 8.4505 0.03 394 2388 100.00 38.86 23.2799  
8 7 -0.0024 0.0004 100.0 518.67 642.86 1586.88 1404.52 14.62 21.61 553.54 2388.11 9042.79 1.30 47.28 521.14 2388.13 8121.90 8.4438 0.03 392 2388 100.00 38.71 23.3545  
8 8 -0.0017 -0.0001 100.0 518.67 642.75 1589.06 1407.11 14.62 21.61 552.97 2388.17 9040.27 1.30 47.38 521.90 2388.21 8120.31 8.4281 0.03 394 2388 100.00 38.71 23.2232  
8 9 -0.0004 0.0002 100.0 518.67 643.01 1594.26 1413.87 14.62 21.61 552.61 2388.10 9037.14 1.30 47.53 521.17 2388.15 8115.49 8.4758 0.03 392 2388 100.00 38.94 23.2721  
8 10 -0.0050 -0.0001 100.0 518.67 642.57 1583.85 1406.70 14.62 21.61 553.56 2388.12 9040.35 1.30 47.59 521.10 2388.14 8128.50 8.4599 0.03 395 2388 100.00 38.76 23.2683  
8 11 0.0018 0.0004 100.0 518.67 642.30 1589.55 1419.87 14.62 21.61 554.04 2388.20 9040.86 1.30 47.69 521.00 2388.14 8125.93 8.4549 0.03 392 2388 100.00 38.81 23.2842  
8 12 0.0013 -0.0004 100.0 518.67 643.02 1587.92 1406.39 14.62 21.61 553.47 2388.10 9042.47 1.30 47.65 521.18 2388.11 8121.97 8.4522 0.03 394 2388 100.00 39.04 23.2671  
8 13 -0.0024 0.0004 100.0 518.67 642.46 1588.36 1407.31 14.62 21.61 553.57 2388.10 9042.18 1.30 47.35 521.36 2388.10 8118.26 8.4268 0.03 395 2388 100.00 38.67 23.3570  
8 14 0.0001 -0.0004 100.0 518.67 642.44 1588.90 1413.77 14.62 21.61 553.13 2388.14 9048.68 1.30 47.53 521.10 2388.15 8126.84 8.4481 0.03 394 2388 100.00 38.82 23.3671  
8 15 -0.0028 -0.0003 100.0 518.67 642.61 1596.78 1411.97 14.62 21.61 553.06 2388.15 9043.81 1.30 47.62 521.48 2388.16 8126.20 8.4934 0.03 390 2388 100.00 38.60 23.3259  
8 16 -0.0040 0.0004 100.0 518.67 641.82 1592.93 1410.40 14.62 21.61 553.15 2388.06 9039.37 1.30 47.57 522.08 2388.17 8120.23 8.4631 0.03 392 2388 100.00 38.78 23.2899  
8 17 -0.0019 -0.0003 100.0 518.67 642.61 1592.06 1403.10 14.62 21.61 553.48 2388.16 9038.30 1.30 47.62 521.25 2388.12 8127.19 8.4208 0.03 392 2388 100.00 38.82 23.2522  
8 18 -0.0001 -0.0001 100.0 518.67 642.20 1593.38 1409.63 14.62 21.61 552.95 2388.17 9042.87 1.30 47.71 521.19 2388.10 8115.54 8.4579 0.03 393 2388 100.00 38.98 23.2242  
8 19 -0.0048 -0.0004 100.0 518.67 642.32 1590.23 1406.79 14.62 21.61 553.75 2388.10 9037.76 1.30 47.61 521.00 2388.07 8123.53 8.4433 0.03 392 2388 100.00 38.88 23.2057  
8 20 -0.0003 0.0000 100.0 518.67 643.33 1590.41 1405.38 14.62 21.61 553.09 2388.13 9045.77 1.30 47.41 521.75 2388.11 8120.73 8.4265 0.03 395 2388 100.00 38.89 23.2556  
8 21 -0.0035 -0.0003 100.0 518.67 642.74 1586.57 1400.16 14.62 21.61 553.73 2388.17 9041.03 1.30 47.51 520.86 2388.14 8124.54 8.4506 0.03 392 2388 100.00 38.84 23.3172  
8 22 0.0045 -0.0001 100.0 518.67 642.68 1589.24 1412.59 14.62 21.61 553.20 2388.17 9050.28 1.30 47.60 521.51 2388.11 8125.91 8.4327 0.03 394 2388 100.00 38.91 23.2675  
8 23 0.0002 0.0002 100.0 518.67 643.08 1585.98 1415.98 14.62 21.61 553.14 2388.18 9035.26 1.30 47.54 521.28 2388.08 8120.95 8.4517 0.03 392 2388 100.00 38.87 23.1853  
8 24 0.0022 -0.0004 100.0 518.67 642.92 1584.01 1406.58 14.62 21.61 552.85 2388.14 9048.23 1.30 47.53 521.63 2388.11 8124.29 8.4348 0.03 391 2388 100.00 38.90 23.3129  
8 25 0.0006 -0.0003 100.0 518.67 642.85 1585.05 1410.56 14.62 21.61 553.29 2388.13 9043.13 1.30 47.73 521.75 2388.09 8125.60 8.4432 0.03 393 2388 100.00 38.78 23.2746  
8 26 0.0015 0.0002 100.0 518.67 642.23 1589.95 1405.69 14.62 21.61 553.07 2388.07 9045.98 1.30 47.38 521.88 2388.16 8122.28 8.4056 0.03 394 2388 100.00 38.88 23.2902  
8 27 -0.0020 0.0004 100.0 518.67 642.83 1590.91 1413.37 14.62 21.61 553.40 2388.17 9043.12 1.30 47.57 520.65 2388.20 8117.73 8.4211 0.03 393 2388 100.00 38.69 23.2324  
8 28 -0.0004 0.0001 100.0 518.67 642.14 1584.76 1411.85 14.62 21.61 553.68 2388.10 9045.72 1.30 47.43 520.94 2388.10 8127.55 8.4334 0.03 393 2388 100.00 38.79 23.2601  
8 29 -0.0006 -0.0004 100.0 518.67 642.89 1592.03 1407.70 14.62 21.61 553.01 2388.16 9044.98 1.30 47.57 521.34 2388.15 8126.46 8.4479 0.03 392 2388 100.00 38.92 23.3099  
8 30 0.0004 0.0003 100.0 518.67 643.08 1588.55 1400.07 14.62 21.61 552.45 2388.08 9044.89 1.30 47.59 521.26 2388.14 8121.13 8.4222 0.03 393 2388 100.00 38.81 23.3215  
8 31 0.0003 0.0000 100.0 518.67 642.63 1584.36 1410.45 14.62 21.61 553.64 2388.09 9044.91 1.30 47.59 521.59 2388.12 8120.89 8.4893 0.03 393 2388 100.00 38.80 23.3203  
8 32 0.0001 0.0002 100.0 518.67 642.87 1594.16 1413.85 14.62 21.61 552.92 2388.13 9049.25 1.30 47.42 521.58 2388.17 8125.78 8.4686 0.03 394 2388 100.00 38.73 23.2709  
8 33 -0.0025 -0.0001 100.0 518.67 642.11 1588.70 1416.52 14.62 21.61 552.90 2388.14 9044.51 1.30 47.59 521.03 2388.14 8124.00 8.4675 0.03 394 2388 100.00 38.92 23.3081  
8 34 -0.0030 0.0001 100.0 518.67 642.38 1594.25 1406.27 14.62 21.61 552.76 2388.14 9036.91 1.30 47.67 520.91 2388.14 8123.04 8.4364 0.03 395 2388 100.00 38.85 23.2625  
8 35 -0.0035 -0.0001 100.0 518.67 642.79 1591.81 1411.73 14.62 21.61 553.56 2388.11 9036.35 1.30 47.64 521.09 2388.10 8123.98 8.4710 0.03 393 2388 100.00 38.67 23.2182  
8 36 -0.0018 0.0001 100.0 518.67 643.05 1588.74 1414.51 14.62 21.61 553.27 2388.08 9044.03 1.30 47.50 521.37 2388.11 8123.20 8.4597 0.03 393 2388 100.00 38.71 23.2801  
8 37 0.0016 -0.0005 100.0 518.67 642.86 1593.86 1409.90 14.62 21.61 553.36 2388.14 9034.65 1.30 47.65 521.28 2388.11 8124.45 8.4143 0.03 394 2388 100.00 38.83 23.2904  
8 38 -0.0004 0.0002 100.0 518.67 642.91 1592.65 1403.91 14.62 21.61 552.94 2388.11 9049.72 1.30 47.29 521.18 2388.15 8128.73 8.4479 0.03 393 2388 100.00 38.85 23.2445  
8 39 -0.0008 0.0004 100.0 518.67 642.67 1594.90 1409.08 14.62 21.61 553.02 2388.16 9045.83 1.30 47.55 522.13 2388.13 8123.46 8.4429 0.03 394 2388 100.00 38.82 23.2915  
8 40 0.0012 0.0004 100.0 518.67 642.33 1587.05 1409.73 14.62 21.61 553.20 2388.14 9050.57 1.30 47.59 521.64 2388.16 8124.43 8.4140 0.03 394 2388 100.00 38.91 23.2884  
8 41 -0.0021 0.0005 100.0 518.67 643.64 1586.40 1415.03 14.62 21.61 552.39 2388.15 9040.69 1.30 47.58 521.33 2388.17 8124.75 8.4514 0.03 392 2388 100.00 38.82 23.2971  
8 42 0.0007 -0.0001 100.0 518.67 642.45 1596.61 1413.96 14.62 21.61 553.39 2388.15 9042.79 1.30 47.57 521.01 2388.11 8125.15 8.4001 0.03 393 2388 100.00 38.82 23.2418  
8 43 0.0043 -0.0000 100.0 518.67 642.12 1589.67 1404.92 14.62 21.61 553.10 2388.10 9045.67 1.30 47.53 520.99 2388.13 8129.09 8.4519 0.03 393 2388 100.00 38.80 23.2719  
8 44 0.0010 -0.0000 100.0 518.67 642.83 1594.48 1412.23 14.62 21.61 553.81 2388.13 9043.58 1.30 47.47 521.38 2388.17 8123.59 8.4808 0.03 393 2388 100.00 38.81 23.2559  
8 45 0.0022 0.0005 100.0 518.67 642.70 1594.39 1406.87 14.62 21.61 553.18 2388.10 9050.41 1.30 47.38 520.97 2388.07 8126.59 8.3967 0.03 391 2388 100.00 38.81 23.2896  
8 46 -0.0010 -0.0004 100.0 518.67 642.66 1582.06 1407.98 14.62 21.61 553.09 2388.11 9036.96 1.30 47.58 521.52 2388.20 8121.42 8.4308 0.03 393 2388 100.00 38.76 23.2740  
8 47 -0.0017 0.0000 100.0 518.67 643.19 1597.18 1409.66 14.62 21.61 552.66 2388.14 9044.83 1.30 47.49 521.09 2388.14 8121.72 8.4617 0.03 395 2388 100.00 38.83 23.2846  
8 48 -0.0011 -0.0003 100.0 518.67 643.16 1592.35 1410.66 14.62 21.61 553.50 2388.15 9044.91 1.30 47.62 521.20 2388.07 8121.14 8.4126 0.03 393 2388 100.00 38.66 23.3099  
8 49 0.0022 0.0002 100.0 518.67 642.47 1597.28 1408.45 14.62 21.61 553.69 2388.16 9038.38 1.30 47.81 521.69 2388.11 8131.45 8.4282 0.03 394 2388 100.00 38.78 23.2095  
8 50 0.0009 -0.0000 100.0 518.67 642.46 1596.48 1418.47 14.62 21.61 553.05 2388.17 9046.60 1.30 47.58 520.84 2388.20 8129.67 8.4453 0.03 393 2388 100.00 38.71 23.2612  
8 51 0.0016 -0.0002 100.0 518.67 642.30 1596.71 1408.48 14.62 21.61 552.96 2388.18 9048.73 1.30 47.66 521.17 2388.20 8119.14 8.4715 0.03 395 2388 100.00 38.86 23.2719  
8 52 0.0020 -0.0005 100.0 518.67 642.91 1591.23 1411.15 14.62 21.61 553.42 2388.19 9046.61 1.30 47.58 521.03 2388.15 8121.41 8.4327 0.03 394 2388 100.00 38.87 23.2967  
8 53 0.0029 0.0000 100.0 518.67 642.44 1591.28 1408.73 14.62 21.61 553.37 2388.12 9046.52 1.30 47.54 521.10 2388.20 8124.44 8.4654 0.03 392 2388 100.00 38.77 23.2592  
8 54 -0.0015 0.0002 100.0 518.67 642.80 1586.86 1408.64 14.62 21.61 553.38 2388.14 9041.94 1.30 47.79 521.49 2388.10 8122.24 8.4623 0.03 394 2388 100.00 38.78 23.2773  
8 55 0.0011 -0.0000 100.0 518.67 642.55 1587.69 1409.00 14.62 21.61 552.31 2388.14 9045.33 1.30 47.61 521.12 2388.13 8121.94 8.4465 0.03 393 2388 100.00 38.76 23.3119  
8 56 0.0017 -0.0003 100.0 518.67 642.79 1588.22 1412.93 14.62 21.61 553.19 2388.12 9049.54 1.30 47.59 522.12 2388.15 8122.62 8.4121 0.03 394 2388 100.00 38.92 23.3670  
8 57 -0.0018 -0.0004 100.0 518.67 642.51 1587.86 1405.68 14.62 21.61 552.52 2388.08 9045.48 1.30 47.45 520.87 2388.18 8126.86 8.4585 0.03 392 2388 100.00 38.71 23.2328  
8 58 0.0022 -0.0001 100.0 518.67 642.54 1587.61 1415.49 14.62 21.61 553.74 2388.12 9044.57 1.30 47.66 520.79 2388.16 8130.47 8.5176 0.03 393 2388 100.00 38.62 23.2355  
8 59 -0.0031 0.0003 100.0 518.67 642.73 1596.47 1403.96 14.62 21.61 552.83 2388.13 9046.28 1.30 47.69 521.76 2388.14 8124.19 8.4526 0.03 393 2388 100.00 38.90 23.3387  
8 60 0.0026 0.0003 100.0 518.67 642.89 1592.58 1413.38 14.62 21.61 552.45 2388.15 9045.93 1.30 47.70 521.52 2388.11 8123.02 8.4372 0.03 393 2388 100.00 38.75 23.2112  
8 61 -0.0025 -0.0002 100.0 518.67 642.36 1581.06 1410.45 14.62 21.61 553.78 2388.13 9044.33 1.30 47.51 521.35 2388.13 8122.40 8.4707 0.03 393 2388 100.00 38.77 23.2598  
8 62 0.0025 0.0005 100.0 518.67 642.93 1588.92 1406.65 14.62 21.61 552.12 2388.11 9048.93 1.30 47.55 520.66 2388.17 8122.81 8.4369 0.03 393 2388 100.00 38.74 23.1837  
8 63 0.0000 0.0004 100.0 518.67 642.38 1593.42 1411.87 14.62 21.61 552.76 2388.11 9043.90 1.30 47.69 520.88 2388.16 8128.93 8.4405 0.03 394 2388 100.00 38.90 23.3115  
8 64 -0.0004 -0.0003 100.0 518.67 643.04 1587.91 1403.83 14.62 21.61 552.80 2388.15 9042.25 1.30 47.82 521.23 2388.12 8130.97 8.4649 0.03 394 2388 100.00 38.76 23.1794  
8 65 0.0017 0.0002 100.0 518.67 642.33 1592.63 1411.72 14.62 21.61 553.15 2388.17 9045.47 1.30 47.63 521.07 2388.18 8126.65 8.4577 0.03 393 2388 100.00 38.75 23.3226  
8 66 -0.0012 0.0004 100.0 518.67 642.65 1589.96 1410.23 14.62 21.61 553.33 2388.18 9052.06 1.30 47.79 520.67 2388.13 8127.10 8.4809 0.03 393 2388 100.00 38.84 23.2782  
8 67 -0.0025 0.0001 100.0 518.67 643.01 1598.92 1416.24 14.62 21.61 553.62 2388.18 9038.84 1.30 47.79 521.34 2388.14 8125.15 8.4402 0.03 394 2388 100.00 38.80 23.3558  
8 68 0.0022 -0.0001 100.0 518.67 642.59 1594.01 1409.46 14.62 21.61 554.02 2388.15 9041.41 1.30 47.55 520.95 2388.13 8120.70 8.4435 0.03 394 2388 100.00 38.88 23.2831  
8 69 -0.0028 0.0002 100.0 518.67 643.06 1590.31 1411.50 14.62 21.61 553.19 2388.19 9046.08 1.30 47.57 520.99 2388.14 8127.49 8.4424 0.03 396 2388 100.00 38.79 23.2364  
8 70 0.0027 -0.0003 100.0 518.67 643.09 1598.38 1409.85 14.62 21.61 553.02 2388.14 9038.74 1.30 47.59 520.88 2388.12 8122.58 8.4531 0.03 394 2388 100.00 38.68 23.2438  
8 71 0.0053 -0.0004 100.0 518.67 642.27 1588.04 1411.20 14.62 21.61 553.02 2388.16 9039.96 1.30 47.76 521.64 2388.12 8122.38 8.4414 0.03 393 2388 100.00 38.83 23.2851  
8 72 0.0024 0.0003 100.0 518.67 642.79 1590.22 1412.92 14.62 21.61 553.02 2388.17 9044.54 1.30 47.55 521.07 2388.15 8122.73 8.4352 0.03 395 2388 100.00 38.80 23.2550  
8 73 0.0035 0.0001 100.0 518.67 642.76 1589.54 1412.90 14.62 21.61 552.98 2388.13 9048.97 1.30 47.70 521.71 2388.20 8124.83 8.4614 0.03 393 2388 100.00 38.81 23.3273  
8 74 0.0003 0.0003 100.0 518.67 643.27 1589.11 1406.93 14.62 21.61 553.28 2388.17 9044.45 1.30 47.55 520.98 2388.15 8124.58 8.4337 0.03 394 2388 100.00 38.79 23.2157  
8 75 -0.0026 0.0002 100.0 518.67 642.42 1588.17 1413.75 14.62 21.61 553.24 2388.14 9035.51 1.30 47.46 520.76 2388.14 8122.96 8.4466 0.03 392 2388 100.00 38.77 23.1397  
8 76 0.0024 0.0001 100.0 518.67 642.69 1587.95 1411.06 14.62 21.61 553.56 2388.14 9042.02 1.30 47.57 521.17 2388.18 8128.53 8.4635 0.03 394 2388 100.00 38.71 23.2871  
8 77 -0.0007 -0.0001 100.0 518.67 642.83 1594.18 1415.54 14.62 21.61 552.76 2388.17 9053.25 1.30 47.68 520.77 2388.14 8120.54 8.4474 0.03 394 2388 100.00 38.82 23.2749  
8 78 -0.0001 0.0000 100.0 518.67 643.06 1593.86 1412.77 14.62 21.61 553.07 2388.16 9049.31 1.30 47.63 520.97 2388.15 8118.89 8.4951 0.03 393 2388 100.00 38.78 23.2729  
8 79 -0.0020 -0.0001 100.0 518.67 643.18 1590.44 1408.65 14.62 21.61 552.55 2388.19 9039.68 1.30 47.64 520.42 2388.20 8116.35 8.4716 0.03 392 2388 100.00 38.91 23.2468  
8 80 0.0006 0.0004 100.0 518.67 643.09 1586.49 1421.86 14.62 21.61 552.97 2388.16 9047.50 1.30 47.60 520.82 2388.16 8118.39 8.4046 0.03 394 2388 100.00 38.69 23.1655  
8 81 0.0015 0.0000 100.0 518.67 642.44 1598.81 1418.07 14.62 21.61 553.13 2388.18 9041.18 1.30 47.59 520.64 2388.12 8123.52 8.4418 0.03 394 2388 100.00 38.75 23.1679  
8 82 0.0017 0.0002 100.0 518.67 643.11 1587.82 1406.94 14.62 21.61 552.63 2388.19 9042.48 1.30 47.77 521.23 2388.18 8125.37 8.4673 0.03 395 2388 100.00 38.67 23.3798  
8 83 -0.0017 -0.0002 100.0 518.67 642.79 1588.27 1406.93 14.62 21.61 553.02 2388.17 9040.09 1.30 47.66 521.38 2388.23 8117.09 8.4569 0.03 394 2388 100.00 38.88 23.1633  
8 84 0.0007 0.0002 100.0 518.67 642.91 1600.62 1416.91 14.62 21.61 553.39 2388.20 9041.17 1.30 47.68 520.84 2388.15 8124.57 8.4446 0.03 394 2388 100.00 38.68 23.3456  
8 85 -0.0020 -0.0001 100.0 518.67 643.53 1586.90 1419.03 14.62 21.61 553.03 2388.18 9047.29 1.30 47.71 521.20 2388.17 8124.20 8.4391 0.03 394 2388 100.00 38.51 23.2252  
8 86 0.0014 -0.0003 100.0 518.67 643.57 1595.92 1411.11 14.62 21.61 552.65 2388.21 9045.77 1.30 47.73 521.32 2388.18 8131.35 8.5072 0.03 395 2388 100.00 38.80 23.2706  
8 87 -0.0011 0.0004 100.0 518.67 643.13 1594.30 1419.41 14.62 21.61 553.26 2388.17 9041.86 1.30 47.69 521.01 2388.18 8121.40 8.4485 0.03 394 2388 100.00 38.70 23.1939  
8 88 -0.0005 0.0003 100.0 518.67 643.00 1592.27 1413.99 14.62 21.61 552.58 2388.15 9045.30 1.30 47.78 520.49 2388.15 8124.14 8.4636 0.03 395 2388 100.00 38.85 23.2395  
8 89 -0.0027 -0.0004 100.0 518.67 642.89 1588.92 1414.77 14.62 21.61 552.99 2388.18 9043.81 1.30 47.53 521.37 2388.19 8122.98 8.4684 0.03 393 2388 100.00 38.75 23.2629  
8 90 -0.0018 -0.0003 100.0 518.67 643.04 1597.06 1419.66 14.62 21.61 553.63 2388.21 9041.63 1.30 47.76 520.86 2388.25 8120.59 8.4657 0.03 395 2388 100.00 38.75 23.1750  
8 91 0.0024 0.0004 100.0 518.67 642.85 1597.12 1418.09 14.62 21.61 553.31 2388.14 9047.15 1.30 47.61 521.10 2388.15 8121.46 8.4363 0.03 392 2388 100.00 38.81 23.1856  
8 92 0.0040 -0.0003 100.0 518.67 643.22 1587.73 1406.32 14.62 21.61 553.52 2388.21 9049.57 1.30 47.68 520.76 2388.15 8122.02 8.4885 0.03 393 2388 100.00 38.64 23.2741  
8 93 0.0012 -0.0002 100.0 518.67 642.64 1600.04 1412.99 14.62 21.61 553.25 2388.16 9040.84 1.30 47.59 521.29 2388.16 8122.66 8.4484 0.03 394 2388 100.00 38.68 23.2533  
8 94 0.0011 -0.0001 100.0 518.67 642.83 1598.04 1413.58 14.62 21.61 553.19 2388.20 9047.56 1.30 47.68 520.82 2388.20 8122.33 8.4551 0.03 394 2388 100.00 38.72 23.2282  
8 95 0.0023 -0.0002 100.0 518.67 643.23 1593.41 1414.15 14.62 21.61 552.31 2388.21 9038.83 1.30 47.74 520.93 2388.15 8125.25 8.4869 0.03 395 2388 100.00 38.72 23.3197  
8 96 0.0032 0.0004 100.0 518.67 642.87 1597.95 1410.75 14.62 21.61 553.64 2388.13 9050.75 1.30 47.69 521.23 2388.19 8129.38 8.4842 0.03 393 2388 100.00 38.81 23.1988  
8 97 0.0011 -0.0003 100.0 518.67 643.24 1589.77 1414.96 14.62 21.61 552.79 2388.17 9048.65 1.30 47.89 521.04 2388.20 8128.03 8.4235 0.03 392 2388 100.00 38.85 23.2346  
8 98 -0.0048 0.0003 100.0 518.67 642.84 1591.64 1414.43 14.62 21.61 552.63 2388.17 9039.90 1.30 47.59 520.74 2388.17 8124.19 8.4813 0.03 393 2388 100.00 38.71 23.2744  
8 99 0.0043 -0.0001 100.0 518.67 642.14 1596.36 1416.42 14.62 21.61 552.48 2388.16 9040.52 1.30 47.82 520.74 2388.16 8124.10 8.4653 0.03 394 2388 100.00 38.73 23.1774  
8 100 0.0008 0.0004 100.0 518.67 642.33 1595.63 1418.78 14.62 21.61 552.73 2388.16 9051.11 1.30 47.72 520.59 2388.21 8126.00 8.4532 0.03 394 2388 100.00 38.75 23.1026  
8 101 -0.0012 0.0002 100.0 518.67 643.11 1591.38 1421.21 14.62 21.61 552.64 2388.16 9043.70 1.30 47.75 520.90 2388.16 8125.97 8.4646 0.03 395 2388 100.00 38.61 23.2687  
8 102 0.0005 0.0004 100.0 518.67 643.14 1582.62 1413.48 14.62 21.61 552.27 2388.19 9044.00 1.30 47.73 520.79 2388.19 8121.88 8.4561 0.03 394 2388 100.00 38.85 23.2557  
8 103 -0.0021 0.0000 100.0 518.67 642.76 1593.92 1411.03 14.62 21.61 553.11 2388.21 9044.49 1.30 47.78 521.19 2388.21 8124.00 8.4837 0.03 395 2388 100.00 38.76 23.2683  
8 104 0.0005 0.0004 100.0 518.67 642.77 1590.73 1418.79 14.62 21.61 552.61 2388.21 9038.88 1.30 47.78 520.55 2388.14 8120.49 8.4563 0.03 393 2388 100.00 38.87 23.1385  
8 105 -0.0024 -0.0001 100.0 518.67 642.64 1592.44 1411.94 14.62 21.61 552.67 2388.22 9047.64 1.30 47.88 521.02 2388.14 8121.40 8.4851 0.03 393 2388 100.00 38.70 23.1946  
8 106 -0.0022 0.0004 100.0 518.67 642.74 1587.49 1412.29 14.62 21.61 551.51 2388.15 9046.60 1.30 47.95 520.45 2388.23 8120.94 8.4651 0.03 394 2388 100.00 38.67 23.2594  
8 107 0.0028 -0.0000 100.0 518.67 642.93 1598.31 1420.11 14.62 21.61 552.75 2388.18 9051.93 1.30 47.62 520.88 2388.20 8123.43 8.4555 0.03 395 2388 100.00 38.80 23.2435  
8 108 -0.0022 0.0003 100.0 518.67 642.82 1590.36 1422.19 14.62 21.61 552.51 2388.20 9037.13 1.30 47.79 520.90 2388.16 8129.40 8.4884 0.03 394 2388 100.00 38.74 23.3260  
8 109 -0.0057 0.0001 100.0 518.67 642.90 1596.70 1412.10 14.62 21.61 553.13 2388.26 9047.05 1.30 47.71 520.22 2388.22 8120.30 8.4915 0.03 394 2388 100.00 38.85 23.2791  
8 110 -0.0005 0.0002 100.0 518.67 643.46 1591.04 1413.93 14.62 21.61 552.65 2388.19 9042.67 1.30 47.76 520.72 2388.15 8122.89 8.4961 0.03 393 2388 100.00 38.54 23.1857  
8 111 -0.0009 -0.0002 100.0 518.67 643.11 1592.76 1416.05 14.62 21.61 552.42 2388.19 9050.10 1.30 47.75 520.70 2388.20 8122.02 8.4449 0.03 394 2388 100.00 38.53 23.1757  
8 112 -0.0010 0.0002 100.0 518.67 642.90 1603.10 1415.73 14.62 21.61 552.87 2388.20 9045.38 1.30 47.57 520.56 2388.16 8120.36 8.4972 0.03 395 2388 100.00 38.64 23.1456  
8 113 0.0021 -0.0005 100.0 518.67 643.23 1598.37 1410.46 14.62 21.61 552.10 2388.15 9043.52 1.30 47.87 520.39 2388.21 8118.50 8.4561 0.03 394 2388 100.00 38.76 23.0927  
8 114 0.0010 0.0005 100.0 518.67 642.96 1594.91 1415.05 14.62 21.61 552.75 2388.21 9040.53 1.30 47.76 520.30 2388.16 8124.38 8.4579 0.03 393 2388 100.00 38.58 23.2980  
8 115 -0.0020 0.0002 100.0 518.67 642.73 1598.50 1415.49 14.62 21.61 552.46 2388.16 9048.02 1.30 47.80 521.21 2388.19 8119.99 8.4614 0.03 395 2388 100.00 38.66 23.2599  
8 116 0.0015 -0.0001 100.0 518.67 643.29 1593.72 1419.78 14.62 21.61 552.68 2388.17 9043.47 1.30 47.82 520.71 2388.17 8124.69 8.4766 0.03 395 2388 100.00 38.69 23.1350  
8 117 -0.0049 0.0001 100.0 518.67 643.14 1587.02 1419.89 14.62 21.61 553.04 2388.21 9044.95 1.30 47.90 520.50 2388.18 8121.64 8.4805 0.03 392 2388 100.00 38.45 23.1152  
8 118 0.0011 -0.0000 100.0 518.67 642.94 1585.36 1411.35 14.62 21.61 552.14 2388.24 9047.82 1.30 47.86 520.68 2388.20 8124.81 8.4706 0.03 394 2388 100.00 38.53 23.2868  
8 119 0.0002 -0.0003 100.0 518.67 643.38 1594.55 1416.89 14.62 21.61 552.61 2388.25 9046.84 1.30 47.85 520.71 2388.21 8127.09 8.4645 0.03 395 2388 100.00 38.68 23.2805  
8 120 0.0003 -0.0002 100.0 518.67 643.44 1600.04 1417.09 14.62 21.61 552.39 2388.18 9041.32 1.30 47.88 520.37 2388.21 8121.65 8.4552 0.03 395 2388 100.00 38.70 23.1677  
8 121 -0.0015 0.0002 100.0 518.67 642.98 1594.55 1417.41 14.62 21.61 551.98 2388.18 9045.17 1.30 47.95 520.03 2388.23 8123.03 8.4754 0.03 394 2388 100.00 38.56 23.2132  
8 122 -0.0027 -0.0003 100.0 518.67 643.37 1593.25 1422.75 14.62 21.61 551.66 2388.23 9045.52 1.30 48.04 520.64 2388.19 8123.30 8.4990 0.03 394 2388 100.00 38.77 23.0424  
8 123 -0.0007 -0.0001 100.0 518.67 643.81 1597.23 1419.95 14.62 21.61 552.67 2388.21 9041.78 1.30 47.90 520.15 2388.22 8120.99 8.5019 0.03 394 2388 100.00 38.74 23.1333  
8 124 -0.0010 -0.0003 100.0 518.67 643.09 1595.92 1419.70 14.62 21.61 552.14 2388.26 9047.47 1.30 48.00 520.30 2388.22 8120.20 8.4902 0.03 396 2388 100.00 38.39 23.1939  
8 125 0.0010 0.0001 100.0 518.67 643.84 1593.45 1424.00 14.62 21.61 552.24 2388.20 9053.79 1.30 47.99 520.68 2388.16 8122.48 8.4807 0.03 396 2388 100.00 38.58 23.1815  
8 126 0.0001 0.0005 100.0 518.67 643.15 1599.98 1420.01 14.62 21.61 552.09 2388.26 9045.89 1.30 47.90 520.26 2388.19 8123.39 8.5094 0.03 395 2388 100.00 38.51 23.1537  
8 127 -0.0014 0.0002 100.0 518.67 643.53 1595.04 1416.81 14.62 21.61 551.79 2388.19 9040.86 1.30 48.00 520.69 2388.20 8115.79 8.4798 0.03 395 2388 100.00 38.63 23.2215  
8 128 0.0004 0.0004 100.0 518.67 643.34 1598.47 1427.67 14.62 21.61 552.07 2388.22 9049.58 1.30 47.82 520.42 2388.23 8115.23 8.5034 0.03 394 2388 100.00 38.66 23.1302  
8 129 0.0024 0.0003 100.0 518.67 642.87 1593.87 1418.54 14.62 21.61 551.82 2388.27 9041.67 1.30 47.92 520.58 2388.24 8123.20 8.5285 0.03 396 2388 100.00 38.49 23.1441  
8 130 0.0030 0.0005 100.0 518.67 642.95 1600.15 1414.35 14.62 21.61 551.52 2388.22 9039.73 1.30 47.90 520.36 2388.27 8124.26 8.5072 0.03 394 2388 100.00 38.62 23.0666  
8 131 0.0048 0.0002 100.0 518.67 643.48 1593.32 1425.47 14.62 21.61 552.09 2388.25 9051.84 1.30 48.09 520.13 2388.24 8124.23 8.5098 0.03 395 2388 100.00 38.58 23.0893  
8 132 -0.0008 -0.0004 100.0 518.67 643.55 1596.48 1419.07 14.62 21.61 551.32 2388.23 9048.83 1.30 47.84 520.05 2388.24 8129.22 8.4999 0.03 392 2388 100.00 38.79 23.1495  
8 133 0.0020 0.0003 100.0 518.67 643.80 1597.34 1416.24 14.62 21.61 551.83 2388.21 9051.30 1.30 48.08 520.16 2388.28 8120.53 8.5008 0.03 395 2388 100.00 38.42 23.1760  
8 134 0.0020 0.0003 100.0 518.67 644.02 1597.20 1425.30 14.62 21.61 552.06 2388.27 9049.37 1.30 48.00 520.47 2388.26 8118.91 8.4511 0.03 395 2388 100.00 38.54 23.0978  
8 135 -0.0018 0.0003 100.0 518.67 643.22 1596.04 1422.09 14.62 21.61 551.91 2388.28 9046.18 1.30 47.89 519.78 2388.18 8121.99 8.4724 0.03 395 2388 100.00 38.55 23.1053  
8 136 0.0011 0.0003 100.0 518.67 643.55 1601.77 1418.93 14.62 21.61 551.63 2388.24 9044.98 1.30 47.98 519.88 2388.22 8120.39 8.5125 0.03 396 2388 100.00 38.68 23.0878  
8 137 0.0003 0.0000 100.0 518.67 643.38 1598.04 1424.60 14.62 21.61 551.17 2388.25 9045.06 1.30 48.14 520.01 2388.28 8121.14 8.5639 0.03 396 2388 100.00 38.47 23.1214  
8 138 0.0031 0.0000 100.0 518.67 643.68 1597.92 1429.13 14.62 21.61 551.70 2388.20 9052.44 1.30 47.98 519.97 2388.18 8121.42 8.5054 0.03 396 2388 100.00 38.43 23.1086  
8 139 -0.0014 -0.0004 100.0 518.67 642.78 1597.03 1424.37 14.62 21.61 551.96 2388.23 9046.81 1.30 48.13 520.39 2388.27 8125.33 8.5068 0.03 397 2388 100.00 38.40 23.1321  
8 140 0.0003 -0.0002 100.0 518.67 643.53 1593.54 1419.01 14.62 21.61 551.50 2388.23 9051.35 1.30 48.07 520.25 2388.26 8116.97 8.4966 0.03 395 2388 100.00 38.61 23.0681  
8 141 -0.0008 0.0003 100.0 518.67 643.46 1595.97 1422.62 14.62 21.61 551.19 2388.21 9046.67 1.30 48.01 519.45 2388.18 8123.38 8.5023 0.03 395 2388 100.00 38.58 23.0706  
8 142 -0.0001 -0.0004 100.0 518.67 643.23 1601.14 1427.03 14.62 21.61 551.86 2388.29 9042.15 1.30 48.17 519.92 2388.29 8119.23 8.5348 0.03 395 2388 100.00 38.48 23.0716  
8 143 0.0014 -0.0005 100.0 518.67 643.44 1610.35 1426.08 14.62 21.61 551.38 2388.24 9046.03 1.30 48.13 519.85 2388.26 8122.02 8.5220 0.03 395 2388 100.00 38.29 23.0465  
8 144 0.0037 0.0002 100.0 518.67 643.95 1603.96 1422.82 14.62 21.61 551.29 2388.30 9050.46 1.30 48.02 519.92 2388.29 8122.11 8.5229 0.03 394 2388 100.00 38.47 23.1225  
8 145 0.0005 0.0003 100.0 518.67 643.60 1599.71 1427.14 14.62 21.61 551.32 2388.32 9045.26 1.30 47.98 519.47 2388.30 8120.39 8.4846 0.03 395 2388 100.00 38.46 23.1502  
8 146 0.0001 -0.0004 100.0 518.67 643.49 1605.73 1421.14 14.62 21.61 551.40 2388.31 9053.78 1.30 48.23 520.01 2388.23 8120.84 8.5184 0.03 396 2388 100.00 38.51 22.9830  
8 147 0.0018 -0.0004 100.0 518.67 643.32 1601.40 1429.50 14.62 21.61 551.10 2388.27 9040.98 1.30 48.37 519.62 2388.27 8117.88 8.4701 0.03 396 2388 100.00 38.42 23.1565  
8 148 -0.0003 -0.0000 100.0 518.67 643.43 1605.59 1421.30 14.62 21.61 551.73 2388.31 9038.57 1.30 48.13 519.87 2388.29 8126.20 8.4914 0.03 395 2388 100.00 38.59 23.0631  
8 149 0.0011 0.0001 100.0 518.67 643.87 1605.12 1428.29 14.62 21.61 550.49 2388.29 9047.30 1.30 48.09 519.31 2388.28 8121.93 8.5180 0.03 396 2388 100.00 38.30 23.0808  
8 150 0.0026 -0.0003 100.0 518.67 643.87 1602.84 1432.31 14.62 21.61 551.08 2388.27 9046.16 1.30 48.24 519.57 2388.26 8121.27 8.5509 0.03 394 2388 100.00 38.24 23.0510  
9 1 0.0005 0.0004 100.0 518.67 642.18 1582.99 1396.22 14.62 21.61 554.35 2387.96 9065.59 1.30 47.09 522.34 2387.95 8149.16 8.4020 0.03 391 2388 100.00 39.04 23.5349  
9 2 0.0001 0.0001 100.0 518.67 641.91 1580.17 1394.70 14.62 21.61 554.85 2387.94 9063.39 1.30 47.12 523.03 2387.98 8148.23 8.4331 0.03 392 2388 100.00 38.97 23.4335  
9 3 -0.0009 -0.0003 100.0 518.67 642.50 1587.57 1396.79 14.62 21.61 554.75 2388.03 9057.58 1.30 47.12 522.63 2388.05 8140.94 8.4028 0.03 391 2388 100.00 39.09 23.4296  
9 4 -0.0022 0.0001 100.0 518.67 642.04 1584.66 1406.40 14.62 21.61 555.19 2388.00 9061.97 1.30 47.04 522.85 2388.01 8145.41 8.3741 0.03 392 2388 100.00 38.96 23.5159  
9 5 -0.0018 -0.0003 100.0 518.67 642.06 1580.00 1400.12 14.62 21.61 554.84 2387.95 9062.05 1.30 47.15 522.51 2387.98 8145.92 8.3664 0.03 390 2388 100.00 39.08 23.4500  
9 6 0.0009 -0.0005 100.0 518.67 641.84 1589.51 1401.32 14.62 21.61 554.42 2388.01 9062.76 1.30 47.07 522.54 2388.04 8147.93 8.3554 0.03 393 2388 100.00 38.79 23.4186  
9 7 -0.0021 -0.0004 100.0 518.67 641.66 1584.33 1400.27 14.62 21.61 553.55 2388.04 9063.10 1.30 47.28 522.57 2388.01 8148.53 8.3917 0.03 392 2388 100.00 39.07 23.4575  
9 8 0.0018 0.0000 100.0 518.67 641.46 1581.90 1392.49 14.62 21.61 555.66 2388.02 9064.64 1.30 47.37 522.21 2387.94 8145.97 8.4011 0.03 390 2388 100.00 39.27 23.4105  
9 9 0.0003 -0.0004 100.0 518.67 641.99 1580.58 1394.58 14.62 21.60 554.88 2388.04 9070.86 1.30 47.20 522.35 2388.04 8148.65 8.3858 0.03 391 2388 100.00 39.03 23.5122  
9 10 0.0009 -0.0002 100.0 518.67 641.77 1580.84 1391.62 14.62 21.61 554.37 2388.02 9068.09 1.30 47.21 522.48 2388.03 8142.56 8.4069 0.03 391 2388 100.00 38.90 23.4672  
9 11 -0.0012 -0.0004 100.0 518.67 642.33 1581.80 1400.58 14.62 21.61 553.61 2388.00 9067.61 1.30 47.16 522.75 2387.99 8144.65 8.3929 0.03 391 2388 100.00 39.08 23.4228  
9 12 -0.0001 -0.0001 100.0 518.67 641.63 1584.20 1402.16 14.62 21.61 554.36 2387.98 9066.29 1.30 47.00 522.56 2388.04 8150.53 8.4091 0.03 392 2388 100.00 38.99 23.4246  
9 13 0.0030 -0.0003 100.0 518.67 641.97 1589.32 1399.58 14.62 21.61 553.84 2387.99 9062.77 1.30 47.11 522.67 2388.01 8150.97 8.3998 0.03 392 2388 100.00 38.87 23.5160  
9 14 -0.0022 0.0003 100.0 518.67 642.44 1584.43 1398.28 14.62 21.61 554.68 2387.98 9064.45 1.30 47.26 522.40 2387.97 8141.72 8.4069 0.03 392 2388 100.00 39.01 23.4450  
9 15 -0.0048 -0.0001 100.0 518.67 641.89 1587.29 1394.71 14.62 21.61 555.01 2388.01 9069.84 1.30 47.11 522.55 2387.94 8145.79 8.3760 0.03 392 2388 100.00 39.12 23.4519  
9 16 0.0001 0.0005 100.0 518.67 642.18 1587.42 1400.74 14.62 21.61 554.30 2388.04 9066.31 1.30 47.16 523.12 2387.97 8145.13 8.3869 0.03 390 2388 100.00 38.95 23.3930  
9 17 -0.0043 0.0000 100.0 518.67 641.63 1587.14 1395.40 14.62 21.61 554.68 2387.96 9062.97 1.30 47.15 522.69 2387.97 8143.80 8.3998 0.03 392 2388 100.00 39.06 23.3596  
9 18 -0.0013 -0.0001 100.0 518.67 641.70 1592.20 1396.41 14.62 21.61 553.78 2388.03 9063.77 1.30 47.06 522.48 2388.00 8144.65 8.4065 0.03 391 2388 100.00 39.04 23.3688  
9 19 0.0012 -0.0001 100.0 518.67 641.73 1579.41 1398.70 14.62 21.61 554.76 2388.02 9065.94 1.30 47.20 522.09 2387.96 8146.81 8.4425 0.03 391 2388 100.00 38.95 23.3515  
9 20 -0.0023 0.0003 100.0 518.67 642.11 1577.05 1389.20 14.62 21.61 555.07 2387.98 9063.07 1.30 47.31 522.41 2387.96 8145.70 8.4309 0.03 392 2388 100.00 39.09 23.3684  
9 21 -0.0016 -0.0004 100.0 518.67 642.03 1579.94 1394.42 14.62 21.61 554.75 2388.08 9065.62 1.30 47.29 522.86 2387.95 8150.07 8.3922 0.03 392 2388 100.00 39.06 23.4057  
9 22 -0.0001 -0.0005 100.0 518.67 642.25 1579.87 1399.51 14.62 21.61 554.39 2387.95 9067.21 1.30 47.12 522.11 2388.00 8146.36 8.4040 0.03 391 2388 100.00 38.97 23.4904  
9 23 0.0015 0.0004 100.0 518.67 641.41 1585.55 1402.96 14.62 21.61 554.57 2388.00 9064.76 1.30 47.24 522.27 2387.98 8147.03 8.3777 0.03 390 2388 100.00 38.89 23.3659  
9 24 0.0035 0.0003 100.0 518.67 642.04 1585.23 1394.39 14.62 21.61 553.95 2388.00 9051.59 1.30 47.17 522.36 2388.03 8143.34 8.3681 0.03 389 2388 100.00 39.03 23.3478  
9 25 0.0003 0.0001 100.0 518.67 642.20 1585.38 1397.22 14.62 21.61 554.44 2387.96 9067.31 1.30 47.14 522.29 2388.00 8145.80 8.3869 0.03 390 2388 100.00 39.03 23.4795  
9 26 0.0021 0.0002 100.0 518.67 642.72 1584.85 1396.74 14.62 21.61 555.45 2388.00 9068.74 1.30 47.15 522.82 2388.07 8150.14 8.3875 0.03 392 2388 100.00 38.94 23.4496  
9 27 0.0022 0.0004 100.0 518.67 642.55 1593.03 1395.38 14.62 21.61 554.34 2387.97 9073.71 1.30 47.08 522.77 2387.95 8144.51 8.3595 0.03 392 2388 100.00 39.03 23.4669  
9 28 0.0010 -0.0001 100.0 518.67 641.88 1582.39 1396.46 14.62 21.61 555.12 2387.95 9064.43 1.30 47.35 522.24 2388.02 8152.92 8.3847 0.03 390 2388 100.00 39.19 23.4940  
9 29 -0.0009 -0.0005 100.0 518.67 642.17 1578.06 1398.25 14.62 21.61 554.20 2387.99 9067.72 1.30 47.06 522.32 2387.98 8143.39 8.3925 0.03 392 2388 100.00 39.02 23.4314  
9 30 0.0022 0.0004 100.0 518.67 641.96 1584.82 1396.40 14.62 21.61 554.62 2387.97 9069.30 1.30 47.17 522.49 2388.01 8150.50 8.4135 0.03 391 2388 100.00 39.08 23.4083  
9 31 -0.0001 0.0001 100.0 518.67 642.33 1589.31 1393.67 14.62 21.61 554.49 2387.99 9067.82 1.30 47.08 522.58 2388.01 8143.69 8.4265 0.03 391 2388 100.00 39.13 23.4235  
9 32 -0.0018 0.0000 100.0 518.67 641.89 1588.40 1390.48 14.62 21.61 554.32 2388.05 9064.15 1.30 47.44 522.74 2387.98 8145.99 8.3919 0.03 391 2388 100.00 38.96 23.4849  
9 33 0.0019 0.0004 100.0 518.67 642.02 1585.92 1395.64 14.62 21.60 554.07 2387.98 9067.78 1.30 47.19 522.74 2387.97 8145.74 8.3858 0.03 392 2388 100.00 38.84 23.3714  
9 34 -0.0024 0.0004 100.0 518.67 642.09 1588.32 1405.48 14.62 21.61 553.88 2387.98 9053.45 1.30 47.10 522.59 2387.98 8148.60 8.4059 0.03 391 2388 100.00 39.03 23.4291  
9 35 0.0016 -0.0001 100.0 518.67 642.02 1589.52 1400.73 14.62 21.61 554.69 2387.98 9066.53 1.30 47.02 522.59 2388.00 8148.51 8.4298 0.03 391 2388 100.00 39.09 23.4587  
9 36 -0.0022 -0.0000 100.0 518.67 641.85 1582.88 1396.31 14.62 21.61 553.95 2387.98 9068.19 1.30 47.12 522.53 2387.96 8149.00 8.4095 0.03 390 2388 100.00 38.94 23.4388  
9 37 -0.0009 -0.0003 100.0 518.67 642.35 1579.77 1397.08 14.62 21.61 553.84 2388.00 9069.05 1.30 47.26 522.19 2388.01 8147.94 8.3920 0.03 391 2388 100.00 38.88 23.3842  
9 38 -0.0012 0.0002 100.0 518.67 641.74 1590.18 1393.55 14.62 21.61 555.04 2387.96 9061.91 1.30 47.03 521.87 2387.97 8150.74 8.3881 0.03 392 2388 100.00 38.84 23.4311  
9 39 0.0009 0.0003 100.0 518.67 642.51 1588.38 1400.47 14.62 21.61 554.35 2387.99 9061.31 1.30 47.20 522.19 2387.96 8155.12 8.3689 0.03 391 2388 100.00 39.09 23.4250  
9 40 -0.0049 0.0004 100.0 518.67 642.38 1592.26 1393.79 14.62 21.61 554.12 2388.00 9065.30 1.30 47.05 522.10 2387.94 8143.52 8.3714 0.03 391 2388 100.00 39.07 23.4292  
9 41 0.0009 -0.0002 100.0 518.67 642.23 1582.98 1392.08 14.62 21.61 554.44 2388.00 9060.49 1.30 47.13 522.40 2388.01 8149.01 8.4108 0.03 392 2388 100.00 39.10 23.3787  
9 42 0.0029 0.0003 100.0 518.67 642.19 1582.46 1397.76 14.62 21.61 554.15 2388.03 9065.46 1.30 47.45 521.99 2387.98 8149.60 8.4152 0.03 392 2388 100.00 39.14 23.3315  
9 43 -0.0013 -0.0000 100.0 518.67 642.21 1583.62 1395.74 14.62 21.60 554.44 2388.00 9062.97 1.30 47.16 522.39 2388.01 8147.63 8.4003 0.03 392 2388 100.00 39.04 23.4445  
9 44 0.0008 -0.0005 100.0 518.67 642.03 1576.57 1397.21 14.62 21.61 554.00 2387.97 9065.45 1.30 47.19 522.58 2387.96 8148.19 8.4301 0.03 391 2388 100.00 38.92 23.4561  
9 45 -0.0017 0.0002 100.0 518.67 641.91 1578.31 1395.20 14.62 21.61 554.05 2388.01 9064.45 1.30 47.09 522.02 2387.93 8147.52 8.3795 0.03 392 2388 100.00 38.99 23.4097  
9 46 0.0003 0.0002 100.0 518.67 642.02 1576.37 1403.72 14.62 21.61 554.78 2387.96 9062.07 1.30 47.24 523.04 2388.03 8143.48 8.4083 0.03 392 2388 100.00 38.85 23.4921  
9 47 -0.0010 0.0001 100.0 518.67 642.14 1583.60 1401.14 14.62 21.61 554.72 2387.97 9064.76 1.30 47.17 522.58 2388.02 8148.00 8.3744 0.03 390 2388 100.00 38.99 23.4631  
9 48 0.0009 0.0001 100.0 518.67 642.36 1586.08 1394.15 14.62 21.61 554.90 2388.01 9070.40 1.30 46.88 523.07 2388.00 8147.30 8.3843 0.03 391 2388 100.00 38.92 23.4633  
9 49 0.0016 0.0004 100.0 518.67 642.42 1580.82 1393.84 14.62 21.61 554.33 2388.05 9058.33 1.30 47.23 522.77 2388.00 8145.27 8.3966 0.03 393 2388 100.00 38.98 23.4048  
9 50 0.0029 0.0000 100.0 518.67 641.95 1585.84 1396.96 14.62 21.61 554.37 2388.02 9066.64 1.30 47.31 523.02 2388.01 8148.66 8.4210 0.03 393 2388 100.00 38.99 23.2776  
9 51 -0.0010 0.0005 100.0 518.67 641.85 1590.61 1394.64 14.62 21.61 554.39 2388.00 9068.63 1.30 47.22 521.79 2387.95 8152.32 8.4122 0.03 391 2388 100.00 39.12 23.3401  
9 52 -0.0016 -0.0005 100.0 518.67 641.79 1586.48 1390.75 14.62 21.60 554.92 2388.02 9072.79 1.30 47.26 522.06 2388.01 8147.73 8.3951 0.03 391 2388 100.00 39.09 23.4270  
9 53 -0.0004 -0.0002 100.0 518.67 641.90 1588.27 1394.15 14.62 21.61 554.88 2387.97 9068.24 1.30 47.09 522.00 2387.99 8141.72 8.3714 0.03 392 2388 100.00 38.99 23.4471  
9 54 -0.0022 0.0004 100.0 518.67 642.36 1582.51 1389.74 14.62 21.61 554.28 2388.01 9072.89 1.30 47.23 522.81 2387.98 8151.56 8.3968 0.03 391 2388 100.00 39.09 23.4496  
9 55 0.0024 0.0002 100.0 518.67 642.27 1583.80 1400.69 14.62 21.61 554.74 2387.99 9063.78 1.30 47.15 522.81 2388.02 8145.53 8.4109 0.03 391 2388 100.00 39.02 23.3817  
9 56 -0.0011 -0.0002 100.0 518.67 642.01 1582.00 1397.74 14.62 21.61 554.13 2388.03 9062.30 1.30 47.18 522.78 2388.00 8146.01 8.4563 0.03 393 2388 100.00 38.92 23.4822  
9 57 -0.0016 0.0001 100.0 518.67 642.44 1577.63 1398.72 14.62 21.61 554.86 2388.06 9068.03 1.30 47.12 522.45 2387.99 8146.66 8.3993 0.03 392 2388 100.00 39.05 23.3403  
9 58 -0.0028 -0.0005 100.0 518.67 642.62 1585.20 1402.60 14.62 21.61 554.52 2388.05 9060.94 1.30 47.27 522.41 2388.01 8149.06 8.4227 0.03 392 2388 100.00 38.92 23.4016  
9 59 -0.0030 0.0004 100.0 518.67 642.14 1589.48 1401.50 14.62 21.61 554.46 2388.02 9068.72 1.30 47.06 522.63 2388.04 8151.81 8.4091 0.03 391 2388 100.00 39.11 23.4678  
9 60 -0.0024 0.0001 100.0 518.67 642.54 1584.68 1398.98 14.62 21.61 553.98 2388.01 9068.77 1.30 47.33 522.21 2388.00 8147.12 8.4107 0.03 391 2388 100.00 38.93 23.4029  
9 61 -0.0010 -0.0004 100.0 518.67 642.27 1582.62 1389.95 14.62 21.61 555.00 2388.03 9060.32 1.30 47.18 522.54 2388.01 8152.77 8.4093 0.03 392 2388 100.00 39.01 23.3036  
9 62 0.0044 -0.0005 100.0 518.67 642.30 1586.22 1396.13 14.62 21.61 554.45 2388.02 9068.29 1.30 47.34 521.74 2388.04 8150.20 8.3948 0.03 392 2388 100.00 39.05 23.4236  
9 63 0.0005 -0.0002 100.0 518.67 642.62 1582.67 1393.77 14.62 21.61 554.42 2388.03 9068.46 1.30 47.19 522.27 2387.89 8150.42 8.4121 0.03 391 2388 100.00 38.95 23.3899  
9 64 -0.0010 -0.0003 100.0 518.67 641.99 1584.05 1398.39 14.62 21.61 554.98 2387.95 9069.14 1.30 47.18 521.97 2388.02 8147.58 8.3769 0.03 391 2388 100.00 38.96 23.3703  
9 65 0.0016 0.0003 100.0 518.67 642.64 1582.06 1400.38 14.62 21.61 554.36 2387.98 9070.65 1.30 47.31 522.63 2387.95 8147.06 8.4003 0.03 391 2388 100.00 39.06 23.3906  
9 66 0.0003 -0.0001 100.0 518.67 642.20 1585.41 1394.61 14.62 21.61 554.37 2388.02 9068.65 1.30 47.08 522.31 2388.00 8148.44 8.4314 0.03 392 2388 100.00 39.05 23.3870  
9 67 0.0017 0.0002 100.0 518.67 641.90 1586.88 1403.17 14.62 21.61 554.07 2388.04 9068.95 1.30 47.20 522.56 2387.95 8151.98 8.4011 0.03 393 2388 100.00 39.05 23.4275  
9 68 0.0007 0.0003 100.0 518.67 642.07 1584.94 1399.61 14.62 21.61 554.41 2387.99 9065.31 1.30 47.19 521.70 2387.97 8146.70 8.3892 0.03 391 2388 100.00 38.93 23.4194  
9 69 -0.0003 0.0003 100.0 518.67 642.04 1584.82 1392.73 14.62 21.61 554.73 2388.02 9066.51 1.30 47.36 521.99 2387.99 8147.94 8.4043 0.03 392 2388 100.00 38.96 23.3616  
9 70 0.0009 -0.0005 100.0 518.67 641.94 1585.09 1398.80 14.62 21.61 553.79 2388.07 9070.96 1.30 47.34 522.29 2387.98 8148.64 8.3855 0.03 391 2388 100.00 39.17 23.4468  
9 71 -0.0014 0.0003 100.0 518.67 641.82 1590.96 1407.83 14.62 21.61 554.27 2388.03 9065.51 1.30 47.39 522.06 2388.01 8147.37 8.3736 0.03 391 2388 100.00 38.94 23.3084  
9 72 0.0022 -0.0000 100.0 518.67 641.85 1577.38 1406.79 14.62 21.60 554.34 2387.98 9071.52 1.30 47.17 522.22 2387.98 8155.36 8.4274 0.03 392 2388 100.00 38.90 23.4287  
9 73 0.0000 -0.0000 100.0 518.67 641.80 1582.66 1399.71 14.62 21.61 554.45 2388.02 9071.69 1.30 47.27 521.68 2387.98 8151.29 8.3972 0.03 392 2388 100.00 38.96 23.3687  
9 74 -0.0035 0.0003 100.0 518.67 642.33 1583.15 1400.10 14.62 21.60 554.15 2388.00 9067.25 1.30 47.14 522.13 2387.98 8151.86 8.3887 0.03 392 2388 100.00 38.86 23.5318  
9 75 0.0000 0.0001 100.0 518.67 642.81 1587.78 1406.51 14.62 21.60 554.04 2388.03 9065.02 1.30 47.26 522.57 2387.94 8149.09 8.3924 0.03 391 2388 100.00 39.01 23.3706  
9 76 -0.0018 -0.0003 100.0 518.67 642.01 1574.30 1400.42 14.62 21.61 554.23 2388.03 9068.44 1.30 47.24 522.24 2388.04 8152.80 8.4030 0.03 391 2388 100.00 38.77 23.3159  
9 77 0.0008 -0.0005 100.0 518.67 642.03 1585.42 1404.25 14.62 21.61 554.24 2387.96 9073.93 1.30 47.20 522.74 2388.03 8153.67 8.4063 0.03 392 2388 100.00 39.03 23.3879  
9 78 -0.0005 -0.0001 100.0 518.67 641.81 1586.47 1406.30 14.62 21.61 554.52 2387.99 9068.45 1.30 47.18 522.23 2388.08 8151.19 8.3749 0.03 391 2388 100.00 39.09 23.4532  
9 79 -0.0027 -0.0005 100.0 518.67 642.22 1587.87 1392.83 14.62 21.61 554.18 2388.01 9066.73 1.30 47.25 522.58 2387.95 8152.76 8.4097 0.03 390 2388 100.00 39.00 23.4879  
9 80 -0.0046 -0.0002 100.0 518.67 641.88 1584.25 1400.68 14.62 21.61 554.89 2387.96 9073.04 1.30 47.33 522.78 2388.01 8156.11 8.4186 0.03 392 2388 100.00 38.99 23.4188  
9 81 0.0001 0.0004 100.0 518.67 642.16 1586.42 1399.24 14.62 21.61 554.03 2388.02 9072.77 1.30 47.23 522.25 2388.00 8145.57 8.4188 0.03 392 2388 100.00 38.84 23.4484  
9 82 0.0010 0.0003 100.0 518.67 642.17 1585.45 1402.04 14.62 21.61 554.26 2387.96 9069.07 1.30 47.26 522.01 2388.00 8155.38 8.4205 0.03 392 2388 100.00 39.13 23.3747  
9 83 -0.0021 0.0003 100.0 518.67 641.76 1585.40 1397.50 14.62 21.61 554.15 2387.98 9069.92 1.30 47.17 521.97 2388.00 8150.50 8.4005 0.03 392 2388 100.00 38.83 23.4324  
9 84 -0.0008 -0.0002 100.0 518.67 642.10 1583.96 1398.43 14.62 21.60 555.01 2388.01 9065.65 1.30 47.34 522.16 2387.99 8149.19 8.3936 0.03 394 2388 100.00 38.87 23.3995  
9 85 -0.0015 -0.0002 100.0 518.67 641.95 1586.76 1400.90 14.62 21.60 553.89 2388.03 9072.14 1.30 47.21 522.73 2387.98 8154.59 8.4401 0.03 393 2388 100.00 39.02 23.3644  
9 86 -0.0009 0.0003 100.0 518.67 641.67 1588.86 1403.43 14.62 21.60 553.78 2387.98 9066.20 1.30 47.31 522.22 2387.96 8151.48 8.4162 0.03 392 2388 100.00 39.16 23.4124  
9 87 0.0005 0.0004 100.0 518.67 642.34 1591.24 1392.08 14.62 21.61 553.78 2388.03 9067.77 1.30 47.24 522.91 2388.02 8150.58 8.3987 0.03 391 2388 100.00 38.99 23.3438  
9 88 -0.0001 -0.0003 100.0 518.67 641.71 1580.37 1398.54 14.62 21.61 553.98 2387.95 9078.18 1.30 47.36 522.20 2387.93 8152.78 8.3972 0.03 392 2388 100.00 38.97 23.4347  
9 89 -0.0007 0.0003 100.0 518.67 642.21 1592.17 1399.66 14.62 21.61 554.21 2387.99 9071.30 1.30 47.15 522.37 2387.99 8148.86 8.3678 0.03 392 2388 100.00 39.03 23.3618  
9 90 0.0024 0.0003 100.0 518.67 642.44 1584.42 1401.57 14.62 21.61 554.56 2388.04 9073.48 1.30 47.13 522.23 2388.03 8149.62 8.3955 0.03 392 2388 100.00 39.06 23.2989  
9 91 0.0008 -0.0003 100.0 518.67 642.05 1579.70 1405.67 14.62 21.61 554.48 2388.04 9074.45 1.30 47.26 522.54 2388.03 8153.95 8.3967 0.03 391 2388 100.00 38.91 23.3828  
9 92 -0.0007 0.0000 100.0 518.67 642.02 1585.64 1399.92 14.62 21.60 554.41 2387.96 9080.53 1.30 47.36 522.54 2388.03 8152.65 8.3487 0.03 392 2388 100.00 38.97 23.4963  
9 93 0.0005 0.0003 100.0 518.67 642.08 1591.47 1405.21 14.62 21.61 553.49 2388.03 9077.37 1.30 47.26 522.51 2387.98 8150.27 8.3908 0.03 390 2388 100.00 38.97 23.4075  
9 94 -0.0027 -0.0003 100.0 518.67 642.05 1593.45 1401.46 14.62 21.61 554.60 2387.99 9075.05 1.30 47.41 522.31 2387.98 8155.41 8.3753 0.03 392 2388 100.00 39.13 23.4523  
9 95 -0.0017 -0.0003 100.0 518.67 642.38 1585.12 1395.08 14.62 21.61 553.67 2388.02 9074.81 1.30 47.18 522.39 2388.03 8155.83 8.4258 0.03 392 2388 100.00 39.13 23.3849  
9 96 0.0010 -0.0001 100.0 518.67 642.41 1584.72 1397.68 14.62 21.61 554.18 2387.96 9068.23 1.30 47.35 521.87 2388.01 8152.14 8.4256 0.03 391 2388 100.00 39.03 23.4274  
9 97 -0.0021 0.0003 100.0 518.67 642.41 1586.47 1404.15 14.62 21.61 554.51 2387.99 9069.02 1.30 47.30 521.99 2388.03 8154.01 8.3870 0.03 391 2388 100.00 39.09 23.3229  
9 98 -0.0010 0.0005 100.0 518.67 642.75 1586.33 1400.38 14.62 21.61 553.98 2388.02 9069.20 1.30 47.28 522.05 2387.97 8155.49 8.4246 0.03 393 2388 100.00 38.99 23.4708  
9 99 -0.0041 0.0002 100.0 518.67 642.39 1583.53 1400.32 14.62 21.61 554.47 2388.04 9082.33 1.30 47.19 522.45 2388.01 8151.13 8.4133 0.03 391 2388 100.00 38.79 23.3398  
9 100 -0.0021 0.0003 100.0 518.67 642.24 1589.51 1394.51 14.62 21.61 553.90 2388.01 9079.17 1.30 47.12 522.18 2387.98 8158.78 8.4205 0.03 393 2388 100.00 38.99 23.4565  
9 101 0.0033 0.0005 100.0 518.67 642.47 1587.89 1401.94 14.62 21.61 554.71 2388.04 9077.43 1.30 47.33 521.98 2388.06 8151.73 8.4567 0.03 394 2388 100.00 38.99 23.3922  
9 102 0.0002 -0.0001 100.0 518.67 642.33 1586.42 1396.58 14.62 21.61 554.31 2387.98 9076.51 1.30 47.30 522.19 2387.96 8161.15 8.3901 0.03 391 2388 100.00 38.94 23.3951  
9 103 -0.0011 0.0004 100.0 518.67 641.93 1590.30 1403.32 14.62 21.61 554.04 2387.99 9068.58 1.30 47.20 521.86 2387.99 8158.97 8.4505 0.03 390 2388 100.00 39.06 23.3906  
9 104 -0.0008 -0.0003 100.0 518.67 642.35 1588.74 1403.04 14.62 21.61 554.32 2387.99 9076.04 1.30 47.35 522.20 2388.00 8158.55 8.3970 0.03 391 2388 100.00 38.90 23.3719  
9 105 0.0037 0.0001 100.0 518.67 641.81 1590.74 1399.40 14.62 21.61 554.71 2388.05 9077.35 1.30 47.20 522.21 2387.96 8155.38 8.4489 0.03 393 2388 100.00 39.01 23.4281  
9 106 0.0045 0.0003 100.0 518.67 642.68 1590.52 1401.00 14.62 21.61 554.37 2388.02 9078.93 1.30 47.33 522.04 2388.00 8160.08 8.3934 0.03 393 2388 100.00 38.99 23.5181  
9 107 -0.0014 0.0002 100.0 518.67 641.90 1582.40 1405.78 14.62 21.61 554.79 2387.98 9065.64 1.30 47.14 522.06 2387.98 8159.11 8.4203 0.03 391 2388 100.00 38.98 23.3048  
9 108 -0.0028 0.0002 100.0 518.67 642.46 1582.50 1396.02 14.62 21.60 554.53 2388.02 9082.82 1.30 47.18 522.43 2387.97 8152.65 8.4440 0.03 394 2388 100.00 38.83 23.5016  
9 109 0.0024 0.0004 100.0 518.67 642.18 1583.91 1406.15 14.62 21.61 554.20 2388.03 9074.04 1.30 47.51 522.14 2388.00 8152.11 8.4282 0.03 392 2388 100.00 38.88 23.4369  
9 110 -0.0002 -0.0002 100.0 518.67 642.03 1588.57 1394.19 14.62 21.61 553.57 2387.99 9082.40 1.30 47.19 522.40 2388.01 8156.46 8.3732 0.03 392 2388 100.00 38.88 23.3791  
9 111 -0.0005 0.0002 100.0 518.67 642.90 1584.82 1398.69 14.62 21.60 554.72 2388.00 9075.53 1.30 47.03 522.63 2388.03 8161.05 8.3941 0.03 391 2388 100.00 38.94 23.3019  
9 112 0.0029 0.0001 100.0 518.67 642.69 1588.48 1403.69 14.62 21.61 554.19 2388.06 9075.18 1.30 47.36 522.39 2387.98 8161.98 8.3856 0.03 393 2388 100.00 38.85 23.3845  
9 113 -0.0001 -0.0003 100.0 518.67 642.00 1578.00 1401.60 14.62 21.61 554.66 2388.04 9083.15 1.30 47.18 521.89 2387.96 8160.21 8.4436 0.03 391 2388 100.00 39.00 23.3882  
9 114 0.0050 -0.0003 100.0 518.67 642.03 1588.62 1399.35 14.62 21.61 554.06 2388.02 9077.51 1.30 47.28 522.36 2388.00 8160.97 8.4107 0.03 393 2388 100.00 38.86 23.3366  
9 115 -0.0024 0.0000 100.0 518.67 642.60 1584.83 1400.65 14.62 21.61 554.71 2388.01 9079.40 1.30 47.24 521.72 2387.99 8158.25 8.4247 0.03 391 2388 100.00 38.81 23.4275  
9 116 0.0025 0.0000 100.0 518.67 642.53 1584.24 1386.43 14.62 21.61 553.94 2388.00 9084.13 1.30 47.24 521.82 2388.03 8159.54 8.4003 0.03 394 2388 100.00 38.98 23.3225  
9 117 -0.0024 0.0002 100.0 518.67 641.76 1588.65 1402.37 14.62 21.61 554.35 2388.02 9076.57 1.30 47.49 521.90 2387.99 8163.99 8.3758 0.03 393 2388 100.00 39.07 23.3912  
9 118 0.0017 -0.0000 100.0 518.67 642.31 1588.73 1412.17 14.62 21.61 554.00 2387.97 9086.70 1.30 47.16 522.19 2388.00 8161.35 8.4304 0.03 393 2388 100.00 38.86 23.3916  
9 119 -0.0034 -0.0002 100.0 518.67 642.37 1586.73 1397.87 14.62 21.61 554.56 2388.02 9079.72 1.30 47.12 521.91 2388.00 8161.07 8.4293 0.03 393 2388 100.00 38.95 23.4278  
9 120 -0.0011 0.0001 100.0 518.67 642.01 1580.71 1394.99 14.62 21.60 554.40 2388.02 9087.44 1.30 47.18 521.88 2388.00 8160.93 8.4111 0.03 394 2388 100.00 38.89 23.4211  
9 121 -0.0012 0.0003 100.0 518.67 642.21 1587.72 1398.53 14.62 21.61 554.55 2387.99 9073.08 1.30 47.48 521.92 2388.03 8158.78 8.4736 0.03 393 2388 100.00 39.03 23.2865  
9 122 -0.0003 -0.0002 100.0 518.67 642.55 1596.55 1404.44 14.62 21.61 553.64 2388.04 9085.01 1.30 47.22 522.22 2387.99 8161.89 8.4564 0.03 395 2388 100.00 38.92 23.3283  
9 123 -0.0013 -0.0002 100.0 518.67 642.56 1597.71 1398.36 14.62 21.61 553.52 2387.98 9082.43 1.30 47.41 522.51 2387.98 8160.55 8.3994 0.03 394 2388 100.00 38.93 23.4026  
9 124 -0.0029 0.0003 100.0 518.67 642.42 1588.05 1396.84 14.62 21.61 553.83 2388.02 9086.53 1.30 47.52 521.79 2387.98 8161.35 8.4077 0.03 392 2388 100.00 38.86 23.3782  
9 125 -0.0037 -0.0005 100.0 518.67 642.74 1586.93 1402.64 14.62 21.60 554.35 2388.05 9081.28 1.30 47.31 522.01 2388.00 8165.90 8.4323 0.03 392 2388 100.00 38.77 23.4928  
9 126 -0.0015 0.0000 100.0 518.67 642.68 1583.34 1398.03 14.62 21.61 553.90 2387.98 9080.82 1.30 47.28 521.66 2387.96 8163.95 8.4223 0.03 392 2388 100.00 38.99 23.2663  
9 127 -0.0057 0.0004 100.0 518.67 642.36 1588.29 1403.56 14.62 21.61 554.10 2388.04 9084.48 1.30 47.25 522.30 2387.96 8160.31 8.4028 0.03 393 2388 100.00 39.09 23.3348  
9 128 -0.0057 0.0001 100.0 518.67 642.43 1589.84 1406.91 14.62 21.61 554.93 2388.03 9086.47 1.30 47.36 521.64 2388.05 8163.24 8.4079 0.03 392 2388 100.00 38.97 23.3642  
9 129 -0.0049 0.0000 100.0 518.67 642.77 1588.02 1399.03 14.62 21.61 553.80 2387.99 9082.14 1.30 47.40 522.08 2388.02 8169.03 8.4154 0.03 393 2388 100.00 38.85 23.4363  
9 130 -0.0014 0.0002 100.0 518.67 642.60 1589.58 1399.16 14.62 21.61 554.40 2387.98 9089.94 1.30 47.37 522.07 2387.98 8172.39 8.4080 0.03 393 2388 100.00 39.02 23.4145  
9 131 -0.0023 0.0003 100.0 518.67 642.25 1589.06 1395.46 14.62 21.61 553.95 2387.98 9086.07 1.30 47.43 522.04 2388.01 8171.99 8.3750 0.03 394 2388 100.00 38.84 23.3274  
9 132 0.0034 -0.0004 100.0 518.67 642.15 1593.99 1397.84 14.62 21.61 553.57 2388.04 9082.92 1.30 47.38 522.34 2388.04 8168.49 8.4160 0.03 392 2388 100.00 38.87 23.3060  
9 133 -0.0001 0.0004 100.0 518.67 642.73 1587.86 1406.84 14.62 21.61 554.48 2387.97 9088.30 1.30 47.28 521.80 2387.97 8162.61 8.4072 0.03 392 2388 100.00 39.06 23.2638  
9 134 0.0033 -0.0004 100.0 518.67 642.61 1593.65 1408.87 14.62 21.61 553.87 2388.01 9091.70 1.30 47.26 522.42 2388.02 8171.60 8.4193 0.03 391 2388 100.00 38.97 23.3152  
9 135 0.0006 -0.0000 100.0 518.67 642.26 1594.48 1397.92 14.62 21.61 553.79 2388.05 9093.50 1.30 47.49 522.14 2387.98 8172.74 8.3921 0.03 393 2388 100.00 38.95 23.3671  
9 136 -0.0003 0.0003 100.0 518.67 642.57 1588.21 1405.17 14.62 21.61 554.32 2388.03 9093.10 1.30 47.44 521.96 2388.06 8169.70 8.4226 0.03 392 2388 100.00 38.75 23.3723  
9 137 -0.0048 -0.0001 100.0 518.67 642.63 1594.85 1404.57 14.62 21.61 554.20 2388.02 9092.35 1.30 47.26 521.37 2387.97 8166.88 8.4244 0.03 392 2388 100.00 38.99 23.3045  
9 138 -0.0023 0.0005 100.0 518.67 642.60 1590.00 1401.97 14.62 21.61 554.07 2387.94 9096.42 1.30 47.29 521.83 2387.88 8171.26 8.4119 0.03 391 2388 100.00 38.85 23.4244  
9 139 -0.0045 -0.0003 100.0 518.67 642.67 1593.77 1405.55 14.62 21.61 554.29 2388.04 9100.05 1.30 47.16 522.16 2387.96 8174.39 8.4192 0.03 393 2388 100.00 38.80 23.3646  
9 140 0.0005 -0.0005 100.0 518.67 642.90 1595.50 1399.53 14.62 21.61 553.82 2388.02 9091.95 1.30 47.37 521.92 2388.03 8169.43 8.4102 0.03 393 2388 100.00 39.06 23.4891  
9 141 -0.0020 -0.0001 100.0 518.67 642.57 1589.27 1402.76 14.62 21.61 554.32 2387.98 9094.64 1.30 47.29 522.24 2387.96 8171.09 8.4445 0.03 394 2388 100.00 38.95 23.2601  
9 142 0.0010 -0.0002 100.0 518.67 642.15 1582.78 1403.63 14.62 21.61 554.09 2388.03 9102.75 1.30 47.31 521.54 2388.03 8174.26 8.4111 0.03 394 2388 100.00 38.87 23.2932  
9 143 -0.0009 -0.0002 100.0 518.67 642.16 1591.78 1405.24 14.62 21.61 554.33 2388.04 9099.46 1.30 47.43 522.49 2388.03 8175.63 8.4191 0.03 393 2388 100.00 38.86 23.4120  
9 144 0.0003 -0.0005 100.0 518.67 642.58 1593.66 1405.62 14.62 21.61 553.87 2387.99 9091.19 1.30 47.38 521.85 2388.02 8175.20 8.4566 0.03 391 2388 100.00 38.78 23.2728  
9 145 0.0024 -0.0004 100.0 518.67 642.16 1591.90 1399.45 14.62 21.61 554.12 2387.96 9091.96 1.30 47.35 521.85 2388.03 8175.43 8.4392 0.03 392 2388 100.00 38.86 23.2554  
9 146 0.0006 -0.0005 100.0 518.67 642.96 1582.97 1405.57 14.62 21.61 553.96 2387.99 9095.13 1.30 47.50 522.19 2387.98 8173.26 8.4380 0.03 392 2388 100.00 38.91 23.3391  
9 147 0.0020 0.0003 100.0 518.67 642.18 1588.50 1404.50 14.62 21.61 554.07 2387.96 9100.27 1.30 47.37 522.08 2387.99 8171.61 8.4109 0.03 394 2388 100.00 38.78 23.3047  
9 148 0.0029 -0.0003 100.0 518.67 641.94 1591.11 1400.75 14.62 21.61 553.62 2388.07 9099.55 1.30 47.47 521.90 2388.04 8177.85 8.3997 0.03 393 2388 100.00 38.77 23.3213  
9 149 -0.0019 0.0004 100.0 518.67 642.60 1589.07 1401.45 14.62 21.61 554.24 2387.99 9106.83 1.30 47.05 522.38 2388.03 8178.21 8.4184 0.03 392 2388 100.00 38.86 23.3484  
9 150 0.0008 0.0004 100.0 518.67 642.32 1594.79 1406.44 14.62 21.61 553.97 2388.04 9102.61 1.30 47.33 521.78 2387.99 8178.90 8.4054 0.03 392 2388 100.00 38.98 23.2999  
9 151 -0.0042 -0.0003 100.0 518.67 641.94 1583.76 1407.19 14.62 21.61 553.95 2388.03 9110.49 1.30 47.41 522.21 2387.94 8179.13 8.4205 0.03 393 2388 100.00 39.10 23.3506  
9 152 -0.0007 -0.0002 100.0 518.67 642.65 1586.94 1419.46 14.62 21.61 554.41 2388.00 9105.06 1.30 47.56 522.89 2388.00 8182.54 8.4164 0.03 394 2388 100.00 38.89 23.1720  
9 153 0.0016 0.0001 100.0 518.67 642.20 1589.11 1410.85 14.62 21.61 553.88 2388.01 9109.33 1.30 47.48 521.62 2388.02 8179.42 8.4180 0.03 394 2388 100.00 38.86 23.2934  
9 154 -0.0013 -0.0004 100.0 518.67 642.66 1593.14 1405.96 14.62 21.61 554.24 2388.02 9102.94 1.30 47.37 521.60 2388.03 8185.48 8.4437 0.03 395 2388 100.00 38.71 23.2834  
9 155 0.0008 0.0001 100.0 518.67 642.86 1588.68 1411.51 14.62 21.61 553.61 2388.04 9105.08 1.30 47.46 522.01 2388.03 8182.74 8.4114 0.03 393 2388 100.00 38.89 23.2729  
9 156 -0.0000 0.0002 100.0 518.67 642.68 1585.05 1404.54 14.62 21.61 554.50 2388.07 9106.52 1.30 47.45 521.33 2388.01 8180.85 8.4406 0.03 394 2388 100.00 38.80 23.3428  
9 157 -0.0005 -0.0000 100.0 518.67 642.82 1591.95 1401.39 14.62 21.61 554.36 2388.05 9117.58 1.30 47.50 522.01 2388.01 8180.59 8.4341 0.03 393 2388 100.00 38.86 23.2617  
9 158 0.0030 -0.0004 100.0 518.67 642.61 1594.78 1399.17 14.62 21.60 553.56 2387.97 9116.11 1.30 47.44 521.89 2388.02 8188.30 8.4119 0.03 392 2388 100.00 38.89 23.2962  
9 159 0.0005 0.0003 100.0 518.67 642.67 1585.67 1401.96 14.62 21.61 554.01 2388.04 9115.42 1.30 47.41 521.28 2388.01 8185.06 8.4398 0.03 394 2388 100.00 38.72 23.4176  
9 160 -0.0026 -0.0003 100.0 518.67 642.47 1588.70 1407.75 14.62 21.61 555.05 2388.02 9116.90 1.30 47.49 521.52 2387.99 8192.76 8.3900 0.03 394 2388 100.00 38.64 23.2255  
9 161 0.0006 0.0001 100.0 518.67 642.96 1584.58 1412.27 14.62 21.61 554.44 2388.01 9111.74 1.30 47.44 521.51 2388.01 8189.92 8.4236 0.03 393 2388 100.00 38.76 23.2392  
9 162 -0.0019 -0.0003 100.0 518.67 642.76 1592.35 1411.12 14.62 21.61 553.91 2388.02 9115.02 1.30 47.65 521.97 2388.02 8194.28 8.4316 0.03 394 2388 100.00 39.00 23.2257  
9 163 0.0012 0.0001 100.0 518.67 642.64 1589.33 1411.84 14.62 21.61 553.20 2388.02 9120.72 1.30 47.48 522.05 2388.04 8190.50 8.4667 0.03 393 2388 100.00 38.75 23.2820  
9 164 0.0041 -0.0001 100.0 518.67 643.05 1596.45 1402.53 14.62 21.61 553.77 2388.08 9122.91 1.30 47.35 522.30 2387.98 8189.68 8.4182 0.03 392 2388 100.00 38.76 23.3422  
9 165 -0.0004 0.0001 100.0 518.67 642.56 1595.52 1411.15 14.62 21.61 553.75 2388.03 9131.26 1.30 47.65 521.93 2388.06 8189.52 8.4529 0.03 394 2388 100.00 38.90 23.3964  
9 166 0.0015 0.0003 100.0 518.67 642.96 1592.60 1411.10 14.62 21.61 553.73 2387.99 9123.34 1.30 47.58 521.47 2387.99 8194.40 8.4258 0.03 393 2388 100.00 38.89 23.3474  
9 167 0.0025 -0.0001 100.0 518.67 642.81 1589.01 1403.24 14.62 21.61 554.35 2388.04 9122.81 1.30 47.51 520.92 2388.09 8197.22 8.4609 0.03 393 2388 100.00 38.80 23.1219  
9 168 0.0015 -0.0003 100.0 518.67 642.77 1590.97 1411.10 14.62 21.61 553.62 2387.98 9131.74 1.30 47.51 521.10 2388.05 8194.48 8.4335 0.03 395 2388 100.00 38.80 23.3069  
9 169 -0.0033 -0.0002 100.0 518.67 642.83 1594.76 1404.33 14.62 21.61 554.16 2388.03 9128.49 1.30 47.39 521.84 2388.01 8198.27 8.4545 0.03 395 2388 100.00 38.66 23.2603  
9 170 0.0010 -0.0003 100.0 518.67 642.61 1588.33 1410.55 14.62 21.61 553.20 2388.07 9135.12 1.30 47.69 521.80 2388.14 8209.53 8.4699 0.03 394 2388 100.00 38.80 23.2649  
9 171 0.0024 0.0002 100.0 518.67 642.34 1587.08 1418.00 14.62 21.61 552.79 2388.10 9142.03 1.30 47.83 521.36 2388.06 8202.43 8.4846 0.03 393 2388 100.00 39.06 23.2852  
9 172 0.0041 0.0004 100.0 518.67 643.07 1593.98 1410.93 14.62 21.61 553.53 2388.01 9133.20 1.30 47.58 521.37 2388.08 8202.50 8.4565 0.03 393 2388 100.00 38.78 23.2069  
9 173 -0.0029 -0.0004 100.0 518.67 642.57 1589.82 1403.42 14.62 21.61 553.84 2388.04 9131.44 1.30 47.51 521.43 2388.07 8209.55 8.4393 0.03 394 2388 100.00 38.75 23.2196  
9 174 0.0002 0.0001 100.0 518.67 642.57 1595.30 1417.95 14.62 21.61 553.52 2388.05 9143.61 1.30 47.57 520.99 2388.03 8210.34 8.4596 0.03 393 2388 100.00 38.73 23.2271  
9 175 0.0023 0.0001 100.0 518.67 642.89 1595.01 1412.09 14.62 21.61 552.79 2388.02 9137.19 1.30 47.45 521.28 2388.05 8207.79 8.4407 0.03 393 2388 100.00 38.79 23.2424  
9 176 0.0010 -0.0001 100.0 518.67 643.16 1591.56 1408.48 14.62 21.61 553.89 2388.01 9139.98 1.30 47.60 521.38 2388.01 8214.49 8.4672 0.03 395 2388 100.00 38.78 23.2337  
9 177 -0.0047 0.0003 100.0 518.67 642.83 1595.84 1408.22 14.62 21.61 553.54 2388.07 9147.59 1.30 47.43 521.46 2388.08 8212.23 8.4358 0.03 396 2388 100.00 38.89 23.1860  
9 178 -0.0013 -0.0002 100.0 518.67 643.30 1594.77 1407.18 14.62 21.61 552.79 2388.09 9151.39 1.30 47.72 521.66 2388.05 8217.98 8.4521 0.03 394 2388 100.00 38.72 23.3195  
9 179 0.0007 0.0003 100.0 518.67 643.01 1600.05 1412.20 14.62 21.61 553.90 2388.09 9156.95 1.30 47.66 521.22 2388.04 8216.90 8.4385 0.03 394 2388 100.00 38.73 23.2207  
9 180 -0.0008 0.0002 100.0 518.67 643.05 1594.96 1406.19 14.62 21.61 553.86 2388.05 9155.81 1.30 47.50 521.24 2388.10 8227.97 8.4948 0.03 394 2388 100.00 38.48 23.1341  
9 181 -0.0008 -0.0004 100.0 518.67 643.23 1602.99 1417.63 14.62 21.61 553.83 2388.00 9144.98 1.30 47.59 520.87 2388.08 8223.18 8.4468 0.03 395 2388 100.00 38.91 23.1923  
9 182 0.0002 -0.0004 100.0 518.67 643.01 1596.98 1416.51 14.62 21.61 552.95 2388.11 9162.89 1.30 47.59 520.88 2388.10 8220.13 8.4763 0.03 395 2388 100.00 38.66 23.1898  
9 183 0.0015 0.0004 100.0 518.67 643.07 1590.68 1410.37 14.62 21.61 552.94 2388.09 9167.16 1.30 47.68 521.63 2388.09 8229.79 8.4718 0.03 394 2388 100.00 38.61 23.2067  
9 184 -0.0024 -0.0001 100.0 518.67 643.55 1602.59 1415.55 14.62 21.61 553.87 2388.08 9163.47 1.30 47.76 521.04 2388.08 8230.96 8.4605 0.03 395 2388 100.00 38.62 23.1689  
9 185 0.0020 -0.0004 100.0 518.67 643.20 1601.80 1420.83 14.62 21.61 552.81 2388.07 9162.66 1.30 47.78 521.04 2388.08 8229.33 8.5005 0.03 393 2388 100.00 38.63 23.1598  
9 186 -0.0004 0.0000 100.0 518.67 643.16 1593.59 1415.44 14.62 21.61 552.40 2388.06 9171.18 1.30 47.66 521.29 2388.05 8238.32 8.4461 0.03 395 2388 100.00 38.71 23.1954  
9 187 -0.0022 -0.0000 100.0 518.67 643.55 1607.04 1421.69 14.62 21.61 552.45 2388.07 9164.94 1.30 47.67 520.93 2388.08 8237.87 8.4938 0.03 395 2388 100.00 38.79 23.1680  
9 188 -0.0060 0.0003 100.0 518.67 642.83 1601.88 1417.40 14.62 21.61 552.83 2388.13 9171.99 1.30 47.85 520.79 2388.07 8240.06 8.4992 0.03 395 2388 100.00 38.46 23.2898  
9 189 0.0025 -0.0002 100.0 518.67 642.84 1596.03 1418.62 14.62 21.61 552.84 2388.04 9178.37 1.30 47.90 521.39 2388.11 8243.94 8.4522 0.03 396 2388 100.00 38.64 23.0994  
9 190 -0.0016 0.0002 100.0 518.67 643.73 1595.56 1417.78 14.62 21.61 553.36 2388.12 9188.49 1.30 47.92 520.98 2388.10 8242.41 8.4987 0.03 396 2388 100.00 38.52 23.1614  
9 191 -0.0001 -0.0001 100.0 518.67 643.38 1602.92 1423.10 14.62 21.61 552.52 2388.12 9183.92 1.30 47.89 520.79 2388.10 8248.30 8.4932 0.03 395 2388 100.00 38.68 23.2104  
9 192 0.0015 0.0004 100.0 518.67 643.23 1598.22 1420.21 14.62 21.61 552.31 2388.15 9189.49 1.30 47.91 520.11 2388.08 8251.76 8.5037 0.03 396 2388 100.00 38.68 23.1819  
9 193 -0.0011 -0.0004 100.0 518.67 643.32 1602.15 1427.40 14.62 21.61 552.36 2388.12 9191.59 1.30 47.91 520.78 2388.17 8255.79 8.4980 0.03 396 2388 100.00 38.67 23.0226  
9 194 -0.0001 -0.0000 100.0 518.67 643.13 1599.34 1418.42 14.62 21.61 552.36 2388.16 9207.36 1.30 48.08 521.07 2388.07 8257.19 8.4414 0.03 396 2388 100.00 38.39 23.2319  
9 195 0.0007 0.0001 100.0 518.67 642.70 1602.99 1431.01 14.62 21.61 552.15 2388.09 9205.71 1.30 48.04 520.71 2388.13 8262.08 8.4908 0.03 396 2388 100.00 38.54 23.1513  
9 196 -0.0018 -0.0001 100.0 518.67 643.24 1597.81 1424.02 14.62 21.61 551.75 2388.12 9199.59 1.30 47.85 520.59 2388.07 8262.57 8.4898 0.03 396 2388 100.00 38.55 23.0542  
9 197 0.0006 0.0005 100.0 518.67 643.42 1596.70 1417.01 14.62 21.61 552.63 2388.15 9206.31 1.30 47.94 520.35 2388.09 8266.83 8.5095 0.03 396 2388 100.00 38.51 23.1810  
9 198 0.0022 -0.0002 100.0 518.67 643.46 1599.45 1433.83 14.62 21.61 552.86 2388.15 9214.62 1.30 47.85 519.86 2388.13 8271.39 8.5206 0.03 397 2388 100.00 38.49 23.1286  
9 199 -0.0026 0.0002 100.0 518.67 643.69 1603.70 1429.19 14.62 21.61 551.71 2388.09 9220.88 1.30 47.82 520.50 2388.10 8272.83 8.5282 0.03 396 2388 100.00 38.40 23.0677  
9 200 -0.0014 -0.0004 100.0 518.67 643.40 1602.89 1431.95 14.62 21.61 552.29 2388.44 9224.87 1.30 47.98 520.35 2388.44 8279.79 8.4968 0.03 397 2388 100.00 38.43 23.1008  
9 201 -0.0016 0.0004 100.0 518.67 644.04 1595.36 1428.43 14.62 21.61 552.30 2388.50 9239.76 1.30 48.11 520.28 2388.56 8289.63 8.5156 0.03 399 2388 100.00 38.45 23.0284  
10 1 -0.0014 0.0004 100.0 518.67 641.92 1587.93 1392.20 14.62 21.61 554.37 2388.00 9051.46 1.30 47.05 522.54 2388.01 8137.61 8.4039 0.03 391 2388 100.00 39.04 23.5309  
10 2 0.0009 0.0005 100.0 518.67 642.22 1586.81 1392.03 14.62 21.61 554.76 2388.06 9057.03 1.30 47.20 523.04 2388.04 8142.57 8.3868 0.03 390 2388 100.00 39.05 23.3106  
10 3 0.0009 -0.0000 100.0 518.67 642.16 1581.06 1395.51 14.62 21.61 554.42 2388.01 9047.45 1.30 47.19 522.22 2387.97 8136.85 8.4422 0.03 392 2388 100.00 39.01 23.5053  
10 4 0.0010 0.0004 100.0 518.67 642.14 1590.17 1388.15 14.62 21.61 554.19 2387.99 9057.43 1.30 47.11 522.51 2388.03 8136.62 8.3928 0.03 391 2388 100.00 38.83 23.3314  
10 5 -0.0020 -0.0003 100.0 518.67 642.13 1581.09 1396.37 14.62 21.60 554.26 2387.96 9046.16 1.30 47.20 522.29 2388.01 8138.95 8.3879 0.03 392 2388 100.00 39.06 23.4651  
10 6 0.0032 0.0004 100.0 518.67 641.99 1585.13 1394.91 14.62 21.61 554.48 2388.02 9054.59 1.30 47.03 522.36 2388.02 8142.12 8.3830 0.03 390 2388 100.00 39.08 23.3655  
10 7 -0.0017 0.0002 100.0 518.67 642.44 1582.96 1394.26 14.62 21.61 555.06 2388.01 9051.70 1.30 47.22 522.87 2388.03 8139.16 8.3977 0.03 391 2388 100.00 38.99 23.4053  
10 8 0.0011 -0.0003 100.0 518.67 641.61 1584.53 1392.39 14.62 21.61 554.28 2388.03 9055.99 1.30 47.24 522.29 2388.00 8136.80 8.3813 0.03 391 2388 100.00 39.18 23.4135  
10 9 0.0019 0.0003 100.0 518.67 641.78 1580.52 1401.27 14.62 21.61 554.27 2388.03 9055.41 1.30 47.04 522.29 2387.97 8136.08 8.3836 0.03 392 2388 100.00 38.98 23.4868  
10 10 -0.0025 -0.0001 100.0 518.67 642.02 1581.90 1398.55 14.62 21.61 555.23 2388.00 9052.61 1.30 47.12 522.25 2388.00 8138.60 8.3644 0.03 392 2388 100.00 38.93 23.3787  
10 11 0.0002 0.0005 100.0 518.67 642.48 1585.62 1400.69 14.62 21.61 553.80 2388.02 9047.32 1.30 47.16 522.62 2387.97 8135.34 8.3862 0.03 391 2388 100.00 38.86 23.4401  
10 12 0.0017 0.0001 100.0 518.67 642.20 1591.59 1396.26 14.62 21.61 554.67 2388.00 9049.40 1.30 46.99 522.68 2387.99 8137.70 8.3809 0.03 392 2388 100.00 39.03 23.4179  
10 13 0.0022 0.0000 100.0 518.67 641.98 1578.10 1395.18 14.62 21.60 554.77 2387.99 9048.49 1.30 47.18 522.03 2387.99 8135.65 8.3773 0.03 391 2388 100.00 38.89 23.3528  
10 14 0.0013 0.0005 100.0 518.67 642.03 1583.94 1400.37 14.62 21.61 553.95 2388.06 9043.10 1.30 47.09 522.28 2388.02 8138.34 8.3997 0.03 393 2388 100.00 39.12 23.3564  
10 15 -0.0074 0.0001 100.0 518.67 642.30 1586.21 1393.99 14.62 21.61 554.72 2388.02 9050.98 1.30 47.18 522.69 2388.02 8138.43 8.4346 0.03 393 2388 100.00 39.00 23.4487  
10 16 0.0027 -0.0003 100.0 518.67 641.87 1589.94 1397.33 14.62 21.60 554.65 2388.01 9052.18 1.30 47.06 522.35 2388.02 8138.18 8.3577 0.03 392 2388 100.00 39.00 23.4001  
10 17 -0.0014 0.0003 100.0 518.67 641.79 1585.44 1400.99 14.62 21.61 554.62 2387.99 9053.78 1.30 47.03 522.61 2388.03 8141.13 8.4136 0.03 392 2388 100.00 39.05 23.4030  
10 18 -0.0020 0.0001 100.0 518.67 641.87 1580.13 1395.47 14.62 21.61 554.67 2388.03 9053.77 1.30 47.32 522.07 2388.00 8140.58 8.3947 0.03 392 2388 100.00 39.12 23.3682  
10 19 0.0010 0.0002 100.0 518.67 642.29 1589.25 1396.14 14.62 21.60 554.48 2387.99 9058.24 1.30 47.11 522.27 2388.01 8139.50 8.3858 0.03 391 2388 100.00 39.14 23.4496  
10 20 0.0009 0.0002 100.0 518.67 641.88 1583.88 1397.10 14.62 21.61 554.12 2387.98 9047.22 1.30 47.23 522.42 2388.05 8138.14 8.3966 0.03 392 2388 100.00 39.04 23.4002  
10 21 0.0047 -0.0004 100.0 518.67 642.14 1580.79 1399.20 14.62 21.61 554.68 2388.01 9050.50 1.30 47.17 522.00 2388.00 8138.72 8.4168 0.03 391 2388 100.00 38.88 23.4053  
10 22 0.0010 -0.0001 100.0 518.67 642.28 1588.92 1397.30 14.62 21.61 554.96 2387.99 9048.10 1.30 47.14 522.04 2388.01 8137.55 8.3823 0.03 393 2388 100.00 39.07 23.5493  
10 23 -0.0035 0.0003 100.0 518.67 642.36 1589.48 1395.85 14.62 21.61 554.58 2388.00 9047.90 1.30 47.18 522.35 2387.98 8137.34 8.4085 0.03 392 2388 100.00 38.87 23.4251  
10 24 -0.0047 -0.0004 100.0 518.67 642.00 1583.85 1393.75 14.62 21.61 554.92 2388.06 9062.47 1.30 47.33 522.84 2387.99 8140.26 8.3758 0.03 391 2388 100.00 39.11 23.4183  
10 25 -0.0036 0.0003 100.0 518.67 642.76 1581.08 1406.96 14.62 21.61 555.22 2388.01 9060.43 1.30 47.13 522.04 2387.96 8137.99 8.4141 0.03 391 2388 100.00 39.05 23.4275  
10 26 0.0008 0.0002 100.0 518.67 642.48 1590.13 1392.60 14.62 21.60 555.23 2388.06 9065.05 1.30 47.12 522.41 2388.03 8138.93 8.4004 0.03 392 2388 100.00 39.05 23.4433  
10 27 0.0013 0.0004 100.0 518.67 642.17 1582.59 1396.89 14.62 21.61 553.83 2388.05 9057.19 1.30 47.19 522.54 2387.99 8131.25 8.4325 0.03 392 2388 100.00 38.84 23.3362  
10 28 0.0007 0.0001 100.0 518.67 641.74 1585.77 1392.56 14.62 21.61 555.02 2387.98 9062.96 1.30 47.13 522.41 2387.99 8133.56 8.3943 0.03 391 2388 100.00 39.43 23.4076  
10 29 -0.0002 0.0003 100.0 518.67 641.47 1583.06 1396.87 14.62 21.61 555.42 2388.03 9056.01 1.30 47.01 521.41 2388.03 8143.37 8.3982 0.03 391 2388 100.00 39.19 23.4753  
10 30 0.0052 -0.0002 100.0 518.67 641.90 1587.36 1402.48 14.62 21.61 554.46 2388.02 9050.98 1.30 47.31 522.49 2388.00 8137.85 8.3667 0.03 390 2388 100.00 38.96 23.4173  
10 31 0.0024 0.0003 100.0 518.67 642.20 1586.25 1398.36 14.62 21.61 554.78 2388.00 9060.45 1.30 47.07 522.60 2387.98 8141.18 8.4126 0.03 391 2388 100.00 38.94 23.5300  
10 32 -0.0016 -0.0002 100.0 518.67 641.84 1586.55 1392.50 14.62 21.61 554.77 2388.04 9052.01 1.30 47.09 522.38 2388.04 8136.92 8.3925 0.03 391 2388 100.00 38.87 23.3929  
10 33 0.0013 0.0001 100.0 518.67 642.55 1582.90 1396.54 14.62 21.61 554.63 2387.97 9057.24 1.30 47.16 522.44 2388.06 8141.19 8.3916 0.03 392 2388 100.00 39.13 23.4095  
10 34 0.0028 0.0002 100.0 518.67 642.52 1582.14 1397.64 14.62 21.61 554.21 2388.02 9049.47 1.30 47.30 522.30 2388.06 8137.06 8.4214 0.03 390 2388 100.00 39.00 23.5233  
10 35 -0.0017 0.0001 100.0 518.67 642.00 1585.28 1399.60 14.62 21.60 554.18 2388.00 9050.98 1.30 47.01 522.79 2388.03 8140.40 8.4040 0.03 392 2388 100.00 38.89 23.4587  
10 36 -0.0021 0.0001 100.0 518.67 641.46 1580.69 1396.29 14.62 21.61 554.43 2388.01 9055.77 1.30 47.12 521.94 2388.01 8139.70 8.3686 0.03 392 2388 100.00 38.99 23.4019  
10 37 0.0026 0.0002 100.0 518.67 641.97 1575.60 1398.36 14.62 21.61 554.34 2388.00 9050.57 1.30 47.19 522.00 2387.99 8138.71 8.3769 0.03 392 2388 100.00 39.08 23.4904  
10 38 -0.0003 0.0004 100.0 518.67 642.20 1589.84 1397.83 14.62 21.61 555.12 2388.01 9054.18 1.30 47.29 522.70 2388.02 8141.10 8.4265 0.03 390 2388 100.00 39.13 23.3119  
10 39 -0.0019 -0.0002 100.0 518.67 642.78 1586.67 1390.90 14.62 21.61 554.76 2388.04 9051.09 1.30 47.09 522.74 2388.01 8131.66 8.4340 0.03 390 2388 100.00 39.11 23.4868  
10 40 -0.0009 -0.0002 100.0 518.67 642.12 1583.04 1393.76 14.62 21.61 554.21 2388.07 9057.71 1.30 47.15 522.46 2388.02 8134.34 8.4005 0.03 391 2388 100.00 39.24 23.4566  
10 41 -0.0044 0.0003 100.0 518.67 641.64 1589.84 1393.32 14.62 21.61 554.62 2387.99 9060.44 1.30 47.20 522.13 2388.04 8137.48 8.3954 0.03 392 2388 100.00 39.02 23.4643  
10 42 0.0001 0.0002 100.0 518.67 641.48 1579.48 1398.05 14.62 21.61 554.76 2388.04 9053.26 1.30 47.11 522.59 2387.99 8138.49 8.4149 0.03 392 2388 100.00 39.09 23.4383  
10 43 0.0020 -0.0000 100.0 518.67 642.67 1571.04 1401.83 14.62 21.60 554.00 2388.06 9058.96 1.30 47.10 522.41 2388.00 8140.62 8.3808 0.03 390 2388 100.00 39.08 23.4559  
10 44 -0.0003 0.0003 100.0 518.67 642.14 1580.44 1399.42 14.62 21.61 554.22 2388.01 9048.60 1.30 47.16 522.19 2388.02 8129.38 8.4043 0.03 391 2388 100.00 39.08 23.4762  
10 45 -0.0002 0.0005 100.0 518.67 642.03 1580.26 1398.18 14.62 21.61 554.73 2388.01 9051.45 1.30 47.21 522.61 2388.06 8136.47 8.4005 0.03 391 2388 100.00 38.87 23.5226  
10 46 -0.0035 -0.0002 100.0 518.67 642.03 1587.64 1398.27 14.62 21.61 555.18 2387.99 9058.83 1.30 47.15 522.55 2388.00 8138.17 8.4128 0.03 393 2388 100.00 38.90 23.4497  
10 47 0.0018 -0.0004 100.0 518.67 642.08 1577.61 1393.94 14.62 21.61 554.03 2388.06 9056.99 1.30 47.08 522.52 2388.00 8144.46 8.3769 0.03 390 2388 100.00 38.87 23.4684  
10 48 0.0016 -0.0003 100.0 518.67 641.97 1583.80 1402.00 14.62 21.61 554.64 2387.98 9056.79 1.30 47.05 522.61 2387.99 8137.98 8.3727 0.03 391 2388 100.00 39.04 23.3365  
10 49 0.0035 0.0000 100.0 518.67 642.24 1580.77 1398.39 14.62 21.60 554.84 2387.97 9054.18 1.30 47.22 522.46 2387.98 8134.84 8.4097 0.03 392 2388 100.00 38.99 23.4203  
10 50 0.0010 0.0005 100.0 518.67 641.87 1585.37 1400.50 14.62 21.61 554.45 2388.00 9053.16 1.30 46.96 521.95 2388.04 8140.56 8.4012 0.03 392 2388 100.00 39.08 23.2840  
10 51 0.0009 0.0004 100.0 518.67 642.20 1581.49 1395.73 14.62 21.61 554.68 2388.05 9054.29 1.30 47.21 521.94 2387.99 8131.68 8.3834 0.03 392 2388 100.00 38.95 23.4952  
10 52 0.0004 -0.0002 100.0 518.67 641.76 1588.52 1401.12 14.62 21.61 554.26 2387.99 9051.13 1.30 47.19 522.62 2388.04 8141.23 8.4213 0.03 392 2388 100.00 38.97 23.3672  
10 53 -0.0020 0.0000 100.0 518.67 641.76 1590.49 1397.38 14.62 21.61 554.83 2387.99 9051.82 1.30 47.37 521.88 2388.01 8140.24 8.4318 0.03 391 2388 100.00 39.04 23.4324  
10 54 0.0014 0.0004 100.0 518.67 641.84 1584.10 1402.76 14.62 21.61 554.51 2388.02 9051.83 1.30 47.08 522.11 2388.04 8142.09 8.4085 0.03 393 2388 100.00 39.02 23.5017  
10 55 -0.0007 0.0003 100.0 518.67 641.76 1577.97 1398.77 14.62 21.61 553.48 2388.00 9057.54 1.30 47.19 522.52 2388.07 8137.62 8.4008 0.03 390 2388 100.00 39.15 23.4110  
10 56 -0.0013 0.0003 100.0 518.67 642.21 1586.45 1396.86 14.62 21.61 555.25 2388.01 9053.77 1.30 47.34 522.74 2388.02 8140.16 8.3742 0.03 391 2388 100.00 39.01 23.4886  
10 57 -0.0006 0.0004 100.0 518.67 641.82 1586.01 1400.77 14.62 21.61 554.07 2388.01 9054.63 1.30 47.37 522.27 2387.97 8134.75 8.3279 0.03 391 2388 100.00 38.99 23.5059  
10 58 -0.0009 -0.0001 100.0 518.67 642.15 1582.48 1398.42 14.62 21.61 554.30 2387.96 9062.29 1.30 47.11 521.66 2388.05 8136.08 8.4264 0.03 391 2388 100.00 39.06 23.4623  
10 59 0.0005 0.0002 100.0 518.67 642.30 1592.50 1401.01 14.62 21.60 553.85 2388.02 9058.17 1.30 47.16 522.12 2388.04 8136.87 8.4061 0.03 392 2388 100.00 38.96 23.3828  
10 60 -0.0003 0.0004 100.0 518.67 642.04 1584.00 1402.06 14.62 21.61 554.41 2388.09 9055.46 1.30 47.16 521.63 2387.94 8139.41 8.3983 0.03 391 2388 100.00 39.11 23.3808  
10 61 -0.0019 0.0004 100.0 518.67 642.28 1581.82 1393.03 14.62 21.60 554.39 2388.03 9057.65 1.30 47.17 522.37 2387.98 8143.78 8.3614 0.03 391 2388 100.00 38.96 23.4592  
10 62 0.0008 -0.0002 100.0 518.67 642.52 1584.46 1400.10 14.62 21.61 554.15 2388.05 9057.31 1.30 47.10 522.29 2388.03 8139.98 8.4175 0.03 392 2388 100.00 39.14 23.3774  
10 63 0.0009 -0.0000 100.0 518.67 641.54 1584.86 1397.06 14.62 21.61 554.30 2388.01 9054.67 1.30 47.18 521.81 2388.00 8144.26 8.3939 0.03 393 2388 100.00 38.96 23.3470  
10 64 -0.0012 0.0004 100.0 518.67 642.17 1588.30 1398.52 14.62 21.61 554.38 2388.06 9057.56 1.30 47.14 522.32 2387.99 8137.64 8.3747 0.03 389 2388 100.00 39.00 23.3957  
10 65 -0.0004 -0.0003 100.0 518.67 642.34 1583.08 1400.65 14.62 21.61 554.44 2388.05 9055.08 1.30 47.22 522.20 2388.09 8140.00 8.4073 0.03 390 2388 100.00 39.11 23.4998  
10 66 0.0009 0.0002 100.0 518.67 641.95 1588.58 1399.24 14.62 21.61 554.45 2388.03 9049.55 1.30 47.35 522.43 2388.01 8135.72 8.3896 0.03 391 2388 100.00 39.08 23.2852  
10 67 -0.0020 0.0002 100.0 518.67 642.04 1589.24 1407.40 14.62 21.60 555.01 2388.03 9053.21 1.30 47.15 522.40 2388.03 8135.54 8.3763 0.03 390 2388 100.00 39.15 23.3072  
10 68 0.0005 0.0005 100.0 518.67 641.80 1589.24 1404.08 14.62 21.61 554.60 2388.04 9057.53 1.30 47.15 522.45 2388.04 8137.23 8.4128 0.03 393 2388 100.00 39.07 23.4226  
10 69 0.0010 -0.0002 100.0 518.67 642.21 1580.50 1393.64 14.62 21.61 554.58 2388.01 9062.67 1.30 47.35 522.40 2387.99 8138.35 8.3909 0.03 392 2388 100.00 38.98 23.3893  
10 70 0.0005 0.0004 100.0 518.67 642.01 1581.00 1395.29 14.62 21.61 554.21 2388.01 9051.08 1.30 47.36 522.16 2388.08 8133.15 8.4323 0.03 391 2388 100.00 38.95 23.4108  
10 71 0.0033 0.0005 100.0 518.67 641.76 1583.80 1394.25 14.62 21.61 554.25 2388.04 9056.84 1.30 47.32 522.16 2388.05 8138.88 8.3968 0.03 392 2388 100.00 38.95 23.4043  
10 72 -0.0035 0.0005 100.0 518.67 642.18 1589.95 1404.12 14.62 21.61 554.18 2388.07 9051.96 1.30 47.28 522.41 2388.02 8137.76 8.4125 0.03 391 2388 100.00 39.03 23.4884  
10 73 -0.0012 0.0004 100.0 518.67 641.96 1587.22 1401.15 14.62 21.61 554.78 2387.99 9059.35 1.30 47.13 522.00 2388.07 8136.65 8.4101 0.03 392 2388 100.00 39.03 23.3465  
10 74 0.0023 -0.0004 100.0 518.67 642.17 1588.49 1399.61 14.62 21.61 553.90 2387.99 9051.02 1.30 47.29 522.39 2388.01 8139.95 8.3907 0.03 391 2388 100.00 39.15 23.4227  
10 75 -0.0034 0.0005 100.0 518.67 642.01 1583.19 1394.16 14.62 21.60 554.36 2388.06 9052.84 1.30 47.40 522.10 2388.05 8136.24 8.3964 0.03 391 2388 100.00 39.04 23.4063  
10 76 -0.0016 -0.0004 100.0 518.67 641.99 1584.28 1397.09 14.62 21.61 554.10 2388.03 9059.45 1.30 47.22 522.23 2388.02 8136.70 8.3948 0.03 392 2388 100.00 38.92 23.3491  
10 77 -0.0023 0.0000 100.0 518.67 642.40 1582.58 1405.17 14.62 21.61 553.99 2388.06 9056.40 1.30 47.11 522.27 2388.04 8140.71 8.4383 0.03 390 2388 100.00 39.21 23.4455  
10 78 -0.0010 0.0001 100.0 518.67 642.24 1581.58 1398.63 14.62 21.61 554.52 2388.01 9056.86 1.30 47.08 522.11 2388.00 8138.71 8.3686 0.03 393 2388 100.00 38.96 23.3141  
10 79 -0.0022 -0.0002 100.0 518.67 642.02 1580.75 1400.71 14.62 21.61 554.43 2388.02 9058.64 1.30 47.15 522.25 2388.09 8138.19 8.3921 0.03 393 2388 100.00 39.06 23.4020  
10 80 0.0005 0.0003 100.0 518.67 642.10 1582.28 1398.55 14.62 21.61 554.40 2387.96 9060.09 1.30 47.25 522.65 2388.01 8145.12 8.3808 0.03 392 2388 100.00 38.99 23.4124  
10 81 -0.0001 0.0003 100.0 518.67 641.88 1586.24 1398.36 14.62 21.61 555.04 2388.01 9051.93 1.30 47.37 522.78 2388.03 8136.03 8.4191 0.03 392 2388 100.00 39.12 23.3725  
10 82 -0.0012 -0.0003 100.0 518.67 642.19 1585.16 1397.04 14.62 21.61 554.45 2388.01 9054.58 1.30 47.37 522.23 2388.09 8141.69 8.3831 0.03 393 2388 100.00 38.91 23.4507  
10 83 0.0049 -0.0000 100.0 518.67 641.98 1589.84 1406.27 14.62 21.61 554.32 2388.04 9064.59 1.30 47.25 521.43 2388.01 8139.19 8.4050 0.03 393 2388 100.00 39.13 23.3634  
10 84 0.0062 -0.0001 100.0 518.67 642.27 1585.49 1397.59 14.62 21.61 554.37 2388.02 9049.35 1.30 47.20 522.24 2388.13 8139.26 8.4156 0.03 391 2388 100.00 39.02 23.4405  
10 85 0.0022 0.0003 100.0 518.67 642.01 1590.10 1391.74 14.62 21.61 553.68 2388.05 9059.52 1.30 47.07 521.95 2388.00 8141.77 8.4053 0.03 393 2388 100.00 38.85 23.3716  
10 86 -0.0007 0.0004 100.0 518.67 641.96 1583.55 1404.97 14.62 21.61 554.50 2388.05 9057.59 1.30 47.28 522.32 2388.06 8135.08 8.4102 0.03 391 2388 100.00 39.02 23.4268  
10 87 0.0002 -0.0002 100.0 518.67 642.37 1586.85 1403.75 14.62 21.61 554.47 2388.01 9057.13 1.30 47.34 521.97 2388.06 8139.46 8.3795 0.03 393 2388 100.00 39.08 23.4142  
10 88 -0.0030 0.0001 100.0 518.67 642.71 1585.21 1400.55 14.62 21.61 554.17 2388.12 9055.67 1.30 47.41 521.89 2388.11 8144.07 8.4272 0.03 391 2388 100.00 39.10 23.4380  
10 89 0.0001 0.0005 100.0 518.67 641.38 1590.93 1390.62 14.62 21.61 554.48 2388.05 9063.21 1.30 47.38 522.20 2388.04 8135.79 8.4068 0.03 391 2388 100.00 38.97 23.3878  
10 90 -0.0011 -0.0003 100.0 518.67 641.95 1592.95 1397.14 14.62 21.60 554.19 2388.02 9061.75 1.30 47.18 522.03 2388.00 8140.64 8.3906 0.03 390 2388 100.00 39.15 23.3961  
10 91 0.0005 -0.0001 100.0 518.67 642.52 1586.78 1400.69 14.62 21.61 554.70 2388.08 9060.54 1.30 47.34 521.86 2387.99 8137.61 8.3872 0.03 391 2388 100.00 38.87 23.4820  
10 92 0.0041 0.0000 100.0 518.67 641.98 1577.63 1399.88 14.62 21.61 554.59 2388.01 9054.93 1.30 47.11 522.00 2388.04 8144.71 8.4008 0.03 390 2388 100.00 38.97 23.3861  
10 93 -0.0028 0.0005 100.0 518.67 641.98 1584.79 1397.20 14.62 21.61 553.90 2388.07 9054.82 1.30 47.28 521.96 2388.03 8141.26 8.4436 0.03 391 2388 100.00 38.87 23.3703  
10 94 0.0030 -0.0003 100.0 518.67 642.06 1582.08 1393.72 14.62 21.61 554.45 2387.99 9057.54 1.30 47.38 522.49 2387.99 8139.96 8.4245 0.03 391 2388 100.00 39.16 23.3878  
10 95 0.0016 0.0000 100.0 518.67 642.20 1584.36 1403.99 14.62 21.61 554.39 2388.05 9052.77 1.30 47.33 522.26 2388.00 8140.33 8.4010 0.03 391 2388 100.00 39.02 23.3446  
10 96 0.0004 0.0003 100.0 518.67 642.09 1585.58 1411.03 14.62 21.61 554.38 2388.00 9059.49 1.30 47.23 522.21 2388.05 8145.95 8.4467 0.03 393 2388 100.00 39.12 23.4229  
10 97 0.0013 0.0003 100.0 518.67 641.85 1577.04 1401.74 14.62 21.61 553.86 2388.03 9064.75 1.30 47.31 522.13 2388.08 8138.83 8.3906 0.03 391 2388 100.00 38.97 23.3372  
10 98 0.0028 0.0003 100.0 518.67 642.17 1584.95 1396.65 14.62 21.61 554.22 2387.97 9058.61 1.30 47.35 522.03 2388.08 8143.37 8.4300 0.03 392 2388 100.00 39.03 23.3509  
10 99 0.0006 -0.0004 100.0 518.67 641.76 1591.08 1396.87 14.62 21.61 554.62 2388.02 9057.57 1.30 47.20 522.05 2388.06 8138.19 8.3935 0.03 390 2388 100.00 38.99 23.4015  
10 100 -0.0040 0.0002 100.0 518.67 641.88 1584.72 1400.67 14.62 21.61 554.61 2388.02 9059.06 1.30 47.33 522.25 2388.05 8141.82 8.4226 0.03 392 2388 100.00 39.00 23.3896  
10 101 -0.0027 0.0002 100.0 518.67 641.86 1589.45 1400.21 14.62 21.61 554.57 2388.02 9063.24 1.30 47.08 522.56 2388.05 8137.64 8.3962 0.03 391 2388 100.00 39.02 23.3689  
10 102 0.0010 -0.0001 100.0 518.67 642.25 1583.63 1394.62 14.62 21.61 553.74 2387.99 9055.62 1.30 47.27 522.74 2388.07 8136.78 8.4215 0.03 391 2388 100.00 39.13 23.3827  
10 103 0.0024 0.0005 100.0 518.67 642.16 1582.72 1396.52 14.62 21.61 552.98 2387.96 9059.71 1.30 47.30 522.45 2387.99 8143.06 8.3673 0.03 393 2388 100.00 39.24 23.3669  
10 104 -0.0011 -0.0003 100.0 518.67 642.30 1580.41 1404.78 14.62 21.61 554.25 2388.02 9059.65 1.30 47.33 521.71 2388.10 8138.77 8.3990 0.03 391 2388 100.00 38.99 23.3468  
10 105 0.0020 -0.0003 100.0 518.67 642.75 1586.26 1401.84 14.62 21.61 554.06 2388.01 9045.99 1.30 47.28 522.03 2388.02 8139.95 8.4170 0.03 390 2388 100.00 38.92 23.4241  
10 106 -0.0018 -0.0000 100.0 518.67 642.16 1590.20 1402.81 14.62 21.61 554.91 2388.03 9060.78 1.30 47.27 522.21 2388.03 8141.80 8.3985 0.03 393 2388 100.00 38.98 23.4340  
10 107 0.0036 0.0001 100.0 518.67 642.02 1581.22 1397.62 14.62 21.61 554.11 2388.03 9057.01 1.30 47.34 522.07 2388.05 8145.98 8.3942 0.03 393 2388 100.00 38.86 23.4195  
10 108 -0.0014 -0.0004 100.0 518.67 642.30 1583.84 1401.12 14.62 21.61 554.92 2388.08 9053.29 1.30 47.21 521.88 2388.04 8143.89 8.4003 0.03 392 2388 100.00 38.90 23.3515  
10 109 -0.0007 0.0004 100.0 518.67 642.28 1587.71 1394.11 14.62 21.61 554.48 2388.08 9061.51 1.30 47.24 521.90 2388.02 8144.39 8.4071 0.03 391 2388 100.00 39.11 23.4203  
10 110 0.0010 0.0001 100.0 518.67 642.12 1579.01 1391.63 14.62 21.61 553.80 2388.02 9064.12 1.30 47.28 522.01 2388.05 8145.31 8.3784 0.03 392 2388 100.00 38.77 23.2628  
10 111 -0.0064 -0.0001 100.0 518.67 642.72 1587.53 1401.29 14.62 21.61 554.40 2388.06 9053.74 1.30 47.32 521.85 2388.02 8135.61 8.4018 0.03 393 2388 100.00 38.85 23.3332  
10 112 0.0038 -0.0000 100.0 518.67 642.31 1584.42 1395.02 14.62 21.61 554.35 2388.06 9069.51 1.30 47.47 522.16 2388.04 8145.38 8.4453 0.03 391 2388 100.00 38.84 23.3309  
10 113 -0.0009 0.0004 100.0 518.67 642.25 1583.11 1405.91 14.62 21.61 554.39 2388.08 9061.95 1.30 47.12 522.21 2388.02 8137.17 8.4206 0.03 392 2388 100.00 38.94 23.4222  
10 114 -0.0017 -0.0002 100.0 518.67 642.21 1584.86 1404.12 14.62 21.61 553.97 2388.02 9056.34 1.30 47.50 521.97 2388.05 8135.85 8.3965 0.03 390 2388 100.00 39.12 23.4305  
10 115 -0.0029 -0.0001 100.0 518.67 642.38 1581.62 1398.42 14.62 21.61 553.87 2388.08 9057.92 1.30 47.36 521.82 2388.07 8141.92 8.4124 0.03 393 2388 100.00 39.02 23.3331  
10 116 -0.0045 -0.0004 100.0 518.67 641.97 1590.32 1395.43 14.62 21.61 554.09 2388.04 9065.54 1.30 47.29 522.37 2388.06 8142.28 8.4065 0.03 392 2388 100.00 39.01 23.4308  
10 117 -0.0005 0.0004 100.0 518.67 642.24 1582.51 1400.54 14.62 21.61 554.26 2388.03 9063.34 1.30 47.41 521.92 2388.06 8145.35 8.3974 0.03 393 2388 100.00 39.02 23.4015  
10 118 0.0028 -0.0003 100.0 518.67 642.43 1592.63 1398.75 14.62 21.61 554.21 2388.04 9059.45 1.30 47.26 521.83 2388.04 8149.58 8.4064 0.03 394 2388 100.00 38.95 23.3918  
10 119 0.0006 -0.0001 100.0 518.67 641.95 1582.24 1407.73 14.62 21.61 554.16 2388.05 9062.56 1.30 47.25 522.14 2388.05 8142.47 8.4205 0.03 393 2388 100.00 39.05 23.4050  
10 120 -0.0013 -0.0002 100.0 518.67 641.49 1587.93 1407.15 14.62 21.61 553.94 2388.07 9058.97 1.30 47.33 522.05 2388.07 8141.44 8.4094 0.03 392 2388 100.00 38.78 23.3621  
10 121 -0.0018 -0.0003 100.0 518.67 642.33 1585.48 1400.88 14.62 21.61 554.63 2388.06 9060.65 1.30 47.23 522.20 2388.05 8144.87 8.3756 0.03 393 2388 100.00 39.07 23.3001  
10 122 -0.0018 -0.0001 100.0 518.67 642.23 1589.03 1401.57 14.62 21.61 553.27 2388.10 9064.84 1.30 47.39 521.70 2388.05 8145.59 8.4063 0.03 393 2388 100.00 39.04 23.4073  
10 123 -0.0020 -0.0003 100.0 518.67 642.45 1585.48 1398.32 14.62 21.61 553.60 2387.98 9057.61 1.30 47.22 522.01 2388.06 8139.16 8.4217 0.03 392 2388 100.00 38.97 23.3490  
10 124 0.0020 -0.0004 100.0 518.67 642.80 1586.84 1398.10 14.62 21.61 553.94 2388.02 9060.64 1.30 47.35 521.85 2388.07 8148.12 8.3927 0.03 394 2388 100.00 39.03 23.4573  
10 125 -0.0006 -0.0003 100.0 518.67 642.14 1583.06 1403.73 14.62 21.61 554.05 2388.02 9058.95 1.30 47.25 521.14 2388.03 8142.27 8.4294 0.03 392 2388 100.00 39.00 23.4689  
10 126 0.0009 0.0005 100.0 518.67 642.36 1590.39 1403.20 14.62 21.61 553.62 2388.07 9061.52 1.30 47.29 522.07 2388.08 8145.09 8.4022 0.03 392 2388 100.00 39.05 23.2746  
10 127 -0.0015 0.0002 100.0 518.67 642.50 1586.52 1407.60 14.62 21.61 553.69 2388.09 9061.29 1.30 47.28 521.77 2388.04 8136.77 8.4408 0.03 391 2388 100.00 38.86 23.4063  
10 128 -0.0022 0.0003 100.0 518.67 642.54 1590.45 1406.54 14.62 21.61 554.34 2388.08 9062.44 1.30 47.32 522.52 2388.06 8143.38 8.4381 0.03 393 2388 100.00 38.83 23.2780  
10 129 -0.0010 -0.0000 100.0 518.67 642.40 1588.18 1409.07 14.62 21.61 553.97 2388.00 9064.53 1.30 47.53 522.08 2388.03 8144.17 8.4470 0.03 394 2388 100.00 38.77 23.4200  
10 130 0.0033 -0.0003 100.0 518.67 642.68 1593.28 1402.57 14.62 21.61 553.71 2388.02 9060.81 1.30 47.36 521.67 2388.09 8140.19 8.4216 0.03 393 2388 100.00 38.98 23.2849  
10 131 -0.0038 -0.0000 100.0 518.67 642.33 1587.08 1406.11 14.62 21.61 554.29 2388.05 9056.51 1.30 47.31 522.20 2388.04 8143.44 8.4148 0.03 393 2388 100.00 38.91 23.3875  
10 132 -0.0006 -0.0002 100.0 518.67 642.24 1592.85 1399.05 14.62 21.61 554.65 2388.04 9062.62 1.30 47.28 521.88 2388.03 8139.07 8.4272 0.03 392 2388 100.00 38.91 23.2849  
10 133 -0.0004 0.0005 100.0 518.67 642.29 1587.36 1401.10 14.62 21.61 554.14 2388.06 9068.20 1.30 47.34 521.50 2388.04 8143.91 8.4260 0.03 391 2388 100.00 38.87 23.2754  
10 134 0.0010 0.0002 100.0 518.67 642.39 1579.75 1405.37 14.62 21.61 554.64 2388.03 9068.78 1.30 47.33 521.93 2388.09 8142.45 8.4142 0.03 391 2388 100.00 38.79 23.3171  
10 135 0.0017 -0.0004 100.0 518.67 643.10 1592.83 1404.34 14.62 21.61 554.09 2388.02 9061.98 1.30 47.25 521.72 2388.04 8146.88 8.4204 0.03 392 2388 100.00 38.94 23.4018  
10 136 0.0017 -0.0001 100.0 518.67 642.33 1582.10 1406.33 14.62 21.61 554.32 2388.05 9070.58 1.30 47.37 521.64 2388.02 8145.76 8.4042 0.03 392 2388 100.00 38.83 23.2836  
10 137 0.0005 -0.0003 100.0 518.67 641.63 1586.88 1401.27 14.62 21.61 553.34 2388.08 9064.47 1.30 47.36 522.03 2388.03 8143.05 8.4356 0.03 393 2388 100.00 38.79 23.3492  
10 138 -0.0005 0.0003 100.0 518.67 642.49 1592.40 1398.91 14.62 21.61 553.86 2388.07 9062.47 1.30 47.39 522.14 2388.06 8142.06 8.4093 0.03 393 2388 100.00 38.97 23.2848  
10 139 -0.0039 0.0002 100.0 518.67 642.13 1588.71 1398.62 14.62 21.61 553.22 2388.07 9064.67 1.30 47.23 521.70 2388.08 8147.25 8.4271 0.03 393 2388 100.00 39.03 23.3650  
10 140 0.0012 0.0004 100.0 518.67 642.77 1587.24 1404.24 14.62 21.61 554.18 2388.06 9061.54 1.30 47.50 522.31 2388.07 8140.30 8.4322 0.03 392 2388 100.00 38.83 23.2991  
10 141 -0.0026 -0.0003 100.0 518.67 642.71 1581.51 1403.74 14.62 21.61 554.28 2388.07 9066.81 1.30 47.36 521.84 2388.10 8153.43 8.4452 0.03 393 2388 100.00 38.93 23.2287  
10 142 0.0023 0.0003 100.0 518.67 642.73 1585.04 1409.85 14.62 21.61 553.99 2388.04 9066.22 1.30 47.42 521.59 2388.09 8144.49 8.4151 0.03 392 2388 100.00 39.19 23.3992  
10 143 -0.0042 0.0003 100.0 518.67 642.70 1589.44 1396.72 14.62 21.61 553.46 2388.06 9066.46 1.30 47.33 521.63 2388.06 8140.76 8.3714 0.03 392 2388 100.00 38.92 23.3964  
10 144 -0.0021 -0.0002 100.0 518.67 642.06 1588.22 1408.86 14.62 21.61 553.87 2388.13 9064.70 1.30 47.24 521.68 2388.07 8142.36 8.4367 0.03 393 2388 100.00 38.90 23.3516  
10 145 0.0013 0.0005 100.0 518.67 641.86 1594.02 1405.49 14.62 21.61 553.08 2388.02 9061.74 1.30 47.25 521.86 2388.08 8145.63 8.4073 0.03 394 2388 100.00 38.86 23.3025  
10 146 0.0033 0.0003 100.0 518.67 642.52 1590.73 1402.77 14.62 21.61 554.35 2388.10 9063.19 1.30 47.48 521.82 2388.07 8141.56 8.4293 0.03 393 2388 100.00 39.00 23.2802  
10 147 0.0021 0.0002 100.0 518.67 642.20 1587.83 1406.56 14.62 21.61 553.66 2388.16 9061.32 1.30 47.34 521.91 2388.10 8146.61 8.3949 0.03 393 2388 100.00 38.87 23.2720  
10 148 0.0007 -0.0003 100.0 518.67 642.71 1589.59 1405.34 14.62 21.61 553.95 2388.06 9060.62 1.30 47.50 521.46 2388.07 8146.18 8.4193 0.03 394 2388 100.00 39.01 23.2474  
10 149 0.0018 -0.0004 100.0 518.67 642.25 1583.78 1412.16 14.62 21.61 553.25 2388.04 9072.53 1.30 47.40 521.75 2388.03 8151.69 8.4226 0.03 392 2388 100.00 39.01 23.3276  
10 150 0.0006 -0.0000 100.0 518.67 642.04 1585.10 1404.69 14.62 21.61 553.27 2388.09 9062.79 1.30 47.14 521.96 2388.01 8147.20 8.4132 0.03 392 2388 100.00 38.90 23.3295  
10 151 0.0035 -0.0000 100.0 518.67 642.24 1585.86 1404.88 14.62 21.61 553.78 2388.06 9069.16 1.30 47.44 521.09 2388.07 8144.22 8.4209 0.03 393 2388 100.00 38.79 23.4082  
10 152 0.0008 0.0004 100.0 518.67 643.25 1588.78 1405.32 14.62 21.61 553.65 2388.06 9067.22 1.30 47.46 521.32 2388.06 8146.46 8.4394 0.03 391 2388 100.00 38.76 23.3469  
10 153 0.0035 -0.0000 100.0 518.67 641.89 1582.10 1405.50 14.62 21.61 553.75 2388.11 9072.54 1.30 47.39 521.59 2388.01 8149.01 8.4277 0.03 393 2388 100.00 38.74 23.2773  
10 154 -0.0026 0.0000 100.0 518.67 642.02 1581.45 1402.71 14.62 21.61 554.41 2388.03 9076.69 1.30 47.52 521.92 2388.07 8146.31 8.4130 0.03 391 2388 100.00 38.94 23.2698  
10 155 -0.0059 -0.0003 100.0 518.67 642.79 1583.61 1408.72 14.62 21.61 553.47 2388.04 9065.61 1.30 47.54 521.11 2388.05 8150.01 8.3938 0.03 395 2388 100.00 38.79 23.3395  
10 156 -0.0024 0.0005 100.0 518.67 642.78 1595.17 1407.74 14.62 21.61 552.67 2388.04 9064.99 1.30 47.42 521.56 2388.07 8145.59 8.4413 0.03 392 2388 100.00 38.73 23.3170  
10 157 0.0023 0.0003 100.0 518.67 642.53 1589.43 1416.64 14.62 21.61 553.41 2388.09 9076.68 1.30 47.46 521.88 2388.03 8151.43 8.4690 0.03 394 2388 100.00 38.95 23.3590  
10 158 -0.0018 0.0002 100.0 518.67 643.13 1588.54 1408.22 14.62 21.61 552.72 2388.06 9071.61 1.30 47.72 521.22 2388.09 8147.55 8.3800 0.03 395 2388 100.00 38.72 23.3428  
10 159 -0.0020 0.0001 100.0 518.67 642.89 1583.15 1402.67 14.62 21.61 553.40 2388.09 9069.98 1.30 47.58 521.42 2388.08 8146.04 8.4525 0.03 394 2388 100.00 38.94 23.2766  
10 160 0.0030 -0.0004 100.0 518.67 642.65 1590.58 1413.52 14.62 21.61 553.69 2388.11 9071.70 1.30 47.64 521.65 2388.05 8152.16 8.4452 0.03 392 2388 100.00 38.75 23.3410  
10 161 -0.0000 0.0001 100.0 518.67 642.56 1589.92 1407.85 14.62 21.61 553.41 2388.10 9072.86 1.30 47.49 521.38 2388.08 8147.83 8.4318 0.03 393 2388 100.00 38.93 23.4176  
10 162 -0.0023 -0.0001 100.0 518.67 642.90 1592.33 1402.84 14.62 21.61 553.92 2388.08 9069.79 1.30 47.65 521.46 2388.11 8153.98 8.4198 0.03 394 2388 100.00 38.89 23.3038  
10 163 -0.0005 0.0003 100.0 518.67 642.90 1588.41 1408.02 14.62 21.61 553.58 2388.09 9071.34 1.30 47.59 521.69 2388.14 8148.23 8.4272 0.03 394 2388 100.00 38.67 23.2768  
10 164 0.0009 -0.0003 100.0 518.67 643.22 1590.27 1410.26 14.62 21.61 553.41 2388.12 9074.86 1.30 47.58 521.06 2388.06 8150.60 8.4720 0.03 394 2388 100.00 38.66 23.3359  
10 165 -0.0033 -0.0004 100.0 518.67 642.72 1577.39 1404.07 14.62 21.61 553.15 2388.07 9070.38 1.30 47.75 521.27 2388.07 8149.96 8.4232 0.03 392 2388 100.00 38.93 23.3933  
10 166 0.0033 0.0000 100.0 518.67 643.41 1589.38 1414.65 14.62 21.61 553.55 2388.09 9074.80 1.30 47.52 521.37 2388.09 8148.32 8.4905 0.03 394 2388 100.00 38.89 23.2987  
10 167 -0.0005 -0.0004 100.0 518.67 642.85 1593.63 1407.49 14.62 21.61 553.53 2388.05 9076.41 1.30 47.69 521.16 2388.11 8150.10 8.4490 0.03 392 2388 100.00 38.82 23.1952  
10 168 0.0011 0.0004 100.0 518.67 642.85 1593.11 1405.85 14.62 21.61 553.00 2388.06 9070.01 1.30 47.63 521.56 2388.02 8157.27 8.4502 0.03 392 2388 100.00 38.83 23.2959  
10 169 0.0018 -0.0001 100.0 518.67 642.54 1600.91 1414.28 14.62 21.61 553.93 2388.09 9078.46 1.30 47.54 521.03 2388.07 8149.56 8.4788 0.03 393 2388 100.00 38.91 23.2665  
10 170 0.0004 0.0002 100.0 518.67 642.53 1592.71 1415.82 14.62 21.61 553.90 2388.11 9071.54 1.30 47.68 521.41 2388.07 8145.26 8.4789 0.03 394 2388 100.00 38.79 23.3488  
10 171 0.0020 -0.0004 100.0 518.67 642.50 1597.58 1413.44 14.62 21.61 553.70 2388.01 9067.38 1.30 47.58 521.55 2388.11 8152.38 8.4055 0.03 392 2388 100.00 38.88 23.3681  
10 172 0.0001 -0.0002 100.0 518.67 642.90 1592.19 1414.09 14.62 21.61 553.12 2388.08 9083.27 1.30 47.49 521.11 2388.11 8156.42 8.4514 0.03 393 2388 100.00 38.80 23.2291  
10 173 -0.0016 0.0005 100.0 518.67 642.74 1583.96 1414.52 14.62 21.61 552.65 2388.05 9072.45 1.30 47.55 520.94 2388.07 8154.03 8.4217 0.03 396 2388 100.00 38.80 23.3128  
10 174 0.0019 0.0002 100.0 518.67 642.68 1586.97 1409.50 14.62 21.61 553.71 2388.09 9082.58 1.30 47.63 521.22 2388.10 8151.62 8.4412 0.03 394 2388 100.00 38.78 23.2552  
10 175 0.0029 0.0001 100.0 518.67 642.78 1593.26 1412.11 14.62 21.61 552.42 2388.13 9075.74 1.30 47.74 521.01 2388.10 8150.00 8.4548 0.03 393 2388 100.00 38.67 23.2985  
10 176 0.0013 -0.0001 100.0 518.67 643.27 1596.38 1406.76 14.62 21.61 553.49 2388.11 9087.33 1.30 47.36 520.98 2388.11 8156.00 8.4562 0.03 394 2388 100.00 38.67 23.2596  
10 177 0.0019 -0.0002 100.0 518.67 642.98 1586.66 1414.12 14.62 21.61 552.47 2388.11 9075.33 1.30 47.50 521.37 2388.01 8152.49 8.4152 0.03 395 2388 100.00 38.78 23.1925  
10 178 0.0018 -0.0003 100.0 518.67 642.93 1581.95 1415.57 14.62 21.61 553.46 2388.09 9075.51 1.30 47.63 520.90 2388.11 8161.47 8.4147 0.03 393 2388 100.00 38.72 23.3584  
10 179 -0.0018 0.0001 100.0 518.67 643.05 1589.76 1409.71 14.62 21.61 552.67 2388.11 9070.59 1.30 47.58 521.16 2388.06 8153.81 8.4452 0.03 393 2388 100.00 38.74 23.2796  
10 180 -0.0021 0.0003 100.0 518.67 643.12 1583.34 1407.59 14.62 21.61 553.65 2388.11 9072.54 1.30 47.60 521.30 2388.16 8157.72 8.4777 0.03 394 2388 100.00 38.92 23.2615  
10 181 0.0027 0.0000 100.0 518.67 642.46 1594.21 1416.42 14.62 21.61 553.87 2388.14 9075.92 1.30 47.67 520.66 2388.13 8148.10 8.4533 0.03 394 2388 100.00 38.79 23.2998  
10 182 -0.0046 -0.0004 100.0 518.67 642.52 1590.76 1402.63 14.62 21.61 551.64 2388.12 9080.27 1.30 47.60 521.46 2388.09 8154.96 8.4713 0.03 394 2388 100.00 38.56 23.2454  
10 183 -0.0027 -0.0004 100.0 518.67 642.42 1594.60 1413.84 14.62 21.61 553.31 2388.11 9075.68 1.30 47.70 521.23 2388.15 8159.47 8.4669 0.03 393 2388 100.00 38.87 23.2024  
10 184 -0.0022 -0.0002 100.0 518.67 643.28 1590.97 1411.88 14.62 21.61 552.38 2388.12 9082.15 1.30 47.64 520.96 2388.10 8152.04 8.4488 0.03 392 2388 100.00 38.71 23.1587  
10 185 0.0026 -0.0003 100.0 518.67 643.29 1588.29 1409.21 14.62 21.61 553.49 2388.04 9076.04 1.30 47.76 521.26 2388.14 8153.39 8.4546 0.03 395 2388 100.00 38.82 23.1941  
10 186 -0.0026 -0.0001 100.0 518.67 642.89 1591.90 1418.86 14.62 21.61 553.36 2388.07 9078.33 1.30 47.67 521.33 2388.11 8158.02 8.4693 0.03 394 2388 100.00 38.66 23.2836  
10 187 0.0004 -0.0004 100.0 518.67 643.45 1596.16 1411.57 14.62 21.61 552.18 2388.06 9086.87 1.30 47.66 520.92 2388.13 8159.82 8.4521 0.03 395 2388 100.00 38.68 23.1507  
10 188 0.0005 0.0001 100.0 518.67 642.95 1590.16 1415.61 14.62 21.61 553.15 2388.10 9079.27 1.30 47.76 520.76 2388.14 8155.74 8.4842 0.03 395 2388 100.00 38.71 23.2227  
10 189 -0.0032 0.0003 100.0 518.67 643.62 1587.92 1409.61 14.62 21.61 552.27 2388.07 9080.70 1.30 47.55 520.55 2388.11 8160.84 8.4361 0.03 394 2388 100.00 38.69 23.2579  
10 190 -0.0000 -0.0003 100.0 518.67 643.61 1589.45 1422.12 14.62 21.61 552.72 2388.14 9086.03 1.30 47.66 520.36 2388.10 8160.62 8.4489 0.03 393 2388 100.00 38.66 23.2405  
10 191 -0.0010 0.0000 100.0 518.67 642.89 1584.80 1413.63 14.62 21.61 553.26 2388.14 9082.74 1.30 47.89 520.82 2388.06 8157.64 8.4584 0.03 395 2388 100.00 38.78 23.2666  
10 192 0.0005 -0.0003 100.0 518.67 642.54 1598.01 1413.05 14.62 21.61 552.89 2388.12 9089.05 1.30 47.87 520.77 2388.11 8169.25 8.4334 0.03 394 2388 100.00 38.51 23.2210  
10 193 -0.0026 0.0002 100.0 518.67 643.83 1597.95 1416.85 14.62 21.61 552.75 2388.16 9081.41 1.30 47.95 520.99 2388.12 8161.13 8.4283 0.03 394 2388 100.00 38.76 23.1036  
10 194 0.0007 0.0005 100.0 518.67 643.56 1601.80 1415.76 14.62 21.61 552.45 2388.10 9090.98 1.30 47.75 520.46 2388.16 8156.65 8.4773 0.03 396 2388 100.00 38.74 23.1346  
10 195 -0.0006 -0.0004 100.0 518.67 642.87 1591.89 1418.29 14.62 21.61 552.44 2388.15 9099.40 1.30 47.82 520.46 2388.11 8169.25 8.4724 0.03 394 2388 100.00 38.90 23.2763  
10 196 0.0002 -0.0002 100.0 518.67 643.37 1595.69 1415.41 14.62 21.61 552.72 2388.12 9087.80 1.30 47.88 520.10 2388.07 8167.99 8.4474 0.03 395 2388 100.00 38.64 23.2171  
10 197 -0.0002 0.0002 100.0 518.67 642.87 1598.65 1416.91 14.62 21.61 553.45 2388.08 9096.61 1.30 47.86 520.62 2388.12 8165.24 8.4712 0.03 394 2388 100.00 38.64 23.2308  
10 198 -0.0028 0.0003 100.0 518.67 642.91 1597.97 1413.88 14.62 21.61 552.90 2388.18 9090.02 1.30 47.95 520.96 2388.16 8162.94 8.4608 0.03 395 2388 100.00 38.65 23.1398  
10 199 -0.0024 -0.0004 100.0 518.67 642.94 1592.83 1418.63 14.62 21.61 552.79 2388.09 9090.05 1.30 47.67 520.35 2388.11 8164.78 8.4540 0.03 394 2388 100.00 38.53 23.1722  
10 200 -0.0003 0.0001 100.0 518.67 642.72 1600.86 1424.28 14.62 21.61 552.86 2388.16 9090.00 1.30 47.91 520.68 2388.17 8166.02 8.4866 0.03 397 2388 100.00 38.66 23.1687  
10 201 0.0014 -0.0004 100.0 518.67 643.42 1593.06 1417.62 14.62 21.61 552.70 2388.14 9090.43 1.30 47.71 520.55 2388.18 8164.14 8.4804 0.03 394 2388 100.00 38.80 23.1797  
10 202 0.0033 0.0003 100.0 518.67 643.03 1597.33 1419.00 14.62 21.61 551.74 2388.14 9087.48 1.30 47.89 520.89 2388.14 8163.80 8.4989 0.03 394 2388 100.00 38.56 23.2298  
10 203 0.0028 -0.0001 100.0 518.67 643.63 1599.49 1422.41 14.62 21.61 551.85 2388.15 9093.21 1.30 48.13 520.72 2388.17 8164.04 8.4695 0.03 394 2388 100.00 38.65 23.2638  
10 204 0.0007 -0.0003 100.0 518.67 643.35 1590.73 1420.54 14.62 21.61 552.39 2388.16 9096.36 1.30 47.86 520.35 2388.17 8160.50 8.5224 0.03 396 2388 100.00 38.68 23.0884  
10 205 0.0012 -0.0000 100.0 518.67 643.31 1594.27 1421.80 14.62 21.61 552.20 2388.17 9097.70 1.30 47.88 520.63 2388.18 8172.42 8.4756 0.03 394 2388 100.00 38.68 23.2222  
10 206 0.0028 -0.0001 100.0 518.67 643.71 1594.82 1417.02 14.62 21.61 552.09 2388.14 9096.83 1.30 47.88 520.30 2388.21 8167.10 8.5098 0.03 394 2388 100.00 38.70 23.1211  
10 207 -0.0003 0.0004 100.0 518.67 643.78 1594.05 1422.45 14.62 21.61 552.49 2388.15 9098.55 1.30 47.86 520.30 2388.11 8164.65 8.4876 0.03 395 2388 100.00 38.63 23.2049  
10 208 0.0063 -0.0001 100.0 518.67 643.28 1593.10 1418.13 14.62 21.61 552.12 2388.21 9100.10 1.30 47.98 520.09 2388.20 8171.64 8.4850 0.03 396 2388 100.00 38.54 23.3365  
10 209 -0.0012 0.0000 100.0 518.67 643.61 1597.31 1413.32 14.62 21.61 552.65 2388.11 9102.72 1.30 47.71 520.71 2388.12 8168.44 8.4990 0.03 395 2388 100.00 38.57 23.1480  
10 210 -0.0007 0.0001 100.0 518.67 643.65 1595.00 1415.11 14.62 21.61 551.86 2388.09 9103.86 1.30 47.89 520.18 2388.14 8175.98 8.5020 0.03 396 2388 100.00 38.45 23.0745  
10 211 -0.0016 0.0002 100.0 518.67 643.47 1597.16 1419.52 14.62 21.61 552.10 2388.19 9105.75 1.30 48.06 520.81 2388.12 8172.44 8.4530 0.03 395 2388 100.00 38.42 23.2101  
10 212 0.0017 -0.0001 100.0 518.67 643.39 1601.69 1417.97 14.62 21.61 552.70 2388.17 9101.86 1.30 47.85 520.66 2388.13 8172.54 8.5234 0.03 397 2388 100.00 38.48 23.1374  
10 213 -0.0012 -0.0002 100.0 518.67 643.87 1613.62 1422.53 14.62 21.61 552.14 2388.18 9108.91 1.30 48.10 520.09 2388.14 8170.70 8.4907 0.03 396 2388 100.00 38.40 23.1233  
10 214 -0.0021 -0.0002 100.0 518.67 643.40 1599.62 1427.82 14.62 21.61 552.02 2388.14 9109.36 1.30 47.89 519.95 2388.16 8179.78 8.4933 0.03 394 2388 100.00 38.41 22.9937  
10 215 -0.0037 0.0002 100.0 518.67 643.01 1600.31 1429.10 14.62 21.61 552.17 2388.17 9102.92 1.30 47.90 519.60 2388.16 8174.12 8.5234 0.03 395 2388 100.00 38.68 23.0892  
10 216 -0.0008 -0.0002 100.0 518.67 643.36 1602.14 1424.69 14.62 21.61 552.12 2388.20 9104.77 1.30 47.91 520.33 2388.18 8179.96 8.5054 0.03 397 2388 100.00 38.59 23.1391  
10 217 0.0016 -0.0001 100.0 518.67 644.35 1603.77 1423.45 14.62 21.61 551.76 2388.23 9114.19 1.30 48.03 520.15 2388.16 8172.08 8.5260 0.03 395 2388 100.00 38.42 23.1359  
10 218 -0.0029 0.0004 100.0 518.67 643.70 1598.64 1426.21 14.62 21.61 551.45 2388.16 9108.30 1.30 48.09 520.23 2388.22 8173.14 8.4954 0.03 395 2388 100.00 38.47 23.1209  
10 219 -0.0018 0.0004 100.0 518.67 643.46 1603.54 1424.54 14.62 21.61 552.03 2388.15 9113.40 1.30 48.06 519.83 2388.23 8177.31 8.5230 0.03 396 2388 100.00 38.48 23.2340  
10 220 -0.0013 0.0002 100.0 518.67 643.46 1604.91 1422.76 14.62 21.61 551.73 2388.25 9115.15 1.30 47.95 520.23 2388.25 8181.11 8.5182 0.03 396 2388 100.00 38.53 23.2187  
10 221 0.0005 -0.0001 100.0 518.67 644.09 1604.40 1432.13 14.62 21.61 551.77 2388.23 9110.37 1.30 48.08 519.22 2388.19 8183.38 8.5312 0.03 395 2388 100.00 38.22 23.1596  
10 222 0.0002 -0.0003 100.0 518.67 643.66 1599.18 1436.29 14.62 21.61 552.70 2388.22 9115.44 1.30 48.09 520.02 2388.16 8183.55 8.5159 0.03 398 2388 100.00 38.51 23.1434  
11 1 0.0005 -0.0003 100.0 518.67 642.20 1585.65 1395.39 14.62 21.61 554.78 2388.05 9051.83 1.30 47.13 522.29 2387.97 8135.27 8.3935 0.03 392 2388 100.00 39.03 23.4919  
11 2 0.0001 -0.0005 100.0 518.67 641.81 1585.63 1389.78 14.62 21.60 554.63 2388.01 9058.18 1.30 47.18 522.33 2388.04 8138.28 8.3643 0.03 391 2388 100.00 39.12 23.4647  
11 3 -0.0014 -0.0005 100.0 518.67 642.05 1587.83 1392.21 14.62 21.61 554.48 2388.01 9046.18 1.30 47.46 522.31 2388.03 8137.34 8.3758 0.03 392 2388 100.00 39.16 23.3271  
11 4 -0.0002 0.0002 100.0 518.67 642.19 1577.40 1394.48 14.62 21.60 554.07 2388.05 9054.67 1.30 47.26 521.69 2388.03 8133.88 8.3784 0.03 391 2388 100.00 39.06 23.4017  
11 5 -0.0008 0.0002 100.0 518.67 642.32 1578.17 1398.36 14.62 21.61 554.73 2388.02 9055.87 1.30 47.15 522.56 2388.00 8135.92 8.4056 0.03 391 2388 100.00 38.98 23.3377  
11 6 0.0016 0.0002 100.0 518.67 641.88 1587.32 1398.81 14.62 21.61 554.49 2387.98 9056.33 1.30 47.11 522.60 2388.07 8140.17 8.3960 0.03 392 2388 100.00 38.99 23.4387  
11 7 0.0007 -0.0001 100.0 518.67 642.43 1586.23 1400.55 14.62 21.61 553.98 2388.03 9050.13 1.30 47.12 522.38 2388.04 8139.40 8.3946 0.03 391 2388 100.00 38.97 23.4719  
11 8 -0.0015 -0.0003 100.0 518.67 642.21 1586.81 1400.84 14.62 21.61 554.46 2388.04 9051.00 1.30 47.02 522.67 2388.05 8140.49 8.4047 0.03 391 2388 100.00 39.18 23.4220  
11 9 0.0004 -0.0004 100.0 518.67 641.85 1587.66 1400.39 14.62 21.60 554.83 2388.01 9053.69 1.30 47.29 522.49 2388.03 8139.79 8.3542 0.03 392 2388 100.00 38.93 23.4871  
11 10 0.0016 -0.0003 100.0 518.67 641.71 1580.18 1399.96 14.62 21.61 554.29 2388.06 9054.77 1.30 47.21 521.98 2387.94 8135.35 8.3836 0.03 390 2388 100.00 38.93 23.3689  
11 11 -0.0020 0.0004 100.0 518.67 642.69 1589.05 1403.40 14.62 21.61 553.97 2388.06 9053.65 1.30 47.17 522.38 2387.98 8135.99 8.4111 0.03 391 2388 100.00 38.92 23.4216  
11 12 0.0001 0.0003 100.0 518.67 642.24 1581.53 1398.40 14.62 21.61 554.93 2388.00 9051.17 1.30 47.14 521.77 2388.00 8141.64 8.4222 0.03 391 2388 100.00 39.11 23.4267  
11 13 -0.0001 -0.0001 100.0 518.67 642.53 1582.63 1400.43 14.62 21.60 554.63 2387.98 9051.66 1.30 47.27 522.10 2388.04 8139.41 8.3639 0.03 392 2388 100.00 39.15 23.4336  
11 14 0.0001 0.0001 100.0 518.67 642.27 1589.27 1391.25 14.62 21.60 554.02 2388.01 9052.24 1.30 47.22 522.44 2387.99 8134.63 8.3427 0.03 394 2388 100.00 39.00 23.3445  
11 15 -0.0003 -0.0001 100.0 518.67 642.61 1582.40 1406.64 14.62 21.61 554.31 2388.07 9049.20 1.30 47.28 522.36 2387.98 8131.09 8.3758 0.03 392 2388 100.00 39.05 23.2728  
11 16 0.0030 -0.0000 100.0 518.67 642.51 1591.74 1400.99 14.62 21.61 554.38 2388.04 9054.00 1.30 47.23 521.95 2388.02 8138.06 8.4237 0.03 391 2388 100.00 39.01 23.4991  
11 17 -0.0003 -0.0003 100.0 518.67 641.61 1586.20 1397.70 14.62 21.61 554.39 2388.02 9062.16 1.30 47.26 522.45 2388.02 8133.82 8.4331 0.03 390 2388 100.00 38.89 23.3643  
11 18 0.0012 -0.0005 100.0 518.67 641.92 1587.52 1394.40 14.62 21.61 554.03 2388.03 9051.61 1.30 47.28 522.14 2388.00 8135.83 8.3920 0.03 392 2388 100.00 38.98 23.4803  
11 19 0.0019 0.0001 100.0 518.67 642.79 1582.29 1395.37 14.62 21.61 554.79 2387.96 9053.31 1.30 47.17 522.76 2388.02 8140.49 8.3984 0.03 392 2388 100.00 39.03 23.4238  
11 20 -0.0023 0.0002 100.0 518.67 642.35 1593.36 1398.75 14.62 21.60 554.19 2388.03 9051.23 1.30 47.21 522.13 2388.00 8138.25 8.3675 0.03 393 2388 100.00 39.03 23.3962  
11 21 -0.0005 0.0002 100.0 518.67 642.44 1583.42 1391.13 14.62 21.61 554.51 2388.06 9049.83 1.30 47.21 522.54 2388.01 8136.20 8.3857 0.03 392 2388 100.00 39.01 23.4342  
11 22 0.0011 0.0001 100.0 518.67 642.08 1581.85 1402.40 14.62 21.61 553.57 2388.05 9051.46 1.30 47.28 522.71 2388.07 8141.33 8.3772 0.03 391 2388 100.00 38.99 23.4564  
11 23 0.0021 -0.0003 100.0 518.67 642.25 1580.18 1399.86 14.62 21.61 554.03 2388.03 9063.79 1.30 47.24 522.05 2387.96 8140.89 8.4163 0.03 392 2388 100.00 38.70 23.3861  
11 24 0.0005 0.0002 100.0 518.67 642.15 1583.63 1400.31 14.62 21.61 554.11 2388.02 9057.68 1.30 47.15 522.10 2388.01 8142.70 8.4124 0.03 392 2388 100.00 39.02 23.4246  
11 25 0.0014 -0.0004 100.0 518.67 641.73 1580.23 1403.54 14.62 21.61 555.36 2388.05 9055.87 1.30 47.30 522.64 2387.99 8137.69 8.3910 0.03 394 2388 100.00 38.73 23.2720  
11 26 -0.0026 0.0003 100.0 518.67 642.09 1579.34 1396.14 14.62 21.61 554.32 2388.06 9061.19 1.30 47.29 522.42 2388.01 8137.96 8.3937 0.03 391 2388 100.00 38.84 23.2838  
11 27 0.0023 -0.0003 100.0 518.67 642.13 1588.96 1400.06 14.62 21.61 554.01 2388.01 9050.54 1.30 47.30 522.09 2388.05 8137.91 8.4127 0.03 393 2388 100.00 38.79 23.4566  
11 28 0.0015 -0.0002 100.0 518.67 642.22 1576.29 1402.92 14.62 21.61 555.28 2388.05 9045.34 1.30 47.34 522.32 2387.98 8137.94 8.4136 0.03 390 2388 100.00 38.94 23.4501  
11 29 0.0009 -0.0001 100.0 518.67 642.10 1582.76 1397.34 14.62 21.61 555.31 2388.04 9055.78 1.30 47.24 522.47 2387.98 8140.71 8.3926 0.03 392 2388 100.00 38.85 23.4664  
11 30 0.0004 -0.0003 100.0 518.67 642.01 1582.15 1400.58 14.62 21.61 553.93 2388.00 9045.93 1.30 47.33 522.85 2388.03 8132.18 8.4034 0.03 390 2388 100.00 38.89 23.5179  
11 31 0.0013 0.0004 100.0 518.67 642.22 1591.95 1390.69 14.62 21.61 553.69 2388.03 9050.34 1.30 47.22 522.20 2387.95 8144.50 8.4041 0.03 393 2388 100.00 39.09 23.4137  
11 32 -0.0001 -0.0004 100.0 518.67 641.69 1580.75 1401.48 14.62 21.61 554.41 2387.97 9061.06 1.30 47.34 522.05 2388.06 8136.73 8.4134 0.03 393 2388 100.00 38.96 23.3978  
11 33 -0.0032 0.0003 100.0 518.67 641.98 1584.74 1394.85 14.62 21.61 554.38 2387.99 9050.64 1.30 47.21 522.54 2388.05 8140.03 8.4162 0.03 390 2388 100.00 38.89 23.4365  
11 34 0.0004 -0.0001 100.0 518.67 642.91 1588.67 1396.78 14.62 21.61 554.29 2388.03 9052.25 1.30 47.20 522.66 2388.01 8139.82 8.3959 0.03 391 2388 100.00 38.97 23.4385  
11 35 -0.0003 -0.0005 100.0 518.67 642.19 1587.71 1402.56 14.62 21.60 554.35 2388.00 9049.16 1.30 47.15 522.64 2387.96 8133.98 8.4455 0.03 392 2388 100.00 39.14 23.4400  
11 36 0.0001 -0.0005 100.0 518.67 641.99 1586.40 1397.55 14.62 21.61 553.86 2388.02 9055.09 1.30 47.24 521.79 2388.02 8136.82 8.3880 0.03 392 2388 100.00 38.96 23.3295  
11 37 -0.0006 0.0001 100.0 518.67 642.18 1582.02 1392.64 14.62 21.61 554.52 2388.06 9052.78 1.30 47.16 522.52 2388.07 8136.00 8.4105 0.03 392 2388 100.00 38.96 23.3884  
11 38 -0.0019 0.0004 100.0 518.67 642.18 1584.35 1395.71 14.62 21.61 553.90 2387.96 9056.28 1.30 47.11 522.54 2388.04 8134.16 8.3874 0.03 393 2388 100.00 39.00 23.4518  
11 39 0.0024 -0.0000 100.0 518.67 642.73 1581.90 1398.09 14.62 21.60 554.90 2388.04 9044.26 1.30 47.18 522.18 2388.07 8140.96 8.4254 0.03 392 2388 100.00 39.21 23.4269  
11 40 0.0022 -0.0001 100.0 518.67 642.26 1584.31 1400.42 14.62 21.61 554.78 2388.03 9050.94 1.30 47.39 522.45 2388.05 8137.52 8.4039 0.03 391 2388 100.00 38.85 23.4185  
11 41 0.0012 0.0002 100.0 518.67 641.62 1584.46 1397.41 14.62 21.61 554.26 2388.03 9055.59 1.30 47.28 522.26 2388.01 8138.82 8.3796 0.03 392 2388 100.00 39.01 23.4146  
11 42 0.0026 0.0001 100.0 518.67 641.41 1588.62 1400.52 14.62 21.61 553.96 2388.06 9058.15 1.30 47.24 521.81 2388.03 8140.79 8.4085 0.03 392 2388 100.00 38.96 23.3637  
11 43 -0.0003 -0.0005 100.0 518.67 642.38 1582.06 1399.23 14.62 21.60 553.95 2388.03 9049.98 1.30 47.18 522.15 2388.05 8134.42 8.3586 0.03 392 2388 100.00 39.02 23.4501  
11 44 -0.0037 -0.0000 100.0 518.67 642.22 1581.61 1405.46 14.62 21.61 554.34 2388.02 9056.38 1.30 47.17 522.52 2388.03 8132.99 8.4236 0.03 391 2388 100.00 39.09 23.4477  
11 45 0.0011 0.0002 100.0 518.67 642.13 1576.17 1391.03 14.62 21.61 554.41 2388.08 9050.58 1.30 47.10 522.29 2388.01 8135.34 8.3950 0.03 392 2388 100.00 39.18 23.4272  
11 46 0.0011 -0.0003 100.0 518.67 641.70 1581.50 1398.47 14.62 21.61 554.16 2387.96 9061.71 1.30 47.17 522.26 2387.98 8137.83 8.4173 0.03 392 2388 100.00 39.04 23.5197  
11 47 -0.0018 -0.0003 100.0 518.67 642.39 1587.17 1397.92 14.62 21.61 554.21 2388.04 9055.24 1.30 47.19 522.34 2388.03 8135.60 8.4126 0.03 393 2388 100.00 38.95 23.3655  
11 48 -0.0031 0.0000 100.0 518.67 642.43 1589.74 1400.98 14.62 21.61 554.35 2388.01 9056.68 1.30 47.32 521.97 2388.01 8138.82 8.3858 0.03 393 2388 100.00 39.12 23.4260  
11 49 -0.0016 -0.0002 100.0 518.67 641.96 1575.00 1399.38 14.62 21.61 554.37 2388.02 9055.62 1.30 47.27 522.86 2388.05 8135.44 8.4135 0.03 393 2388 100.00 38.98 23.4770  
11 50 0.0022 -0.0004 100.0 518.67 642.27 1571.84 1403.60 14.62 21.61 553.75 2388.04 9060.87 1.30 47.20 521.92 2388.04 8143.91 8.4526 0.03 390 2388 100.00 39.09 23.4715  
11 51 0.0014 -0.0004 100.0 518.67 642.34 1584.54 1398.17 14.62 21.61 554.69 2388.01 9058.91 1.30 47.25 522.38 2388.03 8139.98 8.4220 0.03 390 2388 100.00 39.00 23.3789  
11 52 -0.0012 0.0004 100.0 518.67 642.46 1583.06 1403.83 14.62 21.61 555.18 2388.03 9047.21 1.30 47.17 522.66 2388.06 8142.49 8.3852 0.03 392 2388 100.00 38.99 23.4803  
11 53 0.0005 0.0002 100.0 518.67 642.49 1583.43 1392.95 14.62 21.61 555.13 2388.04 9053.36 1.30 47.20 522.59 2388.04 8140.34 8.4087 0.03 392 2388 100.00 39.10 23.3581  
11 54 -0.0006 -0.0005 100.0 518.67 642.36 1589.87 1394.84 14.62 21.61 554.59 2388.03 9054.95 1.30 47.23 522.00 2387.99 8142.01 8.4052 0.03 391 2388 100.00 39.02 23.4614  
11 55 -0.0031 0.0004 100.0 518.67 642.11 1587.89 1391.51 14.62 21.61 554.04 2388.07 9057.67 1.30 47.24 521.96 2388.03 8138.80 8.4011 0.03 392 2388 100.00 39.01 23.4166  
11 56 -0.0049 -0.0005 100.0 518.67 642.70 1584.42 1400.18 14.62 21.61 554.38 2388.05 9050.18 1.30 47.27 521.92 2388.06 8134.67 8.3797 0.03 392 2388 100.00 39.09 23.3369  
11 57 -0.0029 -0.0004 100.0 518.67 642.08 1584.82 1402.39 14.62 21.61 554.60 2388.00 9052.35 1.30 47.31 522.42 2388.01 8143.05 8.3852 0.03 392 2388 100.00 39.01 23.5788  
11 58 0.0029 -0.0002 100.0 518.67 641.79 1581.77 1405.30 14.62 21.61 554.61 2388.04 9051.44 1.30 47.36 522.19 2388.03 8139.04 8.3997 0.03 391 2388 100.00 39.09 23.3010  
11 59 -0.0038 -0.0003 100.0 518.67 642.45 1585.68 1405.20 14.62 21.61 555.21 2388.06 9053.24 1.30 47.17 522.11 2387.98 8139.68 8.4084 0.03 392 2388 100.00 38.87 23.3353  
11 60 -0.0029 0.0004 100.0 518.67 642.11 1585.22 1398.27 14.62 21.61 554.13 2387.97 9062.20 1.30 47.36 522.27 2388.04 8139.74 8.3992 0.03 393 2388 100.00 38.98 23.2988  
11 61 -0.0018 0.0004 100.0 518.67 642.06 1595.45 1399.97 14.62 21.61 553.83 2388.01 9053.92 1.30 47.09 522.31 2388.00 8138.19 8.4256 0.03 392 2388 100.00 39.05 23.5049  
11 62 0.0017 -0.0004 100.0 518.67 642.00 1586.58 1398.58 14.62 21.61 555.30 2387.96 9052.48 1.30 47.17 522.26 2388.00 8143.93 8.4093 0.03 391 2388 100.00 38.83 23.3500  
11 63 0.0025 0.0003 100.0 518.67 641.98 1585.86 1393.16 14.62 21.61 554.07 2388.02 9055.39 1.30 47.31 522.02 2388.00 8137.57 8.3898 0.03 392 2388 100.00 39.09 23.4401  
11 64 0.0002 -0.0003 100.0 518.67 641.97 1584.22 1398.68 14.62 21.61 555.04 2387.97 9050.78 1.30 47.37 522.12 2388.01 8138.86 8.3873 0.03 391 2388 100.00 39.04 23.2613  
11 65 -0.0008 0.0004 100.0 518.67 642.43 1588.24 1398.46 14.62 21.61 554.11 2388.07 9057.54 1.30 47.31 522.41 2388.05 8138.34 8.3914 0.03 391 2388 100.00 38.79 23.3453  
11 66 0.0031 0.0002 100.0 518.67 642.72 1588.41 1397.40 14.62 21.61 554.47 2388.05 9060.31 1.30 47.19 522.14 2387.98 8139.93 8.3816 0.03 392 2388 100.00 39.12 23.4133  
11 67 -0.0001 0.0002 100.0 518.67 642.30 1585.26 1394.41 14.62 21.61 555.33 2387.96 9061.18 1.30 47.40 522.62 2388.07 8143.57 8.3935 0.03 391 2388 100.00 38.99 23.3399  
11 68 0.0003 0.0000 100.0 518.67 642.23 1583.28 1403.57 14.62 21.61 554.36 2388.04 9057.44 1.30 47.24 522.27 2388.02 8141.13 8.4065 0.03 391 2388 100.00 38.92 23.3509  
11 69 0.0017 0.0001 100.0 518.67 642.24 1586.27 1400.55 14.62 21.61 554.23 2388.02 9049.58 1.30 47.28 522.23 2388.09 8141.14 8.4009 0.03 392 2388 100.00 38.86 23.4610  
11 70 -0.0006 -0.0004 100.0 518.67 642.34 1580.13 1401.56 14.62 21.61 554.11 2387.98 9050.03 1.30 47.26 522.12 2388.01 8147.07 8.4101 0.03 393 2388 100.00 38.89 23.3699  
11 71 -0.0010 0.0001 100.0 518.67 642.57 1586.20 1394.86 14.62 21.61 554.99 2388.02 9055.94 1.30 47.40 521.88 2388.02 8138.34 8.4211 0.03 391 2388 100.00 39.10 23.4454  
11 72 -0.0039 -0.0002 100.0 518.67 642.32 1591.12 1400.38 14.62 21.61 553.96 2388.04 9057.21 1.30 47.17 522.00 2388.03 8144.22 8.4049 0.03 393 2388 100.00 38.80 23.3863  
11 73 -0.0036 0.0000 100.0 518.67 642.07 1584.11 1397.97 14.62 21.61 553.95 2387.95 9055.11 1.30 47.19 522.95 2388.03 8141.16 8.3978 0.03 392 2388 100.00 38.94 23.3674  
11 74 -0.0004 -0.0002 100.0 518.67 642.27 1585.03 1395.96 14.62 21.61 554.51 2388.01 9061.66 1.30 47.44 521.86 2388.03 8144.31 8.4120 0.03 392 2388 100.00 38.89 23.5082  
11 75 -0.0013 -0.0004 100.0 518.67 641.95 1580.27 1391.07 14.62 21.61 554.31 2388.00 9058.23 1.30 47.30 522.08 2388.04 8138.31 8.4128 0.03 392 2388 100.00 38.99 23.3972  
11 76 0.0018 -0.0001 100.0 518.67 642.07 1584.39 1403.10 14.62 21.61 553.78 2387.96 9058.95 1.30 47.25 521.79 2388.03 8139.11 8.4069 0.03 395 2388 100.00 38.96 23.3912  
11 77 0.0008 -0.0004 100.0 518.67 642.42 1589.24 1399.83 14.62 21.61 554.46 2388.02 9056.66 1.30 47.19 522.21 2387.94 8143.32 8.3871 0.03 391 2388 100.00 39.04 23.3700  
11 78 -0.0008 0.0002 100.0 518.67 642.00 1588.75 1396.85 14.62 21.61 553.93 2387.98 9058.16 1.30 47.32 522.56 2388.01 8136.36 8.3964 0.03 393 2388 100.00 39.03 23.3964  
11 79 -0.0011 0.0004 100.0 518.67 642.36 1582.83 1396.23 14.62 21.61 553.95 2388.02 9054.08 1.30 47.14 521.93 2388.07 8138.60 8.4250 0.03 392 2388 100.00 38.98 23.3147  
11 80 0.0007 0.0002 100.0 518.67 641.96 1590.13 1403.00 14.62 21.61 554.07 2388.01 9051.88 1.30 47.21 522.02 2387.98 8139.74 8.4361 0.03 392 2388 100.00 39.11 23.4930  
11 81 0.0002 -0.0001 100.0 518.67 642.54 1583.78 1401.14 14.62 21.61 554.80 2388.00 9055.11 1.30 47.09 522.27 2387.96 8135.51 8.4064 0.03 392 2388 100.00 39.00 23.3403  
11 82 -0.0016 -0.0003 100.0 518.67 642.37 1590.35 1394.27 14.62 21.61 554.19 2388.04 9056.42 1.30 47.07 522.42 2388.10 8136.87 8.4129 0.03 391 2388 100.00 38.95 23.3266  
11 83 0.0026 -0.0000 100.0 518.67 642.49 1590.06 1402.02 14.62 21.61 554.42 2388.00 9058.86 1.30 47.33 521.66 2388.00 8140.86 8.4200 0.03 393 2388 100.00 39.11 23.4632  
11 84 -0.0007 -0.0001 100.0 518.67 641.99 1590.02 1396.88 14.62 21.61 554.16 2388.02 9059.07 1.30 47.23 521.84 2388.02 8136.31 8.4424 0.03 393 2388 100.00 38.88 23.2796  
11 85 0.0011 -0.0001 100.0 518.67 642.63 1586.68 1396.96 14.62 21.61 554.29 2387.98 9063.45 1.30 47.24 522.44 2388.06 8140.14 8.3929 0.03 392 2388 100.00 38.95 23.3431  
11 86 -0.0025 0.0004 100.0 518.67 642.62 1583.63 1402.28 14.62 21.61 553.96 2388.04 9054.39 1.30 47.36 522.43 2388.04 8137.91 8.3961 0.03 394 2388 100.00 38.75 23.4414  
11 87 0.0028 -0.0004 100.0 518.67 642.30 1579.51 1393.42 14.62 21.61 554.91 2388.04 9065.09 1.30 47.25 522.52 2388.07 8140.06 8.4316 0.03 392 2388 100.00 39.08 23.3275  
11 88 -0.0051 -0.0002 100.0 518.67 642.14 1589.38 1402.89 14.62 21.61 553.66 2388.02 9057.43 1.30 47.35 522.25 2388.10 8140.75 8.4000 0.03 391 2388 100.00 38.90 23.3643  
11 89 -0.0009 -0.0001 100.0 518.67 642.28 1585.72 1402.26 14.62 21.61 554.28 2388.03 9047.54 1.30 47.23 522.04 2388.05 8140.07 8.4180 0.03 394 2388 100.00 38.82 23.4642  
11 90 -0.0027 0.0003 100.0 518.67 642.14 1591.91 1399.76 14.62 21.61 554.37 2388.02 9061.71 1.30 47.06 522.02 2388.00 8140.94 8.4055 0.03 392 2388 100.00 38.94 23.3496  
11 91 -0.0022 -0.0000 100.0 518.67 642.60 1591.09 1402.13 14.62 21.61 554.54 2388.04 9055.96 1.30 47.22 522.21 2388.01 8146.16 8.4081 0.03 392 2388 100.00 38.92 23.3725  
11 92 -0.0009 0.0003 100.0 518.67 642.64 1586.27 1397.51 14.62 21.61 554.50 2388.10 9054.00 1.30 47.16 522.14 2388.01 8140.60 8.4280 0.03 393 2388 100.00 39.02 23.5190  
11 93 -0.0009 0.0003 100.0 518.67 641.90 1591.55 1403.52 14.62 21.61 553.87 2388.05 9053.77 1.30 47.47 521.95 2388.06 8142.06 8.4103 0.03 390 2388 100.00 38.93 23.3372  
11 94 -0.0017 -0.0004 100.0 518.67 642.30 1588.60 1407.02 14.62 21.61 553.96 2388.00 9054.90 1.30 47.29 522.83 2388.01 8140.13 8.4094 0.03 390 2388 100.00 38.87 23.4122  
11 95 -0.0035 0.0002 100.0 518.67 642.67 1587.52 1395.26 14.62 21.61 554.63 2387.98 9053.82 1.30 47.27 522.46 2387.99 8143.04 8.4320 0.03 392 2388 100.00 38.98 23.4589  
11 96 -0.0023 -0.0002 100.0 518.67 642.02 1581.98 1395.03 14.62 21.61 553.94 2387.99 9062.64 1.30 47.34 521.93 2388.07 8139.27 8.4086 0.03 393 2388 100.00 38.90 23.4472  
11 97 0.0022 0.0005 100.0 518.67 641.98 1588.90 1406.27 14.62 21.61 553.79 2388.03 9056.62 1.30 47.14 522.42 2388.02 8134.87 8.4119 0.03 392 2388 100.00 39.04 23.3906  
11 98 0.0041 -0.0001 100.0 518.67 642.31 1584.87 1397.71 14.62 21.61 553.83 2388.10 9056.13 1.30 47.27 522.01 2388.03 8142.52 8.4252 0.03 392 2388 100.00 39.07 23.3365  
11 99 0.0009 0.0001 100.0 518.67 642.13 1581.23 1394.92 14.62 21.61 554.32 2388.07 9056.34 1.30 47.24 521.95 2388.02 8140.06 8.4511 0.03 392 2388 100.00 39.07 23.4178  
11 100 0.0018 0.0000 100.0 518.67 642.32 1587.87 1402.81 14.62 21.61 554.72 2388.04 9055.50 1.30 47.19 521.96 2388.04 8139.44 8.3896 0.03 392 2388 100.00 38.81 23.3760  
11 101 0.0006 0.0004 100.0 518.67 642.28 1584.59 1399.46 14.62 21.61 554.61 2388.01 9062.14 1.30 47.27 522.40 2388.01 8145.75 8.4011 0.03 391 2388 100.00 38.91 23.4353  
11 102 -0.0030 0.0002 100.0 518.67 642.21 1587.73 1394.53 14.62 21.61 555.04 2388.01 9058.48 1.30 47.36 522.00 2388.08 8136.28 8.4309 0.03 393 2388 100.00 38.90 23.4063  
11 103 0.0012 0.0002 100.0 518.67 642.50 1579.90 1406.52 14.62 21.61 553.79 2388.03 9056.15 1.30 47.27 522.05 2388.02 8143.93 8.4019 0.03 393 2388 100.00 38.80 23.3770  
11 104 0.0016 -0.0003 100.0 518.67 642.28 1586.62 1392.54 14.62 21.61 554.16 2388.06 9053.68 1.30 47.40 521.67 2388.03 8141.03 8.3803 0.03 391 2388 100.00 38.93 23.3845  
11 105 -0.0039 -0.0003 100.0 518.67 642.49 1590.06 1401.55 14.62 21.61 553.82 2388.03 9066.05 1.30 47.37 522.69 2388.04 8140.08 8.3802 0.03 393 2388 100.00 39.00 23.4192  
11 106 0.0002 -0.0003 100.0 518.67 642.00 1590.45 1399.65 14.62 21.61 554.57 2388.10 9064.05 1.30 47.13 522.31 2388.07 8139.91 8.3985 0.03 393 2388 100.00 39.07 23.4773  
11 107 0.0016 0.0004 100.0 518.67 642.27 1580.91 1399.41 14.62 21.61 554.73 2388.07 9058.76 1.30 47.26 522.64 2388.01 8138.80 8.3783 0.03 391 2388 100.00 39.10 23.3214  
11 108 -0.0002 0.0003 100.0 518.67 642.27 1590.02 1396.72 14.62 21.61 553.26 2387.97 9061.97 1.30 47.37 522.37 2388.09 8146.13 8.4231 0.03 391 2388 100.00 39.02 23.4415  
11 109 -0.0019 0.0004 100.0 518.67 642.57 1585.26 1396.62 14.62 21.61 553.93 2387.97 9052.23 1.30 47.15 522.39 2388.00 8143.23 8.3793 0.03 394 2388 100.00 39.08 23.3933  
11 110 0.0008 -0.0001 100.0 518.67 642.18 1592.33 1399.72 14.62 21.61 554.17 2387.99 9057.70 1.30 47.21 521.93 2388.01 8148.94 8.3785 0.03 391 2388 100.00 38.81 23.4207  
11 111 -0.0020 0.0001 100.0 518.67 642.17 1590.10 1391.22 14.62 21.61 554.21 2388.01 9059.87 1.30 47.43 522.14 2388.04 8138.83 8.4374 0.03 392 2388 100.00 39.21 23.4053  
11 112 0.0009 0.0001 100.0 518.67 642.63 1582.95 1391.29 14.62 21.61 554.04 2388.05 9054.54 1.30 47.37 522.36 2388.07 8136.68 8.3999 0.03 392 2388 100.00 39.01 23.4675  
11 113 0.0013 -0.0001 100.0 518.67 642.54 1584.52 1399.14 14.62 21.60 553.76 2388.00 9061.16 1.30 47.20 521.84 2387.98 8138.66 8.3729 0.03 393 2388 100.00 39.18 23.3392  
11 114 0.0008 0.0000 100.0 518.67 642.22 1589.45 1401.80 14.62 21.61 554.11 2388.02 9064.90 1.30 47.35 521.73 2388.04 8145.28 8.4027 0.03 393 2388 100.00 38.98 23.4464  
11 115 0.0004 -0.0001 100.0 518.67 642.08 1577.94 1397.09 14.62 21.61 554.33 2388.04 9065.40 1.30 47.20 521.78 2388.00 8145.89 8.4318 0.03 392 2388 100.00 38.99 23.3886  
11 116 -0.0019 -0.0000 100.0 518.67 642.03 1582.25 1400.27 14.62 21.61 554.89 2388.05 9060.08 1.30 47.47 522.13 2388.02 8144.14 8.4058 0.03 392 2388 100.00 38.84 23.4434  
11 117 -0.0008 -0.0005 100.0 518.67 642.29 1588.99 1399.08 14.62 21.61 553.72 2388.08 9063.96 1.30 47.27 521.55 2388.02 8145.25 8.4061 0.03 392 2388 100.00 38.86 23.4561  
11 118 -0.0047 0.0001 100.0 518.67 642.15 1582.30 1410.69 14.62 21.61 554.10 2388.04 9071.59 1.30 47.22 522.05 2387.94 8143.55 8.4245 0.03 393 2388 100.00 38.85 23.2986  
11 119 0.0023 -0.0001 100.0 518.67 642.35 1582.34 1402.35 14.62 21.61 553.79 2388.04 9058.95 1.30 47.49 522.06 2387.99 8140.54 8.4309 0.03 392 2388 100.00 39.12 23.4008  
11 120 0.0007 0.0004 100.0 518.67 641.68 1592.75 1398.02 14.62 21.61 554.43 2388.03 9063.51 1.30 47.35 522.05 2388.03 8138.85 8.4613 0.03 391 2388 100.00 38.98 23.4447  
11 121 0.0010 -0.0000 100.0 518.67 642.76 1582.40 1402.70 14.62 21.61 553.71 2388.02 9062.42 1.30 47.34 522.31 2388.06 8144.46 8.4059 0.03 393 2388 100.00 38.90 23.3160  
11 122 0.0011 0.0001 100.0 518.67 642.83 1584.81 1405.57 14.62 21.61 553.81 2388.00 9059.84 1.30 47.27 521.99 2388.06 8143.01 8.4110 0.03 391 2388 100.00 38.94 23.3843  
11 123 0.0000 -0.0004 100.0 518.67 642.50 1586.47 1397.49 14.62 21.61 554.58 2388.09 9059.05 1.30 47.35 522.04 2388.07 8144.54 8.4010 0.03 393 2388 100.00 38.78 23.3174  
11 124 -0.0008 0.0000 100.0 518.67 642.33 1591.74 1404.35 14.62 21.61 553.94 2388.05 9059.65 1.30 47.20 522.32 2388.02 8149.43 8.4334 0.03 392 2388 100.00 38.92 23.3691  
11 125 0.0009 0.0002 100.0 518.67 642.07 1596.07 1403.90 14.62 21.61 554.18 2387.98 9065.39 1.30 47.50 521.42 2388.02 8146.80 8.4018 0.03 391 2388 100.00 38.93 23.4796  
11 126 0.0002 0.0004 100.0 518.67 641.90 1587.99 1403.67 14.62 21.61 554.40 2388.06 9058.43 1.30 47.31 522.50 2388.04 8135.78 8.4358 0.03 392 2388 100.00 39.05 23.3785  
11 127 -0.0016 -0.0000 100.0 518.67 641.80 1587.67 1405.37 14.62 21.61 554.20 2388.08 9059.25 1.30 47.44 521.73 2388.03 8139.06 8.4153 0.03 393 2388 100.00 39.12 23.4503  
11 128 0.0030 -0.0003 100.0 518.67 642.21 1583.75 1408.11 14.62 21.61 554.25 2388.05 9068.46 1.30 47.44 522.02 2388.01 8148.41 8.4113 0.03 392 2388 100.00 38.81 23.2457  
11 129 0.0006 0.0002 100.0 518.67 642.80 1582.18 1401.00 14.62 21.61 554.51 2388.03 9065.13 1.30 47.43 521.67 2388.04 8141.82 8.3722 0.03 394 2388 100.00 38.88 23.2947  
11 130 -0.0012 0.0005 100.0 518.67 642.17 1586.67 1399.84 14.62 21.61 553.74 2388.05 9060.72 1.30 47.21 521.98 2388.03 8144.99 8.4119 0.03 392 2388 100.00 39.05 23.2464  
11 131 -0.0002 0.0004 100.0 518.67 642.24 1588.51 1398.91 14.62 21.61 553.87 2387.96 9051.26 1.30 47.35 522.24 2388.05 8151.74 8.4148 0.03 392 2388 100.00 39.08 23.4255  
11 132 -0.0032 0.0001 100.0 518.67 642.11 1583.51 1398.47 14.62 21.61 554.27 2388.04 9058.57 1.30 47.30 522.17 2388.05 8141.10 8.4236 0.03 392 2388 100.00 38.83 23.4041  
11 133 0.0010 -0.0005 100.0 518.67 642.29 1581.62 1399.55 14.62 21.61 554.49 2388.05 9057.11 1.30 47.39 521.41 2388.00 8141.82 8.4271 0.03 393 2388 100.00 39.02 23.3433  
11 134 -0.0027 0.0001 100.0 518.67 642.46 1579.85 1411.41 14.62 21.61 553.13 2388.06 9069.31 1.30 47.25 521.79 2388.09 8147.74 8.3899 0.03 392 2388 100.00 38.74 23.4338  
11 135 -0.0015 0.0001 100.0 518.67 642.63 1589.76 1403.08 14.62 21.61 554.57 2388.06 9064.12 1.30 47.36 521.77 2388.06 8141.01 8.4094 0.03 393 2388 100.00 38.91 23.2903  
11 136 -0.0005 0.0003 100.0 518.67 642.03 1585.65 1399.82 14.62 21.61 554.85 2388.08 9077.75 1.30 47.36 521.57 2388.00 8140.73 8.4335 0.03 393 2388 100.00 38.97 23.5463  
11 137 0.0001 -0.0004 100.0 518.67 641.71 1584.31 1403.68 14.62 21.61 553.76 2388.08 9071.44 1.30 47.27 521.84 2388.05 8147.34 8.4173 0.03 392 2388 100.00 38.83 23.2449  
11 138 0.0023 -0.0005 100.0 518.67 642.78 1578.23 1404.53 14.62 21.61 555.17 2388.06 9067.55 1.30 47.36 521.85 2388.08 8142.00 8.4331 0.03 392 2388 100.00 38.97 23.3750  
11 139 0.0014 0.0004 100.0 518.67 641.96 1583.02 1405.90 14.62 21.61 554.16 2388.00 9068.80 1.30 47.42 521.91 2388.12 8149.41 8.4280 0.03 393 2388 100.00 39.09 23.1994  
11 140 0.0022 -0.0001 100.0 518.67 642.52 1588.37 1401.70 14.62 21.61 554.50 2388.06 9059.87 1.30 47.26 521.56 2387.98 8146.70 8.4184 0.03 394 2388 100.00 39.03 23.3892  
11 141 0.0006 0.0004 100.0 518.67 642.05 1587.16 1402.05 14.62 21.61 553.79 2388.00 9066.81 1.30 47.45 521.74 2388.04 8145.85 8.4207 0.03 394 2388 100.00 38.89 23.3066  
11 142 0.0004 0.0000 100.0 518.67 642.96 1583.17 1406.78 14.62 21.61 554.77 2388.03 9063.20 1.30 47.35 522.57 2388.00 8146.16 8.4112 0.03 392 2388 100.00 39.14 23.4088  
11 143 -0.0034 0.0002 100.0 518.67 642.21 1589.40 1399.70 14.62 21.61 554.32 2387.97 9072.83 1.30 47.44 521.55 2387.98 8144.46 8.4580 0.03 393 2388 100.00 38.81 23.3783  
11 144 -0.0035 -0.0005 100.0 518.67 642.61 1584.22 1401.62 14.62 21.61 554.28 2388.03 9072.16 1.30 47.38 522.12 2388.04 8149.35 8.4540 0.03 392 2388 100.00 38.79 23.3179  
11 145 -0.0024 0.0003 100.0 518.67 642.48 1587.00 1409.25 14.62 21.61 554.24 2388.06 9066.60 1.30 47.46 521.02 2388.07 8143.43 8.4027 0.03 393 2388 100.00 38.78 23.3262  
11 146 -0.0039 -0.0003 100.0 518.67 642.13 1587.19 1403.74 14.62 21.61 553.85 2387.99 9070.61 1.30 47.33 521.96 2388.05 8148.68 8.4312 0.03 393 2388 100.00 39.10 23.2712  
11 147 0.0036 0.0003 100.0 518.67 642.56 1585.41 1407.81 14.62 21.61 553.39 2388.03 9066.95 1.30 47.57 521.91 2388.07 8151.40 8.4047 0.03 393 2388 100.00 38.87 23.3068  
11 148 -0.0038 -0.0005 100.0 518.67 642.62 1593.51 1410.15 14.62 21.61 553.41 2388.04 9067.71 1.30 47.47 521.97 2388.07 8153.14 8.4286 0.03 393 2388 100.00 38.86 23.3528  
11 149 -0.0023 0.0004 100.0 518.67 642.98 1592.98 1411.83 14.62 21.61 553.58 2388.04 9068.98 1.30 47.47 521.56 2388.04 8143.69 8.4166 0.03 392 2388 100.00 38.72 23.3379  
11 150 -0.0018 0.0003 100.0 518.67 642.06 1584.02 1402.72 14.62 21.61 553.68 2388.06 9065.96 1.30 47.26 521.89 2388.07 8144.14 8.4277 0.03 393 2388 100.00 39.13 23.3631  
11 151 -0.0018 -0.0001 100.0 518.67 642.89 1589.20 1405.47 14.62 21.61 554.09 2388.06 9064.23 1.30 47.19 521.94 2388.05 8140.75 8.4166 0.03 394 2388 100.00 39.01 23.3398  
11 152 0.0019 0.0001 100.0 518.67 642.53 1591.83 1401.33 14.62 21.61 553.49 2388.04 9070.58 1.30 47.37 522.04 2388.09 8155.54 8.4052 0.03 393 2388 100.00 38.65 23.3459  
11 153 0.0003 0.0004 100.0 518.67 642.46 1592.30 1405.94 14.62 21.61 552.73 2388.05 9068.83 1.30 47.32 522.09 2388.07 8146.52 8.4272 0.03 394 2388 100.00 38.87 23.2887  
11 154 0.0007 -0.0001 100.0 518.67 642.83 1589.30 1400.91 14.62 21.61 553.53 2387.99 9067.95 1.30 47.45 521.98 2388.03 8154.82 8.4356 0.03 392 2388 100.00 39.02 23.3234  
11 155 -0.0018 0.0002 100.0 518.67 642.23 1587.73 1403.41 14.62 21.61 553.58 2388.05 9068.36 1.30 47.50 522.05 2388.05 8148.98 8.4097 0.03 392 2388 100.00 38.98 23.2446  
11 156 -0.0023 0.0000 100.0 518.67 642.29 1583.59 1402.44 14.62 21.61 553.90 2388.12 9074.93 1.30 47.37 522.00 2388.03 8144.97 8.4318 0.03 393 2388 100.00 38.73 23.3631  
11 157 -0.0014 0.0002 100.0 518.67 642.61 1590.78 1402.60 14.62 21.61 554.37 2388.11 9070.72 1.30 47.44 522.26 2388.01 8147.69 8.4206 0.03 395 2388 100.00 39.17 23.3007  
11 158 0.0005 -0.0004 100.0 518.67 642.47 1590.39 1400.72 14.62 21.61 553.43 2388.09 9073.04 1.30 47.36 521.57 2388.02 8151.17 8.4512 0.03 393 2388 100.00 38.77 23.3140  
11 159 -0.0037 -0.0003 100.0 518.67 642.04 1593.59 1412.72 14.62 21.60 553.48 2388.09 9068.39 1.30 47.25 521.82 2388.02 8150.18 8.4349 0.03 392 2388 100.00 38.82 23.4165  
11 160 -0.0022 0.0002 100.0 518.67 642.82 1587.98 1405.19 14.62 21.61 553.19 2388.05 9072.80 1.30 47.48 521.78 2388.07 8148.46 8.4609 0.03 393 2388 100.00 38.84 23.3837  
11 161 -0.0017 -0.0003 100.0 518.67 642.28 1585.28 1401.88 14.62 21.61 554.01 2388.05 9070.64 1.30 47.40 521.46 2388.03 8155.92 8.4165 0.03 394 2388 100.00 38.84 23.3048  
11 162 -0.0037 -0.0002 100.0 518.67 642.42 1593.80 1402.67 14.62 21.61 553.76 2388.12 9070.97 1.30 47.40 521.20 2388.06 8150.12 8.4137 0.03 394 2388 100.00 38.94 23.3716  
11 163 -0.0022 -0.0004 100.0 518.67 641.95 1590.62 1398.22 14.62 21.61 553.91 2388.06 9075.71 1.30 47.51 521.97 2388.06 8150.80 8.4407 0.03 393 2388 100.00 38.91 23.3253  
11 164 -0.0014 -0.0003 100.0 518.67 642.71 1590.29 1400.01 14.62 21.61 553.76 2388.06 9077.75 1.30 47.30 521.80 2388.00 8154.65 8.4468 0.03 393 2388 100.00 38.92 23.2890  
11 165 -0.0017 0.0002 100.0 518.67 642.55 1596.82 1411.62 14.62 21.61 553.60 2388.04 9070.25 1.30 47.45 521.63 2388.10 8152.31 8.4446 0.03 393 2388 100.00 38.85 23.3122  
11 166 0.0022 -0.0005 100.0 518.67 642.68 1587.00 1402.71 14.62 21.61 553.54 2388.09 9078.42 1.30 47.56 521.73 2388.08 8154.60 8.4301 0.03 393 2388 100.00 38.88 23.4040  
11 167 -0.0005 -0.0003 100.0 518.67 642.30 1592.45 1406.61 14.62 21.61 553.65 2388.11 9072.23 1.30 47.55 521.10 2388.02 8148.81 8.4285 0.03 393 2388 100.00 38.84 23.3611  
11 168 -0.0008 -0.0000 100.0 518.67 643.18 1581.81 1405.65 14.62 21.61 553.72 2388.04 9072.98 1.30 47.59 521.45 2388.04 8151.28 8.4594 0.03 393 2388 100.00 38.67 23.2900  
11 169 0.0006 -0.0003 100.0 518.67 642.46 1580.78 1408.07 14.62 21.61 553.30 2388.06 9077.23 1.30 47.47 521.53 2388.01 8157.98 8.4293 0.03 392 2388 100.00 38.86 23.2977  
11 170 -0.0059 -0.0000 100.0 518.67 641.97 1588.75 1399.02 14.62 21.61 553.30 2388.05 9070.72 1.30 47.47 521.77 2388.10 8150.43 8.4334 0.03 394 2388 100.00 38.88 23.3210  
11 171 -0.0024 0.0003 100.0 518.67 643.01 1590.91 1412.85 14.62 21.61 553.31 2388.09 9077.19 1.30 47.33 521.76 2387.99 8152.96 8.4531 0.03 392 2388 100.00 38.93 23.2692  
11 172 -0.0029 0.0003 100.0 518.67 642.45 1586.91 1401.46 14.62 21.61 554.11 2388.07 9082.17 1.30 47.56 521.67 2388.10 8156.52 8.4425 0.03 393 2388 100.00 38.81 23.4505  
11 173 0.0029 -0.0004 100.0 518.67 642.22 1591.75 1404.02 14.62 21.61 554.15 2388.06 9077.61 1.30 47.55 521.61 2388.08 8154.79 8.4108 0.03 392 2388 100.00 38.66 23.3108  
11 174 -0.0007 -0.0004 100.0 518.67 642.52 1592.14 1411.04 14.62 21.61 554.27 2388.09 9079.31 1.30 47.49 521.41 2388.07 8157.32 8.4672 0.03 392 2388 100.00 38.86 23.3877  
11 175 -0.0013 -0.0004 100.0 518.67 642.90 1587.68 1403.34 14.62 21.61 553.55 2388.02 9077.88 1.30 47.42 521.66 2388.12 8159.93 8.4273 0.03 393 2388 100.00 38.76 23.2410  
11 176 -0.0004 -0.0005 100.0 518.67 642.37 1590.80 1411.16 14.62 21.61 553.45 2388.07 9076.90 1.30 47.13 521.53 2388.05 8153.47 8.4530 0.03 394 2388 100.00 38.91 23.4046  
11 177 -0.0011 0.0002 100.0 518.67 642.82 1589.03 1404.25 14.62 21.61 553.34 2388.05 9081.19 1.30 47.57 521.82 2388.00 8155.88 8.4445 0.03 393 2388 100.00 38.79 23.2483  
11 178 -0.0011 0.0004 100.0 518.67 642.77 1595.91 1405.88 14.62 21.61 553.62 2388.05 9084.31 1.30 47.54 521.69 2388.03 8161.33 8.4307 0.03 391 2388 100.00 38.80 23.3742  
11 179 -0.0001 0.0002 100.0 518.67 642.85 1590.33 1412.68 14.62 21.61 553.48 2388.06 9082.79 1.30 47.62 521.09 2388.06 8155.75 8.4718 0.03 392 2388 100.00 38.84 23.3466  
11 180 0.0010 -0.0000 100.0 518.67 642.91 1587.71 1407.66 14.62 21.61 553.23 2388.07 9076.45 1.30 47.53 521.72 2388.08 8158.23 8.4323 0.03 393 2388 100.00 38.67 23.2629  
11 181 -0.0032 -0.0002 100.0 518.67 642.57 1590.02 1406.71 14.62 21.61 553.59 2388.13 9077.44 1.30 47.61 521.66 2388.09 8157.41 8.4414 0.03 394 2388 100.00 38.68 23.2518  
11 182 0.0024 -0.0003 100.0 518.67 642.59 1588.41 1402.03 14.62 21.61 553.27 2388.03 9081.27 1.30 47.67 521.48 2388.08 8161.89 8.4240 0.03 394 2388 100.00 38.89 23.2896  
11 183 -0.0019 -0.0001 100.0 518.67 642.78 1587.06 1404.72 14.62 21.61 553.33 2388.04 9084.24 1.30 47.35 521.29 2388.07 8159.18 8.4440 0.03 393 2388 100.00 38.59 23.2455  
11 184 0.0022 -0.0001 100.0 518.67 642.91 1595.50 1419.01 14.62 21.61 552.96 2388.06 9089.00 1.30 47.79 521.75 2388.08 8163.45 8.4274 0.03 392 2388 100.00 38.83 23.3222  
11 185 0.0016 0.0001 100.0 518.67 642.85 1587.53 1414.52 14.62 21.61 553.26 2388.13 9082.19 1.30 47.48 521.41 2388.05 8154.81 8.4508 0.03 394 2388 100.00 38.89 23.2396  
11 186 -0.0021 -0.0001 100.0 518.67 642.60 1589.21 1409.50 14.62 21.61 553.20 2388.12 9091.90 1.30 47.47 521.49 2388.12 8157.84 8.4316 0.03 394 2388 100.00 38.97 23.2040  
11 187 -0.0029 -0.0002 100.0 518.67 642.32 1587.31 1417.17 14.62 21.61 552.85 2388.02 9083.30 1.30 47.53 521.71 2388.05 8163.86 8.4573 0.03 393 2388 100.00 38.89 23.3545  
11 188 0.0006 0.0001 100.0 518.67 643.19 1602.38 1412.07 14.62 21.61 553.98 2388.11 9081.55 1.30 47.52 521.42 2388.09 8164.40 8.4663 0.03 393 2388 100.00 38.83 23.3734  
11 189 0.0008 0.0000 100.0 518.67 642.45 1596.93 1404.31 14.62 21.61 552.94 2388.06 9083.66 1.30 47.48 521.06 2388.08 8170.05 8.4781 0.03 394 2388 100.00 38.69 23.3143  
11 190 0.0017 0.0002 100.0 518.67 642.74 1599.98 1404.18 14.62 21.61 553.33 2388.11 9083.70 1.30 47.64 521.69 2388.06 8163.16 8.4567 0.03 393 2388 100.00 38.93 23.2675  
11 191 0.0009 0.0002 100.0 518.67 642.44 1590.57 1414.78 14.62 21.61 552.77 2388.03 9082.58 1.30 47.45 521.31 2388.04 8167.05 8.4506 0.03 394 2388 100.00 38.75 23.3386  
11 192 -0.0055 0.0004 100.0 518.67 642.25 1587.95 1415.89 14.62 21.61 553.41 2388.00 9082.49 1.30 47.53 521.39 2388.10 8166.62 8.4462 0.03 394 2388 100.00 38.86 23.1740  
11 193 -0.0009 0.0003 100.0 518.67 642.62 1594.23 1414.90 14.62 21.61 553.67 2388.07 9089.00 1.30 47.60 521.41 2388.14 8167.06 8.4269 0.03 394 2388 100.00 38.79 23.3255  
11 194 0.0002 0.0000 100.0 518.67 643.09 1591.38 1417.31 14.62 21.61 553.98 2388.06 9093.31 1.30 47.73 521.94 2388.12 8162.99 8.4835 0.03 394 2388 100.00 38.73 23.3257  
11 195 -0.0025 0.0001 100.0 518.67 643.38 1591.11 1416.86 14.62 21.61 552.92 2388.09 9087.71 1.30 47.73 520.91 2388.14 8164.02 8.5017 0.03 393 2388 100.00 38.81 23.2551  
11 196 0.0033 0.0004 100.0 518.67 643.24 1593.96 1416.39 14.62 21.61 552.86 2388.10 9090.25 1.30 47.84 521.32 2388.08 8167.88 8.4510 0.03 394 2388 100.00 38.83 23.2212  
11 197 -0.0014 -0.0001 100.0 518.67 642.82 1596.08 1407.81 14.62 21.61 553.82 2388.13 9089.76 1.30 47.65 521.07 2388.01 8168.93 8.4764 0.03 392 2388 100.00 38.78 23.2170  
11 198 -0.0031 -0.0001 100.0 518.67 643.22 1597.70 1412.42 14.62 21.61 553.20 2388.09 9092.56 1.30 47.72 521.35 2388.07 8169.21 8.4667 0.03 394 2388 100.00 38.82 23.2690  
11 199 0.0023 -0.0000 100.0 518.67 642.75 1594.39 1407.33 14.62 21.61 552.85 2388.03 9095.73 1.30 47.77 521.56 2388.07 8166.52 8.4817 0.03 394 2388 100.00 38.69 23.1649  
11 200 0.0002 0.0002 100.0 518.67 642.82 1593.09 1419.89 14.62 21.61 552.74 2388.11 9098.29 1.30 47.61 521.21 2388.07 8173.27 8.4804 0.03 394 2388 100.00 38.98 23.2760  
11 201 -0.0035 -0.0005 100.0 518.67 642.74 1594.00 1409.84 14.62 21.61 552.99 2388.08 9099.23 1.30 47.67 521.59 2388.06 8173.92 8.4573 0.03 394 2388 100.00 38.92 23.2324  
11 202 -0.0024 -0.0001 100.0 518.67 642.82 1595.43 1416.12 14.62 21.61 553.20 2388.12 9100.50 1.30 47.66 520.75 2388.08 8174.10 8.4582 0.03 395 2388 100.00 38.84 23.2307  
11 203 0.0028 -0.0000 100.0 518.67 643.27 1594.42 1415.68 14.62 21.61 553.71 2388.07 9099.07 1.30 47.59 521.49 2388.09 8172.72 8.4766 0.03 394 2388 100.00 38.65 23.2650  
11 204 -0.0021 -0.0004 100.0 518.67 643.01 1600.78 1413.66 14.62 21.61 552.63 2388.13 9096.62 1.30 47.57 521.15 2388.05 8177.44 8.4800 0.03 394 2388 100.00 38.60 23.1804  
11 205 -0.0008 0.0003 100.0 518.67 643.32 1599.68 1407.48 14.62 21.61 553.86 2388.11 9108.56 1.30 47.75 520.82 2388.06 8175.98 8.4622 0.03 395 2388 100.00 38.64 23.2295  
11 206 -0.0008 0.0003 100.0 518.67 643.06 1592.38 1416.59 14.62 21.61 552.31 2388.10 9108.93 1.30 47.57 520.64 2388.07 8170.88 8.4492 0.03 394 2388 100.00 38.69 23.2278  
11 207 0.0005 -0.0003 100.0 518.67 642.53 1592.09 1408.91 14.62 21.61 552.98 2388.03 9104.16 1.30 47.67 520.70 2388.12 8182.03 8.4714 0.03 395 2388 100.00 38.74 23.1952  
11 208 0.0016 0.0002 100.0 518.67 643.42 1597.00 1410.50 14.62 21.61 553.11 2388.11 9103.42 1.30 47.71 521.36 2388.10 8175.53 8.4832 0.03 392 2388 100.00 38.63 23.2749  
11 209 -0.0022 0.0004 100.0 518.67 642.79 1592.08 1418.53 14.62 21.61 553.15 2388.09 9105.93 1.30 47.89 521.57 2388.08 8177.40 8.4461 0.03 395 2388 100.00 38.86 23.1302  
11 210 -0.0015 -0.0002 100.0 518.67 644.09 1595.84 1417.71 14.62 21.61 552.87 2388.08 9104.37 1.30 47.78 520.93 2388.09 8180.88 8.4693 0.03 394 2388 100.00 38.59 23.1738  
11 211 -0.0020 0.0001 100.0 518.67 642.86 1589.33 1411.15 14.62 21.61 553.23 2388.08 9108.45 1.30 47.76 521.20 2388.03 8176.81 8.4749 0.03 396 2388 100.00 38.48 23.2501  
11 212 0.0017 0.0004 100.0 518.67 643.31 1601.93 1416.11 14.62 21.61 552.67 2388.12 9102.76 1.30 47.81 521.36 2388.11 8182.99 8.4743 0.03 393 2388 100.00 38.85 23.1940  
11 213 0.0023 0.0002 100.0 518.67 642.97 1600.91 1417.44 14.62 21.61 552.92 2388.06 9105.88 1.30 47.82 520.43 2388.17 8180.98 8.4793 0.03 395 2388 100.00 38.67 23.1144  
11 214 0.0011 0.0002 100.0 518.67 643.24 1598.20 1408.39 14.62 21.61 553.09 2388.15 9105.88 1.30 47.92 520.81 2388.17 8177.98 8.4818 0.03 396 2388 100.00 38.61 23.1432  
11 215 -0.0012 0.0003 100.0 518.67 643.24 1592.43 1421.25 14.62 21.61 552.73 2388.13 9114.36 1.30 47.74 520.96 2388.12 8184.33 8.4508 0.03 395 2388 100.00 38.73 23.2806  
11 216 -0.0028 0.0001 100.0 518.67 643.10 1595.60 1419.40 14.62 21.61 552.01 2388.10 9106.96 1.30 47.67 520.79 2388.12 8190.10 8.4468 0.03 395 2388 100.00 38.68 23.1628  
11 217 0.0022 -0.0005 100.0 518.67 642.94 1595.48 1413.99 14.62 21.61 552.64 2388.10 9108.27 1.30 47.77 520.61 2388.11 8185.43 8.4680 0.03 393 2388 100.00 38.51 23.2706  
11 218 -0.0027 -0.0004 100.0 518.67 643.43 1605.00 1415.34 14.62 21.61 552.37 2388.10 9119.89 1.30 47.86 521.10 2388.12 8186.36 8.4751 0.03 395 2388 100.00 38.72 23.2289  
11 219 0.0013 -0.0001 100.0 518.67 642.91 1603.37 1419.38 14.62 21.61 552.42 2388.13 9115.10 1.30 47.88 520.43 2388.13 8182.76 8.4657 0.03 395 2388 100.00 38.49 23.0955  
11 220 0.0028 0.0004 100.0 518.67 643.18 1599.36 1418.16 14.62 21.61 552.28 2388.11 9114.67 1.30 47.92 520.70 2388.09 8191.42 8.4637 0.03 396 2388 100.00 38.60 23.1006  
11 221 -0.0002 -0.0003 100.0 518.67 643.39 1596.20 1422.01 14.62 21.61 552.64 2388.08 9124.62 1.30 47.83 520.77 2388.12 8193.41 8.4479 0.03 396 2388 100.00 38.47 23.2252  
11 222 0.0007 0.0002 100.0 518.67 643.38 1596.23 1419.71 14.62 21.61 552.58 2388.07 9126.01 1.30 47.89 521.03 2388.08 8193.99 8.4890 0.03 394 2388 100.00 38.56 23.1194  
11 223 0.0012 0.0001 100.0 518.67 643.27 1594.78 1413.78 14.62 21.61 552.45 2388.07 9131.05 1.30 47.87 520.82 2388.13 8193.97 8.4933 0.03 397 2388 100.00 38.70 23.1471  
11 224 0.0016 0.0004 100.0 518.67 643.19 1598.12 1424.28 14.62 21.61 552.62 2388.05 9125.89 1.30 47.81 521.26 2388.07 8194.36 8.4721 0.03 396 2388 100.00 38.44 23.2245  
11 225 0.0006 -0.0004 100.0 518.67 643.28 1604.20 1415.65 14.62 21.61 552.75 2388.11 9126.81 1.30 48.00 520.17 2388.08 8196.21 8.4877 0.03 396 2388 100.00 38.62 23.1300  
11 226 -0.0003 -0.0001 100.0 518.67 643.26 1601.06 1418.47 14.62 21.61 552.49 2388.20 9127.00 1.30 47.97 520.04 2388.12 8196.85 8.5266 0.03 395 2388 100.00 38.57 23.1209  
11 227 0.0011 -0.0004 100.0 518.67 643.04 1605.96 1431.26 14.62 21.61 551.89 2388.10 9132.23 1.30 48.00 520.36 2388.12 8200.57 8.4435 0.03 396 2388 100.00 38.68 23.2125  
11 228 0.0006 -0.0001 100.0 518.67 643.24 1605.75 1418.52 14.62 21.61 551.13 2388.17 9131.81 1.30 48.00 520.81 2388.16 8204.70 8.4726 0.03 396 2388 100.00 38.60 23.1412  
11 229 0.0002 0.0004 100.0 518.67 643.57 1594.52 1418.75 14.62 21.61 552.74 2388.13 9147.23 1.30 47.97 520.54 2388.08 8204.27 8.4909 0.03 396 2388 100.00 38.56 23.1104  
11 230 -0.0010 -0.0004 100.0 518.67 643.45 1600.48 1421.19 14.62 21.61 551.46 2388.10 9137.16 1.30 48.11 520.58 2388.13 8203.44 8.4853 0.03 395 2388 100.00 38.41 23.0951  
11 231 -0.0006 0.0004 100.0 518.67 643.77 1605.96 1416.66 14.62 21.61 552.66 2388.09 9136.72 1.30 47.99 521.13 2388.10 8207.25 8.5039 0.03 397 2388 100.00 38.51 23.0519  
11 232 0.0006 -0.0002 100.0 518.67 643.57 1608.80 1415.05 14.62 21.61 552.50 2388.17 9138.91 1.30 48.06 520.30 2388.15 8210.31 8.5408 0.03 395 2388 100.00 38.71 23.0727  
11 233 0.0002 -0.0002 100.0 518.67 643.40 1605.43 1423.14 14.62 21.61 552.56 2388.12 9138.15 1.30 47.84 520.75 2388.13 8210.46 8.4921 0.03 395 2388 100.00 38.53 23.2003  
11 234 0.0016 -0.0000 100.0 518.67 643.65 1592.79 1420.00 14.62 21.61 551.69 2388.18 9145.42 1.30 47.94 520.86 2388.13 8209.19 8.5148 0.03 397 2388 100.00 38.56 23.0208  
11 235 0.0065 0.0003 100.0 518.67 643.22 1597.07 1426.16 14.62 21.61 552.60 2388.17 9153.67 1.30 48.01 520.66 2388.14 8209.57 8.5183 0.03 395 2388 100.00 38.37 23.0664  
11 236 0.0009 0.0004 100.0 518.67 643.60 1609.02 1420.43 14.62 21.61 551.82 2388.12 9145.76 1.30 48.03 519.95 2388.14 8210.25 8.5166 0.03 397 2388 100.00 38.28 23.1657  
11 237 0.0004 -0.0003 100.0 518.67 643.50 1601.64 1429.22 14.62 21.61 552.54 2388.25 9152.41 1.30 48.16 520.39 2388.18 8208.22 8.5383 0.03 395 2388 100.00 38.49 23.1025  
11 238 -0.0030 0.0002 100.0 518.67 643.27 1607.24 1426.44 14.62 21.61 550.55 2388.18 9150.92 1.30 48.04 520.18 2388.12 8214.81 8.5121 0.03 396 2388 100.00 38.33 23.1283  
11 239 -0.0001 -0.0004 100.0 518.67 643.68 1608.34 1424.85 14.62 21.61 552.00 2388.23 9151.70 1.30 48.24 520.07 2388.17 8218.60 8.4947 0.03 396 2388 100.00 38.49 23.0304  
11 240 0.0002 0.0001 100.0 518.67 643.52 1598.71 1432.38 14.62 21.61 552.03 2388.19 9155.67 1.30 48.19 519.94 2388.16 8218.20 8.5135 0.03 397 2388 100.00 38.28 23.0558  
12 1 0.0017 0.0003 100.0 518.67 642.39 1586.10 1402.11 14.62 21.61 554.10 2388.06 9052.13 1.30 47.54 520.94 2388.09 8130.76 8.4214 0.03 394 2388 100.00 38.78 23.2348  
12 2 -0.0004 0.0004 100.0 518.67 642.43 1592.56 1406.54 14.62 21.61 553.17 2388.11 9042.55 1.30 47.50 521.81 2388.12 8125.37 8.4005 0.03 393 2388 100.00 38.95 23.3202  
12 3 -0.0005 -0.0000 100.0 518.67 642.35 1587.14 1403.33 14.62 21.61 553.60 2388.10 9033.93 1.30 47.44 521.48 2388.11 8128.94 8.4089 0.03 393 2388 100.00 38.79 23.2922  
12 4 -0.0020 0.0004 100.0 518.67 642.50 1594.40 1409.25 14.62 21.61 552.67 2388.11 9046.28 1.30 47.54 521.43 2388.18 8124.09 8.4380 0.03 392 2388 100.00 38.84 23.4524  
12 5 0.0064 -0.0002 100.0 518.67 642.81 1584.77 1410.35 14.62 21.61 553.07 2388.06 9045.80 1.30 47.68 521.47 2388.11 8126.65 8.4478 0.03 393 2388 100.00 39.04 23.3366  
12 6 0.0018 -0.0002 100.0 518.67 642.64 1586.47 1409.04 14.62 21.61 553.98 2388.09 9051.29 1.30 47.56 521.61 2388.09 8132.42 8.4300 0.03 393 2388 100.00 38.86 23.2776  
12 7 0.0005 -0.0003 100.0 518.67 642.54 1585.61 1411.32 14.62 21.61 553.46 2388.09 9048.64 1.30 47.62 521.57 2388.10 8129.40 8.4406 0.03 392 2388 100.00 38.80 23.1772  
12 8 -0.0030 0.0002 100.0 518.67 642.37 1590.47 1410.70 14.62 21.61 553.08 2388.12 9049.68 1.30 47.42 521.67 2388.12 8131.46 8.4247 0.03 391 2388 100.00 38.76 23.3676  
12 9 0.0010 -0.0001 100.0 518.67 641.95 1585.75 1399.40 14.62 21.61 553.66 2388.06 9048.35 1.30 47.34 521.28 2388.14 8124.76 8.4223 0.03 393 2388 100.00 38.81 23.3485  
12 10 -0.0007 -0.0003 100.0 518.67 642.37 1592.20 1402.29 14.62 21.61 553.36 2388.12 9048.97 1.30 47.60 521.14 2388.07 8127.45 8.4531 0.03 392 2388 100.00 38.80 23.2907  
12 11 -0.0010 0.0003 100.0 518.67 642.47 1592.71 1412.44 14.62 21.61 554.14 2388.16 9051.27 1.30 47.69 520.80 2388.07 8125.32 8.4125 0.03 394 2388 100.00 38.82 23.4365  
12 12 -0.0026 -0.0001 100.0 518.67 643.00 1581.29 1407.38 14.62 21.61 553.55 2388.18 9045.24 1.30 47.57 521.06 2388.15 8128.57 8.4162 0.03 394 2388 100.00 38.87 23.3298  
12 13 -0.0018 0.0003 100.0 518.67 643.31 1592.33 1405.14 14.62 21.61 553.80 2388.12 9046.70 1.30 47.49 521.54 2388.12 8125.86 8.4265 0.03 393 2388 100.00 38.86 23.2345  
12 14 -0.0014 -0.0004 100.0 518.67 642.94 1589.91 1408.12 14.62 21.61 553.06 2388.09 9048.72 1.30 47.35 521.11 2388.11 8129.95 8.4531 0.03 393 2388 100.00 38.82 23.3559  
12 15 0.0013 -0.0001 100.0 518.67 642.22 1592.95 1404.86 14.62 21.61 554.61 2388.18 9050.76 1.30 47.59 521.63 2388.10 8126.32 8.4178 0.03 393 2388 100.00 38.99 23.1797  
12 16 -0.0021 0.0002 100.0 518.67 642.41 1585.13 1403.71 14.62 21.61 553.97 2388.07 9046.65 1.30 47.58 521.41 2388.15 8130.86 8.4331 0.03 394 2388 100.00 38.67 23.3922  
12 17 -0.0008 -0.0004 100.0 518.67 642.62 1590.64 1409.69 14.62 21.61 553.95 2388.11 9045.23 1.30 47.49 521.49 2388.13 8125.47 8.4058 0.03 393 2388 100.00 38.94 23.3341  
12 18 -0.0049 -0.0002 100.0 518.67 642.27 1588.16 1412.60 14.62 21.61 553.81 2388.13 9044.59 1.30 47.52 521.20 2388.13 8128.62 8.4239 0.03 391 2388 100.00 38.78 23.3270  
12 19 0.0007 0.0005 100.0 518.67 642.68 1596.79 1408.97 14.62 21.61 553.24 2388.10 9046.96 1.30 47.55 521.24 2388.14 8128.48 8.4224 0.03 393 2388 100.00 38.90 23.2769  
12 20 0.0002 -0.0001 100.0 518.67 642.89 1586.86 1407.65 14.62 21.61 553.67 2388.13 9046.24 1.30 47.43 521.67 2388.08 8131.33 8.4372 0.03 394 2388 100.00 39.04 23.2657  
12 21 0.0016 -0.0004 100.0 518.67 642.86 1594.72 1404.49 14.62 21.61 553.76 2388.13 9049.54 1.30 47.55 521.72 2388.07 8132.32 8.4298 0.03 392 2388 100.00 38.96 23.3372  
12 22 0.0006 -0.0003 100.0 518.67 642.81 1588.36 1409.01 14.62 21.61 554.01 2388.17 9038.25 1.30 47.54 521.84 2388.09 8123.59 8.4275 0.03 391 2388 100.00 38.87 23.2530  
12 23 0.0012 -0.0003 100.0 518.67 642.64 1593.21 1403.92 14.62 21.61 553.35 2388.08 9045.89 1.30 47.17 521.56 2388.05 8122.02 8.4223 0.03 392 2388 100.00 39.04 23.2086  
12 24 0.0016 0.0003 100.0 518.67 642.74 1588.51 1407.22 14.62 21.61 553.65 2388.09 9054.16 1.30 47.48 521.38 2388.10 8126.25 8.4551 0.03 391 2388 100.00 38.84 23.3228  
12 25 -0.0017 0.0005 100.0 518.67 642.37 1589.24 1409.74 14.62 21.61 553.19 2388.14 9047.34 1.30 47.31 521.55 2388.12 8125.17 8.4276 0.03 392 2388 100.00 38.74 23.2553  
12 26 0.0001 0.0002 100.0 518.67 642.76 1581.49 1410.57 14.62 21.61 553.19 2388.13 9051.64 1.30 47.59 521.54 2388.13 8122.40 8.4273 0.03 394 2388 100.00 38.84 23.3767  
12 27 0.0004 0.0005 100.0 518.67 642.41 1582.28 1410.61 14.62 21.61 553.87 2388.12 9047.26 1.30 47.51 521.32 2388.10 8129.15 8.4490 0.03 393 2388 100.00 39.02 23.3578  
12 28 -0.0007 0.0005 100.0 518.67 642.12 1590.92 1409.23 14.62 21.61 554.27 2388.10 9056.44 1.30 47.58 521.61 2388.10 8124.24 8.4467 0.03 393 2388 100.00 38.96 23.2830  
12 29 0.0034 -0.0000 100.0 518.67 642.79 1583.54 1409.43 14.62 21.61 553.21 2388.11 9047.45 1.30 47.60 521.29 2388.13 8125.26 8.4204 0.03 393 2388 100.00 38.63 23.2957  
12 30 -0.0016 -0.0003 100.0 518.67 642.86 1594.49 1400.58 14.62 21.61 553.52 2388.15 9048.31 1.30 47.40 521.62 2388.12 8133.57 8.4577 0.03 393 2388 100.00 38.90 23.2759  
12 31 -0.0004 -0.0001 100.0 518.67 642.62 1585.54 1404.71 14.62 21.61 553.64 2388.09 9043.46 1.30 47.59 521.44 2388.14 8125.29 8.4193 0.03 392 2388 100.00 38.72 23.2314  
12 32 0.0015 -0.0001 100.0 518.67 642.79 1596.75 1408.20 14.62 21.61 552.80 2388.06 9048.38 1.30 47.52 521.30 2388.10 8125.44 8.4478 0.03 393 2388 100.00 38.70 23.1458  
12 33 -0.0009 -0.0000 100.0 518.67 642.41 1589.35 1406.30 14.62 21.61 553.10 2388.06 9044.70 1.30 47.51 521.33 2388.08 8123.56 8.4577 0.03 393 2388 100.00 38.94 23.3029  
12 34 0.0015 -0.0004 100.0 518.67 642.57 1591.88 1409.24 14.62 21.61 553.10 2388.10 9036.32 1.30 47.64 521.64 2388.14 8124.01 8.4652 0.03 394 2388 100.00 38.60 23.3334  
12 35 0.0021 0.0000 100.0 518.67 642.79 1588.11 1407.20 14.62 21.61 553.78 2388.14 9048.56 1.30 47.46 521.68 2388.17 8131.01 8.4219 0.03 392 2388 100.00 38.79 23.2092  
12 36 0.0030 -0.0004 100.0 518.67 642.91 1592.47 1400.78 14.62 21.61 553.33 2388.15 9045.66 1.30 47.49 521.59 2388.16 8131.97 8.4437 0.03 392 2388 100.00 38.80 23.1813  
12 37 0.0013 0.0003 100.0 518.67 642.41 1592.10 1410.24 14.62 21.61 553.22 2388.09 9042.92 1.30 47.62 521.66 2388.11 8123.24 8.4610 0.03 393 2388 100.00 38.78 23.2468  
12 38 -0.0001 0.0005 100.0 518.67 642.73 1595.43 1405.10 14.62 21.61 553.41 2388.09 9048.60 1.30 47.45 521.18 2388.06 8126.77 8.4427 0.03 394 2388 100.00 38.91 23.3641  
12 39 -0.0002 0.0001 100.0 518.67 642.30 1590.38 1412.85 14.62 21.61 552.59 2388.10 9044.67 1.30 47.39 521.82 2388.13 8126.49 8.4596 0.03 393 2388 100.00 38.80 23.3236  
12 40 -0.0014 -0.0001 100.0 518.67 642.16 1587.52 1411.14 14.62 21.61 553.14 2388.15 9043.68 1.30 47.63 521.37 2388.18 8127.63 8.4713 0.03 394 2388 100.00 38.89 23.3179  
12 41 -0.0016 0.0004 100.0 518.67 642.17 1588.32 1412.07 14.62 21.61 553.12 2388.09 9044.54 1.30 47.52 521.75 2388.14 8124.92 8.4289 0.03 393 2388 100.00 38.82 23.2325  
12 42 -0.0042 0.0005 100.0 518.67 642.97 1594.00 1407.56 14.62 21.61 553.09 2388.09 9044.59 1.30 47.33 521.09 2388.10 8126.90 8.4573 0.03 394 2388 100.00 38.92 23.2672  
12 43 -0.0009 -0.0001 100.0 518.67 642.35 1590.12 1412.04 14.62 21.61 553.17 2388.12 9042.53 1.30 47.50 521.67 2388.16 8130.51 8.4322 0.03 393 2388 100.00 38.81 23.2876  
12 44 -0.0031 -0.0000 100.0 518.67 642.50 1591.36 1405.39 14.62 21.61 552.98 2388.09 9042.02 1.30 47.36 521.47 2388.08 8130.19 8.4792 0.03 392 2388 100.00 38.98 23.2084  
12 45 -0.0018 0.0001 100.0 518.67 642.76 1598.73 1409.85 14.62 21.61 553.38 2388.13 9052.92 1.30 47.64 521.07 2388.13 8124.06 8.4452 0.03 395 2388 100.00 38.84 23.2244  
12 46 -0.0003 -0.0003 100.0 518.67 642.39 1595.76 1407.58 14.62 21.61 553.34 2388.14 9047.42 1.30 47.52 521.51 2388.14 8129.90 8.4562 0.03 392 2388 100.00 38.96 23.2746  
12 47 0.0010 -0.0004 100.0 518.67 642.27 1588.92 1406.25 14.62 21.61 553.29 2388.12 9046.58 1.30 47.40 521.62 2388.11 8127.50 8.4674 0.03 392 2388 100.00 38.70 23.2926  
12 48 0.0001 -0.0000 100.0 518.67 642.47 1588.91 1412.42 14.62 21.61 553.53 2388.13 9041.32 1.30 47.59 522.13 2388.13 8120.26 8.4539 0.03 393 2388 100.00 38.79 23.3173  
12 49 0.0013 0.0003 100.0 518.67 642.84 1587.07 1400.39 14.62 21.61 553.40 2388.14 9044.57 1.30 47.51 521.80 2388.16 8125.06 8.4530 0.03 394 2388 100.00 38.78 23.3632  
12 50 0.0009 0.0004 100.0 518.67 642.19 1591.98 1409.02 14.62 21.61 554.09 2388.15 9045.83 1.30 47.45 521.52 2388.14 8121.78 8.4323 0.03 391 2388 100.00 39.00 23.3382  
12 51 -0.0025 0.0004 100.0 518.67 643.10 1587.83 1413.22 14.62 21.61 553.77 2388.14 9046.08 1.30 47.49 521.40 2388.13 8121.37 8.4547 0.03 392 2388 100.00 38.83 23.3548  
12 52 0.0014 -0.0000 100.0 518.67 642.60 1583.57 1408.59 14.62 21.61 553.85 2388.12 9045.76 1.30 47.36 521.26 2388.10 8122.98 8.4275 0.03 394 2388 100.00 38.96 23.3101  
12 53 0.0019 -0.0004 100.0 518.67 642.66 1592.10 1404.21 14.62 21.61 552.16 2388.16 9044.63 1.30 47.55 521.59 2388.18 8124.69 8.4391 0.03 393 2388 100.00 38.62 23.2922  
12 54 0.0063 -0.0000 100.0 518.67 642.59 1588.31 1411.94 14.62 21.61 554.08 2388.13 9059.27 1.30 47.49 521.40 2388.15 8127.99 8.4460 0.03 394 2388 100.00 38.88 23.4037  
12 55 -0.0005 0.0002 100.0 518.67 642.80 1594.84 1414.35 14.62 21.61 553.39 2388.15 9045.65 1.30 47.80 521.48 2388.11 8127.05 8.4466 0.03 392 2388 100.00 38.72 23.3149  
12 56 -0.0001 0.0004 100.0 518.67 642.47 1588.91 1408.46 14.62 21.61 552.87 2388.12 9047.98 1.30 47.55 521.49 2388.15 8134.34 8.4174 0.03 394 2388 100.00 38.86 23.3335  
12 57 0.0027 0.0001 100.0 518.67 643.42 1596.13 1407.61 14.62 21.61 553.22 2388.12 9045.76 1.30 47.59 520.99 2388.12 8132.63 8.4594 0.03 394 2388 100.00 38.91 23.2622  
12 58 0.0011 0.0005 100.0 518.67 642.18 1592.85 1406.46 14.62 21.61 553.62 2388.07 9046.50 1.30 47.60 521.79 2388.13 8126.91 8.4689 0.03 393 2388 100.00 38.80 23.2417  
12 59 -0.0032 0.0003 100.0 518.67 643.05 1595.21 1402.56 14.62 21.61 552.63 2388.16 9049.77 1.30 47.45 521.31 2388.11 8120.52 8.4334 0.03 393 2388 100.00 38.82 23.3714  
12 60 -0.0017 -0.0004 100.0 518.67 642.25 1596.61 1413.02 14.62 21.61 553.21 2388.14 9052.12 1.30 47.72 521.49 2388.12 8129.47 8.4115 0.03 394 2388 100.00 38.75 23.3122  
12 61 -0.0017 -0.0004 100.0 518.67 642.85 1589.81 1406.41 14.62 21.61 552.96 2388.11 9039.47 1.30 47.65 520.76 2388.15 8127.47 8.4192 0.03 394 2388 100.00 38.69 23.3281  
12 62 -0.0040 -0.0003 100.0 518.67 642.21 1590.03 1409.63 14.62 21.61 552.86 2388.16 9048.09 1.30 47.57 521.38 2388.14 8127.77 8.4393 0.03 392 2388 100.00 38.68 23.3127  
12 63 -0.0010 0.0001 100.0 518.67 642.57 1592.30 1409.09 14.62 21.61 553.21 2388.17 9044.16 1.30 47.54 521.54 2388.16 8127.36 8.4358 0.03 392 2388 100.00 38.83 23.3120  
12 64 0.0025 -0.0001 100.0 518.67 642.72 1592.81 1411.90 14.62 21.61 553.60 2388.17 9053.41 1.30 47.42 521.79 2388.16 8125.30 8.4087 0.03 393 2388 100.00 38.79 23.3106  
12 65 0.0023 -0.0002 100.0 518.67 642.97 1596.75 1414.56 14.62 21.61 553.78 2388.12 9046.88 1.30 47.59 521.90 2388.09 8131.83 8.4337 0.03 392 2388 100.00 38.83 23.2463  
12 66 -0.0021 -0.0000 100.0 518.67 642.61 1589.21 1406.22 14.62 21.61 553.39 2388.16 9045.86 1.30 47.64 521.41 2388.07 8121.95 8.4691 0.03 394 2388 100.00 38.80 23.2220  
12 67 0.0027 -0.0001 100.0 518.67 642.81 1586.58 1406.37 14.62 21.61 553.17 2388.14 9049.52 1.30 47.58 521.19 2388.14 8132.69 8.4348 0.03 392 2388 100.00 38.63 23.2567  
12 68 0.0020 -0.0004 100.0 518.67 642.62 1590.13 1411.87 14.62 21.61 552.82 2388.21 9047.70 1.30 47.52 521.51 2388.12 8124.68 8.4531 0.03 392 2388 100.00 38.90 23.2913  
12 69 -0.0002 0.0002 100.0 518.67 642.78 1588.31 1420.36 14.62 21.61 553.19 2388.12 9043.71 1.30 47.52 520.98 2388.11 8125.23 8.4554 0.03 394 2388 100.00 38.88 23.2297  
12 70 0.0034 0.0001 100.0 518.67 642.93 1588.41 1406.66 14.62 21.61 553.53 2388.14 9046.07 1.30 47.58 521.52 2388.16 8129.31 8.4116 0.03 392 2388 100.00 38.82 23.3584  
12 71 0.0020 0.0001 100.0 518.67 642.30 1587.35 1405.68 14.62 21.61 553.75 2388.08 9051.01 1.30 47.53 521.34 2388.15 8131.16 8.4173 0.03 394 2388 100.00 38.75 23.4068  
12 72 0.0024 -0.0002 100.0 518.67 642.41 1590.65 1414.47 14.62 21.61 553.17 2388.12 9056.26 1.30 47.52 520.84 2388.17 8126.94 8.4585 0.03 394 2388 100.00 38.72 23.2232  
12 73 0.0027 -0.0002 100.0 518.67 642.62 1591.90 1405.42 14.62 21.61 553.24 2388.13 9051.40 1.30 47.66 522.18 2388.15 8123.25 8.4597 0.03 395 2388 100.00 38.78 23.3280  
12 74 -0.0021 0.0000 100.0 518.67 642.62 1584.62 1406.39 14.62 21.61 553.31 2388.15 9047.56 1.30 47.79 521.47 2388.14 8125.93 8.4208 0.03 393 2388 100.00 38.84 23.3163  
12 75 -0.0005 -0.0002 100.0 518.67 642.64 1588.03 1406.82 14.62 21.61 553.07 2388.14 9043.55 1.30 47.66 520.75 2388.07 8127.52 8.4235 0.03 394 2388 100.00 38.72 23.2164  
12 76 0.0024 0.0002 100.0 518.67 642.56 1588.67 1405.95 14.62 21.61 553.32 2388.15 9051.14 1.30 47.69 521.27 2388.11 8123.71 8.4552 0.03 395 2388 100.00 38.75 23.2364  
12 77 0.0007 -0.0003 100.0 518.67 643.27 1591.27 1406.28 14.62 21.61 554.03 2388.11 9045.54 1.30 47.41 521.33 2388.08 8123.64 8.4669 0.03 391 2388 100.00 38.81 23.2573  
12 78 -0.0005 0.0001 100.0 518.67 643.25 1591.94 1413.68 14.62 21.61 553.33 2388.10 9044.50 1.30 47.65 521.46 2388.15 8127.91 8.4515 0.03 392 2388 100.00 38.86 23.3066  
12 79 0.0012 -0.0002 100.0 518.67 642.64 1590.61 1408.29 14.62 21.61 552.69 2388.16 9046.43 1.30 47.47 520.79 2388.13 8124.03 8.4181 0.03 393 2388 100.00 38.87 23.2958  
12 80 0.0012 0.0004 100.0 518.67 643.14 1586.51 1415.59 14.62 21.61 553.56 2388.16 9040.82 1.30 47.39 521.12 2388.13 8122.86 8.4599 0.03 392 2388 100.00 38.73 23.3178  
12 81 -0.0020 0.0003 100.0 518.67 643.02 1584.68 1412.22 14.62 21.61 553.27 2388.13 9054.63 1.30 47.66 521.53 2388.15 8127.68 8.4732 0.03 393 2388 100.00 38.74 23.2840  
12 82 0.0053 0.0005 100.0 518.67 643.25 1589.34 1404.40 14.62 21.61 553.66 2388.14 9049.13 1.30 47.47 520.85 2388.20 8125.46 8.4490 0.03 392 2388 100.00 38.81 23.3187  
12 83 -0.0018 0.0001 100.0 518.67 642.02 1594.89 1408.90 14.62 21.61 552.50 2388.19 9035.95 1.30 47.69 520.65 2388.11 8122.64 8.4449 0.03 392 2388 100.00 38.98 23.2296  
12 84 0.0016 0.0004 100.0 518.67 642.47 1594.14 1407.82 14.62 21.61 552.30 2388.09 9051.21 1.30 47.58 521.19 2388.13 8124.38 8.4478 0.03 394 2388 100.00 38.73 23.1737  
12 85 -0.0009 -0.0002 100.0 518.67 642.60 1585.73 1413.71 14.62 21.61 553.42 2388.13 9045.67 1.30 47.81 521.40 2388.12 8124.29 8.4884 0.03 393 2388 100.00 38.80 23.3388  
12 86 0.0072 0.0002 100.0 518.67 642.37 1591.10 1415.28 14.62 21.61 552.38 2388.12 9046.37 1.30 47.55 520.79 2388.18 8124.05 8.4550 0.03 393 2388 100.00 38.88 23.2544  
12 87 0.0011 -0.0001 100.0 518.67 642.98 1586.54 1403.94 14.62 21.61 552.21 2388.09 9046.31 1.30 47.43 521.32 2388.15 8123.21 8.4327 0.03 394 2388 100.00 38.84 23.3010  
12 88 0.0017 -0.0004 100.0 518.67 642.96 1592.50 1407.16 14.62 21.61 553.42 2388.18 9043.53 1.30 47.67 521.34 2388.17 8127.67 8.4723 0.03 392 2388 100.00 38.69 23.2846  
12 89 -0.0039 0.0005 100.0 518.67 642.46 1590.54 1414.97 14.62 21.61 552.86 2388.12 9045.73 1.30 47.48 520.65 2388.12 8127.79 8.4149 0.03 391 2388 100.00 38.90 23.2920  
12 90 0.0004 0.0005 100.0 518.67 642.65 1591.09 1410.93 14.62 21.61 553.61 2388.16 9047.90 1.30 47.75 521.46 2388.15 8123.78 8.4813 0.03 394 2388 100.00 38.81 23.2101  
12 91 0.0005 -0.0002 100.0 518.67 643.09 1591.52 1412.95 14.62 21.61 553.74 2388.11 9045.83 1.30 47.50 521.12 2388.15 8125.98 8.4604 0.03 393 2388 100.00 38.60 23.1479  
12 92 0.0021 0.0001 100.0 518.67 643.14 1593.57 1405.97 14.62 21.61 552.31 2388.17 9045.81 1.30 47.87 520.60 2388.12 8132.41 8.4352 0.03 393 2388 100.00 38.60 23.2152  
12 93 0.0009 -0.0003 100.0 518.67 643.15 1587.64 1414.14 14.62 21.61 553.53 2388.16 9050.01 1.30 47.83 521.57 2388.13 8123.55 8.4402 0.03 393 2388 100.00 38.76 23.2344  
12 94 -0.0041 0.0000 100.0 518.67 642.48 1596.66 1409.75 14.62 21.61 552.98 2388.16 9039.46 1.30 47.65 521.53 2388.18 8128.75 8.4628 0.03 394 2388 100.00 38.85 23.2269  
12 95 0.0006 0.0003 100.0 518.67 642.90 1590.23 1408.66 14.62 21.61 552.31 2388.11 9042.87 1.30 47.73 521.45 2388.16 8127.39 8.4852 0.03 394 2388 100.00 38.83 23.2761  
12 96 -0.0021 -0.0004 100.0 518.67 642.54 1584.94 1412.03 14.62 21.61 552.85 2388.14 9050.54 1.30 47.70 521.06 2388.18 8124.55 8.4466 0.03 392 2388 100.00 38.82 23.1321  
12 97 0.0017 0.0004 100.0 518.67 643.01 1592.11 1409.96 14.62 21.61 552.77 2388.18 9046.68 1.30 47.59 521.21 2388.16 8124.95 8.4595 0.03 394 2388 100.00 38.72 23.3156  
12 98 -0.0007 0.0000 100.0 518.67 642.89 1590.63 1407.46 14.62 21.61 553.00 2388.15 9038.10 1.30 47.49 521.48 2388.09 8132.61 8.4301 0.03 395 2388 100.00 38.92 23.2390  
12 99 0.0027 -0.0001 100.0 518.67 642.65 1592.47 1414.00 14.62 21.61 552.84 2388.12 9046.59 1.30 47.67 521.24 2388.14 8129.29 8.4132 0.03 393 2388 100.00 38.64 23.2527  
12 100 -0.0032 0.0005 100.0 518.67 642.93 1592.94 1409.98 14.62 21.61 553.38 2388.14 9050.24 1.30 47.65 521.07 2388.13 8122.41 8.4480 0.03 392 2388 100.00 38.76 23.3091  
12 101 0.0014 0.0002 100.0 518.67 641.86 1592.94 1405.95 14.62 21.61 552.88 2388.15 9047.32 1.30 47.66 521.56 2388.09 8129.80 8.4421 0.03 393 2388 100.00 38.91 23.2826  
12 102 0.0016 -0.0003 100.0 518.67 643.08 1596.33 1416.00 14.62 21.61 553.38 2388.11 9046.83 1.30 47.69 520.93 2388.13 8122.67 8.4379 0.03 393 2388 100.00 38.88 23.2423  
12 103 0.0027 -0.0001 100.0 518.67 642.77 1597.71 1413.83 14.62 21.61 552.81 2388.12 9051.41 1.30 47.71 521.20 2388.14 8130.39 8.4985 0.03 393 2388 100.00 38.86 23.2156  
12 104 -0.0020 -0.0003 100.0 518.67 642.70 1588.44 1411.71 14.62 21.61 553.52 2388.15 9042.83 1.30 47.73 521.05 2388.14 8122.38 8.4867 0.03 393 2388 100.00 38.76 23.1770  
12 105 -0.0005 0.0003 100.0 518.67 642.89 1597.38 1412.60 14.62 21.61 553.20 2388.20 9041.94 1.30 47.68 520.60 2388.12 8124.19 8.4639 0.03 394 2388 100.00 38.79 23.1808  
12 106 0.0018 -0.0004 100.0 518.67 643.09 1597.25 1409.57 14.62 21.61 552.82 2388.15 9041.48 1.30 47.50 520.94 2388.17 8128.52 8.4269 0.03 393 2388 100.00 38.99 23.3442  
12 107 -0.0006 0.0001 100.0 518.67 642.94 1594.02 1417.46 14.62 21.61 553.32 2388.18 9051.61 1.30 47.59 520.62 2388.19 8130.83 8.4534 0.03 394 2388 100.00 38.79 23.2876  
12 108 0.0012 0.0001 100.0 518.67 642.91 1594.45 1408.39 14.62 21.61 552.79 2388.13 9046.87 1.30 47.74 521.20 2388.14 8126.80 8.4474 0.03 395 2388 100.00 38.70 23.1949  
12 109 -0.0015 0.0004 100.0 518.67 642.94 1595.94 1419.38 14.62 21.61 552.71 2388.19 9054.21 1.30 47.70 521.76 2388.11 8124.52 8.4799 0.03 395 2388 100.00 38.66 23.2645  
12 110 0.0013 -0.0002 100.0 518.67 642.84 1592.11 1412.70 14.62 21.61 553.39 2388.17 9051.24 1.30 47.70 521.69 2388.14 8128.89 8.4621 0.03 392 2388 100.00 38.59 23.1781  
12 111 -0.0018 -0.0003 100.0 518.67 643.07 1589.65 1411.45 14.62 21.61 553.44 2388.17 9060.73 1.30 47.59 520.45 2388.15 8130.39 8.4500 0.03 394 2388 100.00 38.59 23.2852  
12 112 0.0004 0.0003 100.0 518.67 642.74 1595.70 1409.29 14.62 21.61 553.11 2388.17 9048.04 1.30 47.74 520.55 2388.17 8127.24 8.4565 0.03 395 2388 100.00 38.62 23.3082  
12 113 0.0010 0.0005 100.0 518.67 642.79 1595.31 1409.84 14.62 21.61 553.07 2388.18 9055.17 1.30 47.69 521.06 2388.17 8121.59 8.4496 0.03 394 2388 100.00 38.74 23.2764  
12 114 -0.0020 0.0005 100.0 518.67 642.86 1598.13 1419.34 14.62 21.61 552.76 2388.19 9045.08 1.30 47.50 520.59 2388.13 8124.98 8.4382 0.03 392 2388 100.00 38.79 23.1929  
12 115 -0.0007 -0.0001 100.0 518.67 642.75 1588.68 1416.20 14.62 21.61 553.31 2388.17 9046.25 1.30 47.73 520.83 2388.15 8122.78 8.4409 0.03 394 2388 100.00 38.67 23.1900  
12 116 -0.0026 -0.0004 100.0 518.67 643.05 1594.69 1417.60 14.62 21.61 553.33 2388.19 9047.89 1.30 47.66 521.05 2388.20 8123.49 8.4426 0.03 393 2388 100.00 38.62 23.2420  
12 117 -0.0002 0.0001 100.0 518.67 643.16 1592.66 1413.56 14.62 21.61 552.82 2388.18 9046.91 1.30 47.75 520.63 2388.14 8121.09 8.4810 0.03 392 2388 100.00 38.64 23.1807  
12 118 0.0011 -0.0003 100.0 518.67 643.70 1585.24 1415.05 14.62 21.61 552.76 2388.18 9050.59 1.30 47.78 521.02 2388.19 8126.15 8.4605 0.03 395 2388 100.00 38.91 23.2145  
12 119 0.0025 -0.0001 100.0 518.67 643.28 1594.82 1410.41 14.62 21.61 552.80 2388.23 9050.16 1.30 47.81 521.30 2388.19 8126.45 8.4725 0.03 394 2388 100.00 38.71 23.2390  
12 120 -0.0020 0.0001 100.0 518.67 643.18 1587.28 1412.59 14.62 21.61 551.93 2388.17 9045.56 1.30 47.90 521.01 2388.18 8131.78 8.4773 0.03 393 2388 100.00 38.75 23.3242  
12 121 0.0013 -0.0004 100.0 518.67 642.84 1586.95 1414.21 14.62 21.61 553.05 2388.19 9051.54 1.30 47.55 521.15 2388.13 8128.04 8.4551 0.03 394 2388 100.00 38.55 23.2929  
12 122 0.0001 0.0004 100.0 518.67 643.26 1590.54 1416.51 14.62 21.61 551.64 2388.19 9040.01 1.30 47.73 520.38 2388.19 8124.48 8.4780 0.03 392 2388 100.00 38.78 23.1837  
12 123 0.0006 0.0003 100.0 518.67 642.76 1593.18 1412.84 14.62 21.61 552.58 2388.17 9052.98 1.30 47.84 520.49 2388.18 8131.92 8.4807 0.03 394 2388 100.00 38.85 23.2708  
12 124 -0.0012 0.0003 100.0 518.67 643.11 1602.74 1420.25 14.62 21.61 552.98 2388.17 9050.51 1.30 47.59 521.09 2388.17 8130.74 8.4259 0.03 393 2388 100.00 38.51 23.2920  
12 125 0.0000 0.0005 100.0 518.67 643.59 1606.24 1414.66 14.62 21.61 552.36 2388.25 9046.11 1.30 47.76 520.91 2388.17 8130.83 8.4549 0.03 394 2388 100.00 38.80 23.2558  
12 126 -0.0004 0.0005 100.0 518.67 642.94 1591.82 1418.62 14.62 21.61 552.88 2388.14 9050.58 1.30 47.87 520.93 2388.20 8129.45 8.4351 0.03 394 2388 100.00 38.80 23.2132  
12 127 -0.0035 -0.0000 100.0 518.67 643.41 1598.83 1413.99 14.62 21.61 552.62 2388.17 9051.97 1.30 47.88 520.21 2388.19 8127.30 8.4668 0.03 395 2388 100.00 38.72 23.2237  
12 128 0.0002 0.0002 100.0 518.67 642.93 1592.17 1417.31 14.62 21.61 553.26 2388.13 9045.00 1.30 47.87 520.14 2388.22 8128.25 8.4577 0.03 394 2388 100.00 38.59 23.2346  
12 129 -0.0021 0.0000 100.0 518.67 643.16 1587.10 1426.19 14.62 21.61 552.39 2388.20 9048.27 1.30 47.97 520.76 2388.23 8131.67 8.4545 0.03 395 2388 100.00 38.59 23.2877  
12 130 0.0001 0.0001 100.0 518.67 642.42 1590.42 1427.28 14.62 21.61 552.50 2388.15 9045.59 1.30 47.80 520.50 2388.17 8125.55 8.4619 0.03 395 2388 100.00 38.40 23.2302  
12 131 -0.0019 0.0005 100.0 518.67 643.21 1591.13 1428.96 14.62 21.61 552.26 2388.20 9051.53 1.30 47.89 520.66 2388.22 8131.81 8.4761 0.03 395 2388 100.00 38.68 23.2653  
12 132 0.0018 0.0004 100.0 518.67 643.34 1591.07 1418.45 14.62 21.61 553.00 2388.18 9049.74 1.30 47.86 520.90 2388.21 8128.53 8.4995 0.03 396 2388 100.00 38.64 23.1266  
12 133 0.0010 -0.0001 100.0 518.67 642.99 1588.98 1414.33 14.62 21.61 552.04 2388.18 9048.98 1.30 47.77 520.91 2388.21 8125.33 8.5056 0.03 394 2388 100.00 38.83 23.2403  
12 134 0.0024 -0.0000 100.0 518.67 642.76 1593.30 1419.05 14.62 21.61 552.76 2388.19 9047.52 1.30 47.78 520.65 2388.29 8130.84 8.5003 0.03 394 2388 100.00 38.67 23.2830  
12 135 0.0012 -0.0002 100.0 518.67 643.15 1606.69 1421.42 14.62 21.61 552.75 2388.15 9051.89 1.30 47.75 520.34 2388.19 8119.80 8.4456 0.03 395 2388 100.00 38.76 23.1279  
12 136 0.0013 0.0005 100.0 518.67 643.09 1591.89 1413.03 14.62 21.61 553.06 2388.19 9049.13 1.30 47.91 520.71 2388.20 8120.99 8.4638 0.03 394 2388 100.00 38.52 23.1964  
12 137 -0.0036 0.0002 100.0 518.67 642.65 1589.72 1419.00 14.62 21.61 552.48 2388.18 9049.43 1.30 47.99 520.65 2388.20 8125.75 8.4807 0.03 396 2388 100.00 38.67 23.1929  
12 138 0.0032 0.0003 100.0 518.67 643.39 1604.19 1417.20 14.62 21.61 552.51 2388.18 9051.42 1.30 47.95 520.42 2388.15 8129.88 8.4864 0.03 393 2388 100.00 38.68 23.1407  
12 139 0.0006 0.0002 100.0 518.67 642.87 1597.67 1427.64 14.62 21.61 552.02 2388.23 9042.97 1.30 47.77 520.53 2388.26 8125.19 8.4641 0.03 396 2388 100.00 38.84 23.1714  
12 140 0.0009 0.0002 100.0 518.67 643.04 1589.71 1418.94 14.62 21.61 553.26 2388.27 9048.85 1.30 47.77 520.49 2388.22 8122.92 8.4778 0.03 394 2388 100.00 38.63 23.1876  
12 141 0.0026 -0.0001 100.0 518.67 643.39 1592.31 1425.51 14.62 21.61 551.84 2388.23 9049.89 1.30 48.05 520.33 2388.24 8126.00 8.4676 0.03 396 2388 100.00 38.62 23.3154  
12 142 -0.0020 0.0001 100.0 518.67 643.60 1596.32 1422.42 14.62 21.61 552.64 2388.20 9042.52 1.30 47.85 520.25 2388.20 8124.63 8.4810 0.03 395 2388 100.00 38.51 23.3021  
12 143 0.0039 0.0003 100.0 518.67 642.82 1600.64 1421.68 14.62 21.61 552.03 2388.18 9050.46 1.30 47.86 520.62 2388.18 8122.01 8.4773 0.03 396 2388 100.00 38.49 23.1289  
12 144 -0.0019 -0.0004 100.0 518.67 643.65 1590.16 1421.96 14.62 21.61 552.17 2388.21 9052.91 1.30 47.78 519.94 2388.19 8118.74 8.4481 0.03 394 2388 100.00 38.68 23.0626  
12 145 0.0001 0.0000 100.0 518.67 642.82 1601.68 1416.98 14.62 21.61 551.10 2388.24 9045.06 1.30 47.86 520.66 2388.12 8123.76 8.4908 0.03 392 2388 100.00 38.55 23.0901  
12 146 0.0000 0.0005 100.0 518.67 642.99 1591.97 1422.97 14.62 21.61 552.92 2388.20 9053.08 1.30 47.70 520.22 2388.22 8131.64 8.4718 0.03 395 2388 100.00 38.51 23.2257  
12 147 0.0019 0.0001 100.0 518.67 643.06 1596.79 1419.60 14.62 21.61 551.33 2388.23 9049.13 1.30 47.94 520.82 2388.22 8129.72 8.5152 0.03 395 2388 100.00 38.64 23.1366  
12 148 -0.0036 0.0003 100.0 518.67 643.13 1602.11 1422.20 14.62 21.61 551.84 2388.26 9046.34 1.30 47.68 520.33 2388.19 8125.02 8.4800 0.03 394 2388 100.00 38.85 23.1506  
12 149 -0.0013 0.0001 100.0 518.67 643.54 1595.79 1419.79 14.62 21.61 551.84 2388.25 9046.63 1.30 48.10 520.36 2388.19 8126.26 8.5120 0.03 395 2388 100.00 38.45 23.1660  
12 150 -0.0003 0.0005 100.0 518.67 643.34 1597.62 1426.32 14.62 21.61 552.37 2388.20 9050.58 1.30 47.87 520.30 2388.28 8128.98 8.5160 0.03 395 2388 100.00 38.57 23.1088  
12 151 -0.0002 0.0004 100.0 518.67 643.61 1594.38 1418.09 14.62 21.61 552.36 2388.21 9044.63 1.30 47.98 519.96 2388.26 8124.27 8.5174 0.03 396 2388 100.00 38.44 23.0561  
12 152 0.0017 0.0003 100.0 518.67 643.03 1600.52 1422.80 14.62 21.61 551.86 2388.20 9049.81 1.30 48.08 519.98 2388.22 8124.46 8.5233 0.03 396 2388 100.00 38.57 23.0740  
12 153 -0.0007 -0.0004 100.0 518.67 643.06 1593.88 1425.50 14.62 21.61 551.20 2388.23 9051.41 1.30 47.93 520.25 2388.21 8130.45 8.5024 0.03 396 2388 100.00 38.55 23.2636  
12 154 -0.0014 -0.0000 100.0 518.67 643.42 1594.76 1424.54 14.62 21.61 552.03 2388.26 9042.89 1.30 48.12 520.61 2388.27 8127.18 8.4748 0.03 394 2388 100.00 38.74 23.1146  
12 155 -0.0018 -0.0003 100.0 518.67 643.75 1598.19 1426.68 14.62 21.61 552.02 2388.21 9048.17 1.30 48.07 519.64 2388.27 8123.27 8.4941 0.03 396 2388 100.00 38.49 23.2194  
12 156 0.0022 0.0004 100.0 518.67 643.30 1596.61 1420.52 14.62 21.61 552.47 2388.24 9056.93 1.30 47.94 519.94 2388.25 8129.13 8.4975 0.03 395 2388 100.00 38.32 23.0739  
12 157 -0.0019 0.0001 100.0 518.67 642.86 1597.39 1428.13 14.62 21.61 551.91 2388.27 9052.49 1.30 48.01 520.03 2388.21 8129.49 8.4718 0.03 394 2388 100.00 38.37 23.2030  
12 158 -0.0026 -0.0002 100.0 518.67 643.62 1607.10 1424.96 14.62 21.61 551.95 2388.25 9051.35 1.30 47.95 520.28 2388.25 8127.19 8.4895 0.03 396 2388 100.00 38.57 23.0512  
12 159 0.0031 0.0004 100.0 518.67 643.63 1598.16 1430.89 14.62 21.61 551.85 2388.28 9045.15 1.30 48.10 520.13 2388.27 8119.77 8.4929 0.03 395 2388 100.00 38.48 23.1750  
12 160 -0.0012 -0.0002 100.0 518.67 643.64 1592.61 1429.75 14.62 21.61 551.28 2388.27 9054.75 1.30 48.28 520.05 2388.31 8125.47 8.5020 0.03 397 2388 100.00 38.31 23.0700  
12 161 0.0008 0.0002 100.0 518.67 643.10 1595.35 1428.39 14.62 21.61 552.11 2388.28 9045.91 1.30 48.17 519.72 2388.26 8124.91 8.5164 0.03 396 2388 100.00 38.46 23.1629  
12 162 0.0009 0.0003 100.0 518.67 643.45 1602.88 1414.13 14.62 21.61 551.33 2388.21 9050.03 1.30 48.15 519.36 2388.25 8133.48 8.5142 0.03 396 2388 100.00 38.36 23.0593  
12 163 0.0008 0.0003 100.0 518.67 643.59 1593.01 1434.05 14.62 21.61 551.09 2388.22 9054.26 1.30 48.08 519.25 2388.30 8127.89 8.5654 0.03 397 2388 100.00 38.57 23.1024  
12 164 0.0006 -0.0000 100.0 518.67 642.95 1598.33 1419.55 14.62 21.61 551.55 2388.28 9058.39 1.30 48.08 519.61 2388.20 8126.87 8.5203 0.03 397 2388 100.00 38.35 23.0511  
12 165 0.0034 0.0001 100.0 518.67 643.76 1597.89 1425.13 14.62 21.61 552.40 2388.28 9051.42 1.30 48.21 520.11 2388.25 8122.72 8.4870 0.03 396 2388 100.00 38.42 23.0516  
12 166 0.0021 0.0002 100.0 518.67 643.91 1604.39 1427.48 14.62 21.61 551.82 2388.29 9052.79 1.30 48.22 519.88 2388.25 8125.91 8.5110 0.03 396 2388 100.00 38.43 23.1312  
12 167 -0.0009 0.0003 100.0 518.67 643.78 1600.52 1426.11 14.62 21.61 551.26 2388.28 9053.07 1.30 48.01 519.61 2388.27 8129.63 8.5039 0.03 396 2388 100.00 38.47 23.0371  
12 168 0.0007 0.0002 100.0 518.67 643.59 1596.25 1429.19 14.62 21.61 551.27 2388.29 9055.55 1.30 48.18 519.01 2388.27 8125.62 8.5275 0.03 396 2388 100.00 38.52 23.1209  
12 169 0.0027 0.0005 100.0 518.67 643.34 1597.46 1429.09 14.62 21.61 551.43 2388.25 9047.75 1.30 48.10 519.32 2388.33 8120.62 8.5321 0.03 396 2388 100.00 38.47 23.0444  
12 170 0.0002 -0.0001 100.0 518.67 643.31 1601.76 1434.94 14.62 21.61 551.10 2388.32 9050.40 1.30 48.08 519.55 2388.29 8122.87 8.5213 0.03 395 2388 100.00 38.64 23.0102  
13 1 -0.0010 -0.0002 100.0 518.67 641.94 1594.32 1405.50 14.62 21.61 554.14 2388.07 9051.55 1.30 47.46 520.87 2388.11 8131.99 8.4393 0.03 392 2388 100.00 38.76 23.3793  
13 2 0.0039 -0.0000 100.0 518.67 642.61 1592.31 1406.78 14.62 21.61 553.08 2388.11 9053.39 1.30 47.50 521.45 2388.08 8135.24 8.4325 0.03 393 2388 100.00 38.97 23.2731  
13 3 -0.0034 -0.0001 100.0 518.67 642.23 1589.66 1410.36 14.62 21.61 553.29 2388.10 9061.71 1.30 47.43 521.66 2388.10 8137.34 8.4642 0.03 393 2388 100.00 38.67 23.2775  
13 4 -0.0013 0.0002 100.0 518.67 642.67 1593.12 1408.66 14.62 21.61 553.71 2388.12 9047.99 1.30 47.65 521.44 2388.16 8133.29 8.4115 0.03 391 2388 100.00 38.80 23.3566  
13 5 -0.0018 0.0004 100.0 518.67 642.77 1589.93 1408.31 14.62 21.61 553.21 2388.08 9057.89 1.30 47.56 521.32 2388.14 8133.30 8.3731 0.03 393 2388 100.00 39.08 23.4748  
13 6 0.0010 -0.0002 100.0 518.67 642.83 1589.25 1406.72 14.62 21.61 553.29 2388.15 9053.61 1.30 47.58 521.70 2388.10 8134.54 8.4222 0.03 392 2388 100.00 38.88 23.2899  
13 7 -0.0011 0.0003 100.0 518.67 642.69 1591.14 1402.15 14.62 21.61 553.16 2388.09 9057.27 1.30 47.42 521.31 2388.06 8140.95 8.4300 0.03 392 2388 100.00 38.92 23.2850  
13 8 -0.0031 0.0005 100.0 518.67 642.41 1590.39 1399.39 14.62 21.61 552.75 2388.12 9053.80 1.30 47.58 521.46 2388.12 8132.12 8.4281 0.03 393 2388 100.00 38.94 23.4308  
13 9 0.0028 0.0004 100.0 518.67 642.76 1589.31 1416.61 14.62 21.61 553.56 2388.10 9053.53 1.30 47.54 521.28 2388.10 8136.50 8.4141 0.03 393 2388 100.00 38.61 23.2479  
13 10 -0.0027 -0.0004 100.0 518.67 642.31 1594.02 1410.10 14.62 21.61 552.65 2388.08 9055.86 1.30 47.45 521.86 2388.14 8131.43 8.4321 0.03 391 2388 100.00 38.75 23.2720  
13 11 -0.0014 0.0003 100.0 518.67 642.81 1590.74 1403.72 14.62 21.61 553.43 2388.08 9057.06 1.30 47.57 522.20 2388.10 8132.71 8.4001 0.03 394 2388 100.00 38.86 23.3338  
13 12 -0.0027 -0.0001 100.0 518.67 641.91 1585.92 1407.15 14.62 21.61 553.28 2388.07 9057.66 1.30 47.55 521.58 2388.09 8140.59 8.4438 0.03 394 2388 100.00 38.77 23.3329  
13 13 -0.0010 -0.0000 100.0 518.67 643.25 1599.99 1409.62 14.62 21.61 553.27 2388.13 9055.24 1.30 47.43 521.66 2388.10 8135.84 8.4336 0.03 394 2388 100.00 38.83 23.2979  
13 14 -0.0002 0.0004 100.0 518.67 642.22 1591.18 1409.34 14.62 21.61 553.57 2388.08 9059.89 1.30 47.50 520.85 2388.07 8139.03 8.4295 0.03 392 2388 100.00 38.90 23.2906  
13 15 0.0004 -0.0003 100.0 518.67 642.79 1594.09 1406.20 14.62 21.61 552.90 2388.12 9055.37 1.30 47.68 522.15 2388.06 8131.19 8.3932 0.03 391 2388 100.00 38.91 23.3631  
13 16 0.0028 -0.0004 100.0 518.67 642.59 1595.91 1409.00 14.62 21.61 553.08 2388.07 9052.10 1.30 47.42 521.74 2388.05 8136.84 8.4156 0.03 394 2388 100.00 38.97 23.3014  
13 17 0.0029 -0.0001 100.0 518.67 643.01 1593.27 1404.03 14.62 21.61 553.22 2388.09 9050.42 1.30 47.37 521.73 2388.10 8135.74 8.4232 0.03 393 2388 100.00 38.86 23.3667  
13 18 -0.0016 0.0005 100.0 518.67 642.08 1589.14 1405.87 14.62 21.61 553.54 2388.10 9054.20 1.30 47.40 521.54 2388.14 8129.93 8.4075 0.03 392 2388 100.00 38.77 23.3347  
13 19 -0.0024 -0.0002 100.0 518.67 642.47 1584.56 1408.11 14.62 21.61 553.13 2388.09 9061.64 1.30 47.48 521.39 2388.06 8131.57 8.4485 0.03 394 2388 100.00 38.82 23.3526  
13 20 -0.0007 0.0001 100.0 518.67 642.77 1595.46 1407.40 14.62 21.61 553.28 2388.06 9054.38 1.30 47.51 522.05 2388.11 8133.96 8.4264 0.03 392 2388 100.00 38.57 23.2427  
13 21 0.0007 0.0003 100.0 518.67 642.25 1581.62 1407.08 14.62 21.61 553.16 2388.06 9054.83 1.30 47.62 521.26 2388.08 8131.20 8.4389 0.03 393 2388 100.00 38.83 23.4299  
13 22 -0.0015 0.0001 100.0 518.67 643.02 1586.20 1407.41 14.62 21.61 553.48 2388.10 9056.62 1.30 47.46 521.56 2388.08 8138.31 8.4280 0.03 392 2388 100.00 38.84 23.2634  
13 23 -0.0014 -0.0004 100.0 518.67 642.60 1586.29 1405.63 14.62 21.61 553.12 2388.12 9056.01 1.30 47.57 522.07 2388.14 8131.79 8.4311 0.03 392 2388 100.00 38.98 23.3116  
13 24 -0.0002 0.0005 100.0 518.67 642.95 1587.31 1406.29 14.62 21.61 553.75 2388.14 9051.44 1.30 47.64 521.89 2388.05 8134.74 8.4215 0.03 393 2388 100.00 38.85 23.2426  
13 25 0.0025 0.0003 100.0 518.67 642.10 1594.30 1407.62 14.62 21.61 553.55 2388.10 9062.26 1.30 47.51 522.50 2388.14 8131.96 8.4366 0.03 393 2388 100.00 38.86 23.3473  
13 26 -0.0010 0.0003 100.0 518.67 642.19 1586.42 1402.94 14.62 21.61 553.70 2388.10 9063.15 1.30 47.58 521.49 2388.11 8133.23 8.4346 0.03 391 2388 100.00 38.83 23.3003  
13 27 0.0006 -0.0001 100.0 518.67 643.01 1590.15 1407.03 14.62 21.61 553.15 2388.07 9056.15 1.30 47.47 521.32 2388.08 8140.32 8.4475 0.03 393 2388 100.00 38.71 23.4061  
13 28 0.0012 -0.0003 100.0 518.67 642.56 1590.55 1406.48 14.62 21.61 553.34 2388.07 9059.63 1.30 47.60 521.73 2388.07 8139.62 8.4191 0.03 393 2388 100.00 38.84 23.2284  
13 29 -0.0003 0.0002 100.0 518.67 642.89 1588.97 1408.82 14.62 21.61 553.25 2388.09 9047.99 1.30 47.48 521.67 2388.08 8135.18 8.4534 0.03 394 2388 100.00 38.85 23.2946  
13 30 -0.0032 0.0001 100.0 518.67 642.70 1588.36 1409.60 14.62 21.61 554.31 2388.16 9057.73 1.30 47.36 521.31 2388.11 8138.11 8.4743 0.03 393 2388 100.00 38.87 23.3169  
13 31 -0.0015 0.0002 100.0 518.67 642.30 1590.98 1404.89 14.62 21.61 553.89 2388.05 9058.44 1.30 47.44 521.85 2388.11 8137.52 8.4644 0.03 393 2388 100.00 38.82 23.2797  
13 32 -0.0010 0.0002 100.0 518.67 642.75 1589.12 1405.37 14.62 21.61 553.72 2388.09 9053.01 1.30 47.44 521.54 2388.08 8136.49 8.4316 0.03 393 2388 100.00 38.93 23.2791  
13 33 -0.0000 0.0002 100.0 518.67 642.48 1588.69 1406.37 14.62 21.61 552.64 2388.10 9057.65 1.30 47.49 521.57 2388.11 8139.33 8.4294 0.03 394 2388 100.00 38.82 23.3490  
13 34 -0.0007 0.0003 100.0 518.67 642.35 1590.06 1409.85 14.62 21.61 553.90 2388.09 9061.24 1.30 47.50 521.78 2388.10 8132.94 8.4597 0.03 393 2388 100.00 38.92 23.3717  
13 35 -0.0013 -0.0004 100.0 518.67 642.61 1589.91 1401.64 14.62 21.61 553.08 2388.09 9051.13 1.30 47.38 521.19 2388.08 8135.18 8.4422 0.03 393 2388 100.00 38.84 23.3348  
13 36 -0.0034 -0.0000 100.0 518.67 642.58 1586.23 1403.92 14.62 21.61 553.50 2388.10 9047.89 1.30 47.58 521.44 2388.15 8131.74 8.4509 0.03 393 2388 100.00 38.92 23.3830  
13 37 -0.0041 0.0002 100.0 518.67 642.68 1582.58 1412.44 14.62 21.61 553.58 2388.06 9050.50 1.30 47.48 521.86 2388.07 8132.14 8.4326 0.03 392 2388 100.00 38.74 23.1862  
13 38 0.0001 0.0004 100.0 518.67 642.69 1593.33 1406.92 14.62 21.61 553.62 2388.13 9049.92 1.30 47.70 521.55 2388.09 8135.67 8.4576 0.03 393 2388 100.00 39.07 23.2141  
13 39 -0.0005 -0.0003 100.0 518.67 642.63 1581.24 1403.80 14.62 21.61 553.23 2388.03 9053.60 1.30 47.50 521.63 2388.05 8140.86 8.4236 0.03 392 2388 100.00 38.94 23.3430  
13 40 0.0013 0.0004 100.0 518.67 641.99 1585.55 1411.86 14.62 21.61 553.69 2388.13 9062.62 1.30 47.41 521.68 2388.12 8134.21 8.4448 0.03 393 2388 100.00 38.55 23.3491  
13 41 -0.0007 0.0002 100.0 518.67 642.23 1588.43 1403.07 14.62 21.61 553.26 2388.10 9057.22 1.30 47.58 521.82 2388.10 8137.55 8.4804 0.03 393 2388 100.00 38.92 23.3163  
13 42 0.0023 -0.0004 100.0 518.67 642.86 1588.03 1407.81 14.62 21.61 553.52 2388.11 9061.57 1.30 47.52 521.91 2388.09 8135.86 8.4216 0.03 393 2388 100.00 38.80 23.2903  
13 43 -0.0017 -0.0000 100.0 518.67 642.66 1590.78 1407.90 14.62 21.61 553.64 2388.10 9056.20 1.30 47.39 521.26 2388.10 8137.72 8.4378 0.03 394 2388 100.00 38.81 23.3655  
13 44 0.0024 0.0001 100.0 518.67 642.45 1590.56 1412.61 14.62 21.61 553.88 2388.07 9055.21 1.30 47.59 521.30 2388.04 8136.66 8.4059 0.03 394 2388 100.00 38.94 23.3218  
13 45 0.0016 0.0001 100.0 518.67 642.77 1588.23 1410.44 14.62 21.61 553.99 2388.10 9057.00 1.30 47.51 521.42 2388.12 8136.03 8.4185 0.03 391 2388 100.00 38.70 23.3342  
13 46 0.0041 -0.0004 100.0 518.67 642.86 1584.07 1409.85 14.62 21.61 553.12 2388.09 9045.60 1.30 47.58 521.30 2388.07 8136.97 8.4180 0.03 393 2388 100.00 38.90 23.3050  
13 47 -0.0019 0.0004 100.0 518.67 642.14 1594.30 1402.37 14.62 21.61 553.34 2388.07 9057.28 1.30 47.35 521.81 2388.11 8139.45 8.4108 0.03 394 2388 100.00 38.74 23.3972  
13 48 -0.0026 -0.0000 100.0 518.67 642.85 1594.55 1406.57 14.62 21.61 553.80 2388.09 9063.15 1.30 47.57 521.28 2388.13 8131.54 8.4592 0.03 393 2388 100.00 38.96 23.3012  
13 49 -0.0027 -0.0004 100.0 518.67 642.91 1584.16 1409.84 14.62 21.61 553.06 2388.10 9062.76 1.30 47.65 521.30 2388.14 8139.96 8.4155 0.03 395 2388 100.00 38.65 23.2812  
13 50 -0.0013 0.0000 100.0 518.67 642.89 1592.76 1409.34 14.62 21.61 553.74 2388.11 9053.83 1.30 47.61 521.04 2388.09 8134.30 8.4360 0.03 394 2388 100.00 38.67 23.2642  
13 51 0.0011 -0.0003 100.0 518.67 641.96 1590.80 1405.96 14.62 21.61 553.51 2388.09 9052.06 1.30 47.60 521.78 2388.11 8129.46 8.4130 0.03 393 2388 100.00 38.95 23.2755  
13 52 0.0064 -0.0004 100.0 518.67 642.56 1594.44 1411.13 14.62 21.61 553.26 2388.10 9055.29 1.30 47.52 521.75 2388.12 8140.99 8.4222 0.03 393 2388 100.00 38.86 23.2670  
13 53 -0.0011 0.0004 100.0 518.67 642.62 1587.86 1405.82 14.62 21.61 553.02 2388.09 9059.33 1.30 47.40 522.18 2388.08 8138.09 8.4513 0.03 392 2388 100.00 39.02 23.3445  
13 54 0.0023 -0.0001 100.0 518.67 642.37 1590.53 1410.93 14.62 21.61 553.40 2388.10 9060.14 1.30 47.45 520.99 2388.08 8140.00 8.4040 0.03 392 2388 100.00 39.04 23.2260  
13 55 -0.0031 -0.0002 100.0 518.67 642.92 1594.46 1406.72 14.62 21.61 553.33 2388.05 9058.09 1.30 47.37 521.62 2388.08 8139.52 8.4436 0.03 392 2388 100.00 38.67 23.3543  
13 56 0.0002 0.0005 100.0 518.67 642.21 1592.74 1404.01 14.62 21.61 553.15 2388.11 9062.98 1.30 47.50 521.87 2388.06 8141.38 8.4322 0.03 393 2388 100.00 38.94 23.3912  
13 57 0.0008 0.0004 100.0 518.67 642.78 1594.82 1403.80 14.62 21.61 554.07 2388.04 9061.05 1.30 47.45 521.46 2388.12 8138.71 8.4077 0.03 394 2388 100.00 38.82 23.2318  
13 58 0.0023 0.0004 100.0 518.67 642.37 1594.12 1413.32 14.62 21.61 553.05 2388.14 9049.98 1.30 47.45 521.47 2388.11 8135.93 8.4612 0.03 394 2388 100.00 38.87 23.3108  
13 59 -0.0021 -0.0001 100.0 518.67 642.61 1584.02 1413.87 14.62 21.61 552.84 2388.10 9058.18 1.30 47.56 521.97 2388.14 8131.28 8.4369 0.03 394 2388 100.00 38.80 23.3658  
13 60 0.0033 0.0004 100.0 518.67 642.51 1589.07 1404.27 14.62 21.61 553.74 2388.08 9063.64 1.30 47.42 521.64 2388.10 8144.20 8.4227 0.03 394 2388 100.00 38.69 23.3591  
13 61 -0.0015 -0.0005 100.0 518.67 642.63 1585.86 1411.08 14.62 21.61 553.26 2388.12 9061.46 1.30 47.54 521.36 2388.14 8140.09 8.4149 0.03 393 2388 100.00 39.00 23.2930  
13 62 0.0034 -0.0003 100.0 518.67 642.23 1596.03 1406.18 14.62 21.61 553.40 2388.11 9057.73 1.30 47.61 521.47 2388.08 8137.10 8.4358 0.03 394 2388 100.00 38.90 23.2968  
13 63 0.0010 -0.0003 100.0 518.67 642.61 1582.69 1399.34 14.62 21.61 553.22 2388.09 9060.40 1.30 47.48 522.14 2388.06 8133.47 8.4244 0.03 392 2388 100.00 38.91 23.2965  
13 64 0.0022 0.0002 100.0 518.67 642.80 1592.07 1402.07 14.62 21.61 553.46 2388.08 9053.94 1.30 47.53 521.86 2388.10 8136.91 8.4536 0.03 394 2388 100.00 38.78 23.2062  
13 65 0.0019 0.0005 100.0 518.67 642.60 1594.17 1410.38 14.62 21.61 553.04 2388.12 9062.30 1.30 47.59 521.59 2388.12 8131.35 8.4390 0.03 393 2388 100.00 38.99 23.1712  
13 66 0.0034 -0.0002 100.0 518.67 642.68 1586.39 1403.29 14.62 21.61 553.59 2388.13 9057.50 1.30 47.58 521.86 2388.07 8142.94 8.4566 0.03 395 2388 100.00 38.83 23.2897  
13 67 0.0008 -0.0004 100.0 518.67 642.85 1587.87 1411.71 14.62 21.61 553.67 2388.10 9052.26 1.30 47.62 521.59 2388.07 8138.04 8.4770 0.03 390 2388 100.00 38.62 23.3134  
13 68 0.0002 -0.0002 100.0 518.67 643.05 1593.84 1410.46 14.62 21.61 554.39 2388.10 9056.67 1.30 47.46 521.06 2388.09 8141.04 8.4091 0.03 393 2388 100.00 38.94 23.2666  
13 69 0.0012 -0.0003 100.0 518.67 642.94 1590.66 1408.67 14.62 21.61 553.61 2388.09 9058.86 1.30 47.62 521.68 2388.09 8135.55 8.4165 0.03 393 2388 100.00 38.73 23.2290  
13 70 -0.0005 0.0002 100.0 518.67 642.22 1591.39 1406.78 14.62 21.61 553.30 2388.09 9056.85 1.30 47.62 521.14 2388.06 8136.82 8.4562 0.03 390 2388 100.00 38.78 23.2932  
13 71 -0.0033 0.0002 100.0 518.67 642.73 1591.12 1414.31 14.62 21.61 554.25 2388.13 9062.22 1.30 47.51 521.21 2388.08 8140.42 8.4381 0.03 392 2388 100.00 38.76 23.2452  
13 72 0.0041 -0.0004 100.0 518.67 642.54 1591.82 1409.41 14.62 21.61 553.82 2388.11 9060.47 1.30 47.61 521.39 2388.17 8135.27 8.4537 0.03 394 2388 100.00 38.93 23.3227  
13 73 0.0002 0.0004 100.0 518.67 642.93 1589.96 1411.79 14.62 21.61 553.77 2388.09 9058.23 1.30 47.49 521.38 2388.05 8132.57 8.4445 0.03 395 2388 100.00 38.72 23.2954  
13 74 -0.0000 -0.0002 100.0 518.67 642.87 1586.46 1415.71 14.62 21.61 553.38 2388.06 9056.09 1.30 47.37 521.54 2388.12 8141.35 8.4046 0.03 392 2388 100.00 38.89 23.2266  
13 75 0.0012 0.0002 100.0 518.67 642.72 1584.67 1410.41 14.62 21.61 553.18 2388.14 9064.07 1.30 47.58 521.23 2388.10 8139.15 8.4548 0.03 393 2388 100.00 38.82 23.2683  
13 76 0.0013 -0.0003 100.0 518.67 642.76 1588.78 1409.33 14.62 21.61 553.19 2388.12 9057.88 1.30 47.65 521.72 2388.11 8139.66 8.4770 0.03 394 2388 100.00 38.76 23.3218  
13 77 0.0022 -0.0005 100.0 518.67 642.98 1592.44 1407.09 14.62 21.61 553.44 2388.12 9059.92 1.30 47.44 520.77 2388.03 8138.42 8.4119 0.03 394 2388 100.00 39.00 23.2637  
13 78 0.0007 -0.0003 100.0 518.67 643.34 1588.31 1407.96 14.62 21.61 553.59 2388.10 9056.17 1.30 47.49 520.70 2388.08 8131.86 8.4692 0.03 393 2388 100.00 38.87 23.2975  
13 79 -0.0002 -0.0004 100.0 518.67 642.88 1589.69 1406.53 14.62 21.61 553.71 2388.14 9067.65 1.30 47.56 521.63 2388.09 8143.04 8.4337 0.03 392 2388 100.00 38.96 23.2119  
13 80 -0.0012 -0.0002 100.0 518.67 642.75 1590.85 1412.63 14.62 21.61 553.27 2388.05 9066.09 1.30 47.59 521.37 2388.13 8138.58 8.4287 0.03 394 2388 100.00 38.98 23.2990  
13 81 -0.0033 -0.0002 100.0 518.67 642.13 1588.28 1412.80 14.62 21.61 553.35 2388.11 9055.69 1.30 47.79 521.23 2388.11 8144.43 8.4056 0.03 393 2388 100.00 38.82 23.2447  
13 82 -0.0022 -0.0003 100.0 518.67 642.90 1593.79 1402.78 14.62 21.61 553.04 2388.09 9060.44 1.30 47.52 521.21 2388.05 8146.24 8.4112 0.03 392 2388 100.00 38.76 23.1750  
13 83 0.0009 0.0002 100.0 518.67 642.47 1587.71 1406.15 14.62 21.61 553.21 2388.10 9062.17 1.30 47.66 521.02 2388.09 8143.73 8.4517 0.03 392 2388 100.00 38.77 23.3331  
13 84 0.0013 -0.0001 100.0 518.67 642.74 1586.75 1407.51 14.62 21.61 553.40 2388.07 9062.51 1.30 47.37 521.42 2388.07 8137.21 8.4447 0.03 393 2388 100.00 38.61 23.2227  
13 85 -0.0060 0.0004 100.0 518.67 642.53 1588.86 1408.95 14.62 21.61 553.55 2388.14 9061.25 1.30 47.55 521.04 2388.10 8144.30 8.4292 0.03 394 2388 100.00 38.78 23.3566  
13 86 -0.0011 -0.0004 100.0 518.67 642.95 1597.20 1411.47 14.62 21.61 553.60 2388.08 9057.25 1.30 47.31 521.94 2388.09 8136.97 8.3863 0.03 394 2388 100.00 38.94 23.3206  
13 87 0.0007 0.0003 100.0 518.67 642.93 1590.90 1412.87 14.62 21.61 552.76 2388.14 9066.14 1.30 47.63 520.66 2388.11 8139.76 8.4561 0.03 393 2388 100.00 38.71 23.3149  
13 88 -0.0010 -0.0003 100.0 518.67 643.20 1584.99 1410.14 14.62 21.61 554.31 2388.07 9066.42 1.30 47.53 521.32 2388.09 8143.06 8.4165 0.03 394 2388 100.00 38.77 23.2396  
13 89 0.0011 -0.0003 100.0 518.67 642.78 1582.60 1406.30 14.62 21.61 553.15 2388.09 9064.28 1.30 47.31 520.97 2388.12 8140.10 8.4431 0.03 394 2388 100.00 38.77 23.3060  
13 90 0.0011 0.0005 100.0 518.67 643.21 1590.21 1404.97 14.62 21.61 552.96 2388.10 9064.05 1.30 47.58 520.82 2388.07 8141.49 8.4168 0.03 393 2388 100.00 38.66 23.3462  
13 91 -0.0026 0.0004 100.0 518.67 642.84 1584.29 1408.55 14.62 21.61 553.49 2388.12 9068.06 1.30 47.51 521.26 2388.08 8145.81 8.4242 0.03 394 2388 100.00 38.82 23.2589  
13 92 0.0003 -0.0004 100.0 518.67 643.05 1598.85 1414.03 14.62 21.61 552.79 2388.08 9066.91 1.30 47.37 521.73 2388.04 8144.24 8.4679 0.03 394 2388 100.00 39.00 23.2359  
13 93 -0.0013 0.0000 100.0 518.67 642.79 1590.43 1418.25 14.62 21.61 553.16 2388.13 9067.12 1.30 47.54 521.63 2388.14 8145.51 8.4684 0.03 393 2388 100.00 38.87 23.2900  
13 94 -0.0008 0.0001 100.0 518.67 642.95 1587.61 1410.23 14.62 21.61 553.68 2388.05 9068.69 1.30 47.55 521.23 2388.12 8146.86 8.4461 0.03 393 2388 100.00 38.75 23.3104  
13 95 -0.0002 -0.0004 100.0 518.67 642.58 1593.74 1416.13 14.62 21.61 552.60 2388.13 9074.47 1.30 47.77 521.46 2388.09 8149.73 8.4234 0.03 393 2388 100.00 38.73 23.2496  
13 96 -0.0024 0.0005 100.0 518.67 642.51 1590.91 1410.02 14.62 21.61 552.94 2388.05 9064.09 1.30 47.57 521.87 2388.05 8145.81 8.4371 0.03 393 2388 100.00 38.64 23.2385  
13 97 -0.0016 -0.0001 100.0 518.67 642.98 1588.13 1412.34 14.62 21.61 552.71 2388.13 9063.33 1.30 47.61 521.28 2388.03 8143.21 8.4172 0.03 393 2388 100.00 38.80 23.3132  
13 98 -0.0015 0.0001 100.0 518.67 642.89 1584.86 1412.78 14.62 21.61 553.42 2388.12 9073.67 1.30 47.68 521.57 2388.08 8145.08 8.4596 0.03 395 2388 100.00 38.72 23.2199  
13 99 0.0009 -0.0002 100.0 518.67 642.56 1593.29 1408.46 14.62 21.61 554.10 2388.09 9071.30 1.30 47.27 520.81 2388.03 8147.78 8.4369 0.03 394 2388 100.00 38.96 23.2136  
13 100 0.0037 -0.0003 100.0 518.67 642.78 1593.39 1412.04 14.62 21.61 553.44 2388.12 9068.22 1.30 47.78 521.44 2388.06 8147.14 8.4227 0.03 394 2388 100.00 38.90 23.3333  
13 101 0.0001 0.0002 100.0 518.67 642.98 1597.42 1414.86 14.62 21.61 553.73 2388.11 9062.60 1.30 47.75 520.85 2388.12 8148.34 8.4758 0.03 394 2388 100.00 38.73 23.2955  
13 102 0.0008 -0.0001 100.0 518.67 642.65 1591.57 1417.22 14.62 21.61 553.56 2388.05 9066.89 1.30 47.48 521.41 2388.13 8144.01 8.4534 0.03 394 2388 100.00 38.87 23.3309  
13 103 0.0013 -0.0001 100.0 518.67 643.52 1592.63 1412.81 14.62 21.61 553.34 2388.15 9067.29 1.30 47.69 521.18 2388.11 8145.31 8.4221 0.03 394 2388 100.00 38.66 23.3003  
13 104 -0.0019 -0.0002 100.0 518.67 642.36 1583.37 1407.82 14.62 21.61 552.65 2388.13 9074.41 1.30 47.70 521.26 2388.12 8147.53 8.4414 0.03 392 2388 100.00 38.80 23.1497  
13 105 -0.0013 -0.0002 100.0 518.67 642.59 1595.50 1409.09 14.62 21.61 552.72 2388.10 9079.35 1.30 47.57 521.32 2388.10 8148.39 8.4595 0.03 394 2388 100.00 38.75 23.2431  
13 106 0.0058 -0.0002 100.0 518.67 643.32 1593.40 1413.69 14.62 21.61 552.83 2388.11 9069.01 1.30 47.73 521.06 2388.10 8146.34 8.4458 0.03 394 2388 100.00 38.59 23.2403  
13 107 -0.0011 0.0005 100.0 518.67 642.95 1587.55 1413.53 14.62 21.61 552.95 2388.15 9077.44 1.30 47.55 520.97 2388.11 8151.73 8.4574 0.03 393 2388 100.00 38.84 23.2927  
13 108 0.0004 0.0001 100.0 518.67 643.21 1589.74 1415.34 14.62 21.61 553.34 2388.14 9068.53 1.30 47.71 520.62 2388.10 8148.29 8.4501 0.03 393 2388 100.00 38.79 23.2752  
13 109 0.0021 -0.0002 100.0 518.67 642.57 1593.72 1408.09 14.62 21.61 552.84 2388.05 9074.03 1.30 47.68 520.40 2388.14 8149.59 8.4502 0.03 394 2388 100.00 38.55 23.2462  
13 110 -0.0001 -0.0004 100.0 518.67 643.13 1594.10 1410.86 14.62 21.61 553.41 2388.11 9078.58 1.30 47.53 520.80 2388.12 8152.88 8.4475 0.03 394 2388 100.00 38.68 23.2126  
13 111 -0.0013 0.0005 100.0 518.67 643.28 1590.26 1414.54 14.62 21.61 553.37 2388.08 9075.37 1.30 47.75 521.57 2388.16 8149.36 8.4847 0.03 394 2388 100.00 38.75 23.3012  
13 112 -0.0011 -0.0003 100.0 518.67 642.90 1590.16 1412.15 14.62 21.61 552.30 2388.10 9074.06 1.30 47.78 521.29 2388.07 8151.25 8.4958 0.03 394 2388 100.00 38.71 23.2348  
13 113 -0.0003 -0.0001 100.0 518.67 642.92 1593.22 1414.53 14.62 21.61 553.30 2388.16 9074.19 1.30 47.60 521.02 2388.10 8153.63 8.4353 0.03 395 2388 100.00 38.81 23.2802  
13 114 0.0008 0.0000 100.0 518.67 642.88 1582.94 1408.00 14.62 21.61 553.08 2388.10 9077.55 1.30 47.61 520.83 2388.12 8152.51 8.4751 0.03 394 2388 100.00 38.54 23.1653  
13 115 0.0012 -0.0001 100.0 518.67 642.78 1598.39 1418.32 14.62 21.61 552.89 2388.11 9080.40 1.30 47.64 520.95 2388.12 8149.36 8.4596 0.03 393 2388 100.00 38.72 23.3051  
13 116 0.0011 0.0004 100.0 518.67 643.39 1589.76 1414.51 14.62 21.61 552.85 2388.14 9068.97 1.30 47.65 521.22 2388.15 8153.74 8.4555 0.03 395 2388 100.00 38.70 23.2549  
13 117 -0.0005 -0.0003 100.0 518.67 643.12 1589.98 1416.63 14.62 21.61 552.69 2388.13 9084.03 1.30 47.77 521.21 2388.08 8158.16 8.4526 0.03 396 2388 100.00 38.79 23.1676  
13 118 -0.0022 0.0002 100.0 518.67 642.19 1592.49 1411.57 14.62 21.61 552.77 2388.13 9077.67 1.30 47.59 521.23 2388.09 8156.70 8.4566 0.03 394 2388 100.00 38.65 23.2317  
13 119 -0.0012 0.0002 100.0 518.67 643.25 1592.73 1409.92 14.62 21.61 552.74 2388.12 9078.64 1.30 47.88 521.08 2388.12 8149.97 8.4402 0.03 393 2388 100.00 38.74 23.2929  
13 120 0.0027 0.0000 100.0 518.67 642.40 1590.66 1415.40 14.62 21.61 552.91 2388.09 9080.90 1.30 47.58 520.90 2388.11 8161.46 8.4332 0.03 394 2388 100.00 38.83 23.1578  
13 121 -0.0047 -0.0002 100.0 518.67 643.06 1594.49 1420.97 14.62 21.61 552.88 2388.06 9082.80 1.30 47.57 521.14 2388.10 8155.25 8.4502 0.03 394 2388 100.00 38.69 23.2251  
13 122 -0.0019 0.0002 100.0 518.67 643.01 1596.44 1411.48 14.62 21.61 553.19 2388.07 9074.17 1.30 47.76 521.21 2388.13 8159.29 8.4330 0.03 395 2388 100.00 38.73 23.2467  
13 123 -0.0016 0.0005 100.0 518.67 643.12 1595.22 1414.96 14.62 21.61 552.75 2388.11 9082.71 1.30 47.57 520.87 2388.12 8162.23 8.5017 0.03 392 2388 100.00 38.65 23.1694  
13 124 0.0014 -0.0000 100.0 518.67 642.76 1595.96 1418.67 14.62 21.61 551.91 2388.13 9081.99 1.30 47.85 521.44 2388.07 8163.54 8.4446 0.03 395 2388 100.00 38.68 23.2281  
13 125 0.0022 0.0003 100.0 518.67 643.03 1585.89 1408.57 14.62 21.61 552.90 2388.14 9082.00 1.30 47.71 520.78 2388.14 8156.63 8.4838 0.03 395 2388 100.00 38.79 23.2732  
13 126 -0.0025 -0.0000 100.0 518.67 643.67 1592.31 1414.30 14.62 21.61 552.84 2388.15 9082.44 1.30 47.70 520.95 2388.15 8162.62 8.4628 0.03 395 2388 100.00 38.69 23.3933  
13 127 -0.0007 0.0003 100.0 518.67 642.71 1601.18 1412.94 14.62 21.61 552.71 2388.12 9082.40 1.30 47.64 520.77 2388.09 8158.72 8.4777 0.03 394 2388 100.00 38.84 23.2438  
13 128 0.0010 -0.0004 100.0 518.67 643.27 1597.19 1418.92 14.62 21.61 552.56 2388.15 9081.87 1.30 47.77 520.88 2388.15 8161.47 8.4480 0.03 395 2388 100.00 38.87 23.2494  
13 129 0.0021 0.0004 100.0 518.67 642.59 1595.24 1413.21 14.62 21.61 552.66 2388.08 9085.59 1.30 47.82 520.71 2388.10 8158.22 8.4563 0.03 393 2388 100.00 38.70 23.2775  
13 130 0.0016 -0.0001 100.0 518.67 643.05 1587.82 1414.59 14.62 21.61 552.81 2388.04 9091.80 1.30 47.76 520.33 2388.09 8163.47 8.4322 0.03 396 2388 100.00 38.78 23.1092  
13 131 -0.0013 0.0000 100.0 518.67 643.07 1597.57 1418.82 14.62 21.61 552.14 2388.08 9090.13 1.30 47.82 521.22 2388.11 8164.86 8.4116 0.03 395 2388 100.00 38.67 23.1022  
13 132 0.0033 -0.0003 100.0 518.67 642.95 1592.71 1419.52 14.62 21.61 552.51 2388.05 9094.23 1.30 47.85 520.90 2388.09 8165.49 8.4794 0.03 395 2388 100.00 38.67 23.1766  
13 133 -0.0027 -0.0001 100.0 518.67 643.17 1595.73 1421.87 14.62 21.61 552.60 2388.16 9086.35 1.30 47.84 520.70 2388.10 8166.49 8.4554 0.03 393 2388 100.00 38.73 23.2046  
13 134 0.0008 0.0001 100.0 518.67 643.69 1595.99 1418.50 14.62 21.61 552.91 2388.19 9098.66 1.30 47.77 521.07 2388.10 8166.10 8.4572 0.03 394 2388 100.00 38.61 23.2138  
13 135 0.0001 -0.0001 100.0 518.67 642.98 1590.64 1417.78 14.62 21.61 552.19 2388.13 9099.87 1.30 47.76 520.80 2388.13 8165.13 8.5038 0.03 393 2388 100.00 38.60 23.1608  
13 136 0.0003 0.0003 100.0 518.67 643.24 1599.02 1417.34 14.62 21.61 552.61 2388.12 9096.29 1.30 47.78 520.82 2388.14 8171.50 8.4764 0.03 395 2388 100.00 38.49 23.1211  
13 137 -0.0015 0.0001 100.0 518.67 643.11 1592.77 1422.49 14.62 21.61 552.84 2388.08 9101.92 1.30 47.71 521.21 2388.14 8170.64 8.4447 0.03 394 2388 100.00 38.64 23.2517  
13 138 0.0012 -0.0004 100.0 518.67 642.93 1593.15 1420.71 14.62 21.61 552.82 2388.20 9099.01 1.30 47.79 520.95 2388.14 8173.30 8.4903 0.03 394 2388 100.00 38.59 23.2389  
13 139 0.0027 -0.0004 100.0 518.67 643.14 1598.42 1420.01 14.62 21.61 552.51 2388.15 9104.41 1.30 47.84 520.60 2388.13 8169.16 8.4811 0.03 393 2388 100.00 38.64 23.2840  
13 140 0.0015 0.0002 100.0 518.67 643.28 1598.29 1426.52 14.62 21.61 552.84 2388.09 9101.70 1.30 47.86 520.10 2388.16 8171.99 8.4892 0.03 394 2388 100.00 38.85 23.1497  
13 141 0.0038 -0.0001 100.0 518.67 643.07 1594.69 1413.60 14.62 21.61 551.73 2388.13 9100.81 1.30 47.76 520.51 2388.13 8173.51 8.5033 0.03 393 2388 100.00 38.63 23.0761  
13 142 0.0004 -0.0002 100.0 518.67 643.32 1595.55 1424.19 14.62 21.61 552.29 2388.11 9107.28 1.30 47.78 520.54 2388.10 8179.36 8.4915 0.03 395 2388 100.00 38.64 23.1678  
13 143 0.0024 0.0003 100.0 518.67 642.84 1598.36 1422.59 14.62 21.61 552.88 2388.14 9112.81 1.30 47.90 521.08 2388.11 8178.82 8.5333 0.03 397 2388 100.00 38.47 23.2542  
13 144 0.0027 0.0000 100.0 518.67 642.88 1595.65 1423.84 14.62 21.61 551.76 2388.17 9107.19 1.30 47.67 520.56 2388.11 8183.99 8.5018 0.03 395 2388 100.00 38.51 23.1509  
13 145 0.0005 0.0002 100.0 518.67 643.00 1594.56 1419.82 14.62 21.61 553.03 2388.17 9110.00 1.30 47.74 520.96 2388.09 8183.12 8.5090 0.03 397 2388 100.00 38.71 23.1809  
13 146 -0.0024 -0.0000 100.0 518.67 643.71 1603.70 1424.19 14.62 21.61 552.33 2388.13 9112.74 1.30 47.90 520.52 2388.09 8180.12 8.4818 0.03 395 2388 100.00 38.64 23.1287  
13 147 -0.0000 0.0003 100.0 518.67 643.23 1599.50 1417.04 14.62 21.61 551.78 2388.16 9122.41 1.30 48.03 520.84 2388.13 8183.60 8.5129 0.03 394 2388 100.00 38.65 23.2254  
13 148 -0.0012 -0.0003 100.0 518.67 643.21 1596.17 1423.23 14.62 21.61 552.01 2388.19 9119.85 1.30 47.91 520.24 2388.11 8181.45 8.4997 0.03 395 2388 100.00 38.55 23.1753  
13 149 0.0012 -0.0001 100.0 518.67 643.46 1602.85 1421.16 14.62 21.61 552.10 2388.16 9124.86 1.30 48.03 520.18 2388.14 8185.03 8.5221 0.03 394 2388 100.00 38.64 23.0922  
13 150 -0.0038 -0.0003 100.0 518.67 643.39 1600.67 1421.84 14.62 21.61 551.97 2388.12 9123.27 1.30 48.01 520.89 2388.16 8189.18 8.4655 0.03 394 2388 100.00 38.80 23.2275  
13 151 0.0020 -0.0002 100.0 518.67 643.60 1609.06 1428.92 14.62 21.61 551.98 2388.15 9126.03 1.30 47.76 520.04 2388.12 8195.98 8.4907 0.03 395 2388 100.00 38.73 23.1447  
13 152 0.0002 0.0004 100.0 518.67 643.54 1597.82 1421.46 14.62 21.61 551.85 2388.14 9121.60 1.30 47.92 521.02 2388.13 8192.52 8.4987 0.03 396 2388 100.00 38.57 23.1300  
13 153 -0.0008 -0.0001 100.0 518.67 643.73 1598.38 1421.08 14.62 21.61 552.27 2388.14 9129.24 1.30 47.78 519.94 2388.17 8193.70 8.5000 0.03 397 2388 100.00 38.31 23.1185  
13 154 -0.0003 -0.0003 100.0 518.67 643.23 1602.57 1418.94 14.62 21.61 551.80 2388.16 9124.75 1.30 47.80 520.35 2388.15 8199.60 8.5346 0.03 396 2388 100.00 38.56 23.1418  
13 155 0.0046 0.0002 100.0 518.67 643.08 1600.58 1426.46 14.62 21.61 551.96 2388.11 9134.47 1.30 48.05 520.44 2388.12 8205.35 8.4948 0.03 396 2388 100.00 38.53 23.0528  
13 156 -0.0016 -0.0004 100.0 518.67 643.71 1599.54 1419.52 14.62 21.61 552.08 2388.17 9133.80 1.30 47.87 520.40 2388.16 8205.99 8.4988 0.03 395 2388 100.00 38.48 23.0585  
13 157 0.0004 0.0000 100.0 518.67 643.43 1604.86 1432.39 14.62 21.61 552.42 2388.16 9136.94 1.30 48.12 520.61 2388.14 8207.50 8.4845 0.03 397 2388 100.00 38.45 23.0453  
13 158 -0.0024 0.0001 100.0 518.67 643.17 1610.57 1427.79 14.62 21.61 552.30 2388.17 9131.00 1.30 48.07 520.74 2388.17 8208.97 8.5075 0.03 396 2388 100.00 38.58 23.1415  
13 159 -0.0008 -0.0004 100.0 518.67 643.53 1612.88 1418.86 14.62 21.61 551.15 2388.15 9146.79 1.30 48.11 520.50 2388.20 8212.93 8.5540 0.03 396 2388 100.00 38.28 23.1357  
13 160 0.0011 0.0000 100.0 518.67 643.77 1597.42 1429.73 14.62 21.61 551.20 2388.17 9140.98 1.30 48.04 519.80 2388.13 8210.94 8.5109 0.03 397 2388 100.00 38.49 23.2090  
13 161 -0.0030 -0.0001 100.0 518.67 643.50 1602.21 1432.17 14.62 21.61 551.85 2388.11 9144.17 1.30 48.34 520.26 2388.19 8210.25 8.5269 0.03 396 2388 100.00 38.43 23.0185  
13 162 -0.0011 0.0003 100.0 518.67 643.87 1605.83 1431.55 14.62 21.61 551.48 2388.16 9149.29 1.30 48.28 520.08 2388.15 8218.44 8.5015 0.03 397 2388 100.00 38.35 23.1104  
13 163 -0.0002 -0.0004 100.0 518.67 644.26 1610.89 1430.32 14.62 21.61 550.99 2388.15 9153.32 1.30 48.22 519.76 2388.16 8211.76 8.5477 0.03 397 2388 100.00 38.53 23.1291  
14 1 0.0031 0.0005 100.0 518.67 642.88 1587.54 1403.23 14.62 21.61 552.82 2388.09 9058.57 1.30 47.46 521.60 2388.09 8137.36 8.4549 0.03 392 2388 100.00 38.80 23.2687  
14 2 -0.0013 -0.0000 100.0 518.67 642.88 1590.81 1411.67 14.62 21.61 553.85 2388.11 9055.07 1.30 47.43 521.44 2388.07 8141.56 8.4449 0.03 393 2388 100.00 38.91 23.3892  
14 3 0.0012 0.0001 100.0 518.67 642.57 1589.04 1407.39 14.62 21.61 553.50 2388.10 9062.75 1.30 47.61 521.85 2388.04 8140.02 8.4161 0.03 393 2388 100.00 38.90 23.1882  
14 4 -0.0004 0.0002 100.0 518.67 643.18 1593.24 1408.20 14.62 21.61 553.41 2388.10 9056.91 1.30 47.54 521.17 2388.12 8138.78 8.4396 0.03 393 2388 100.00 38.87 23.2598  
14 5 -0.0001 -0.0001 100.0 518.67 642.38 1590.53 1407.83 14.62 21.61 553.57 2388.12 9057.83 1.30 47.54 521.05 2388.09 8142.30 8.4802 0.03 393 2388 100.00 39.06 23.3189  
14 6 -0.0016 0.0003 100.0 518.67 642.42 1588.53 1406.54 14.62 21.61 553.79 2388.14 9059.66 1.30 47.27 521.66 2388.09 8147.72 8.4172 0.03 394 2388 100.00 38.91 23.3354  
14 7 0.0021 0.0004 100.0 518.67 642.47 1591.83 1404.60 14.62 21.61 553.38 2388.12 9058.61 1.30 47.37 521.67 2388.10 8142.97 8.4311 0.03 394 2388 100.00 38.88 23.4290  
14 8 -0.0022 -0.0001 100.0 518.67 642.26 1595.78 1403.33 14.62 21.61 553.65 2388.14 9055.67 1.30 47.47 521.33 2388.13 8139.21 8.4473 0.03 394 2388 100.00 38.83 23.3932  
14 9 -0.0003 0.0005 100.0 518.67 642.62 1586.54 1408.97 14.62 21.61 553.88 2388.07 9061.36 1.30 47.26 521.33 2388.07 8142.20 8.4380 0.03 393 2388 100.00 38.63 23.2255  
14 10 -0.0000 -0.0003 100.0 518.67 642.64 1586.29 1413.81 14.62 21.61 554.64 2388.10 9061.74 1.30 47.17 521.87 2388.12 8138.49 8.4202 0.03 394 2388 100.00 38.94 23.3552  
14 11 0.0008 -0.0005 100.0 518.67 642.64 1592.10 1402.62 14.62 21.61 553.63 2388.05 9064.29 1.30 47.44 521.72 2388.13 8140.28 8.4274 0.03 394 2388 100.00 38.82 23.2255  
14 12 0.0038 0.0004 100.0 518.67 642.30 1592.85 1407.39 14.62 21.61 552.55 2388.13 9057.69 1.30 47.49 521.84 2388.07 8137.40 8.4021 0.03 395 2388 100.00 38.93 23.1847  
14 13 0.0030 -0.0004 100.0 518.67 642.75 1589.15 1409.72 14.62 21.61 553.58 2388.16 9059.01 1.30 47.80 521.63 2388.09 8141.51 8.4407 0.03 394 2388 100.00 38.78 23.3103  
14 14 0.0025 -0.0005 100.0 518.67 642.40 1589.03 1406.46 14.62 21.61 553.20 2388.08 9058.77 1.30 47.43 521.59 2388.06 8140.28 8.4318 0.03 392 2388 100.00 38.82 23.2624  
14 15 0.0008 0.0000 100.0 518.67 642.84 1586.60 1407.27 14.62 21.61 553.38 2388.05 9059.64 1.30 47.63 521.63 2388.16 8134.56 8.4218 0.03 394 2388 100.00 38.95 23.3988  
14 16 0.0021 -0.0003 100.0 518.67 642.43 1584.07 1405.92 14.62 21.61 553.53 2388.12 9052.41 1.30 47.54 521.72 2388.07 8138.77 8.4326 0.03 395 2388 100.00 38.94 23.3217  
14 17 -0.0022 -0.0005 100.0 518.67 642.56 1593.70 1396.55 14.62 21.61 552.92 2388.11 9050.59 1.30 47.56 521.26 2388.10 8140.49 8.4495 0.03 394 2388 100.00 38.92 23.2859  
14 18 -0.0021 0.0002 100.0 518.67 642.66 1587.51 1406.41 14.62 21.61 554.08 2388.10 9048.91 1.30 47.47 521.56 2388.08 8139.42 8.4212 0.03 392 2388 100.00 38.77 23.3168  
14 19 0.0025 -0.0000 100.0 518.67 642.54 1591.13 1406.70 14.62 21.61 553.96 2388.11 9060.99 1.30 47.62 521.30 2388.07 8140.25 8.4424 0.03 391 2388 100.00 38.93 23.2043  
14 20 0.0001 -0.0002 100.0 518.67 642.65 1589.79 1407.12 14.62 21.61 553.24 2388.10 9060.20 1.30 47.45 521.44 2388.07 8133.81 8.3940 0.03 393 2388 100.00 38.97 23.2942  
14 21 -0.0014 -0.0003 100.0 518.67 642.31 1585.18 1417.39 14.62 21.61 554.54 2388.12 9055.23 1.30 47.55 521.97 2388.12 8132.92 8.4251 0.03 393 2388 100.00 39.01 23.4190  
14 22 0.0001 -0.0005 100.0 518.67 642.03 1589.16 1405.64 14.62 21.61 553.06 2388.11 9062.86 1.30 47.42 521.12 2388.12 8137.94 8.4183 0.03 394 2388 100.00 38.71 23.3975  
14 23 -0.0002 0.0001 100.0 518.67 642.93 1595.08 1409.33 14.62 21.61 553.12 2388.10 9063.13 1.30 47.63 521.58 2388.08 8138.47 8.4600 0.03 392 2388 100.00 38.77 23.2435  
14 24 -0.0018 0.0003 100.0 518.67 642.63 1589.49 1412.80 14.62 21.61 553.67 2388.08 9064.67 1.30 47.50 521.67 2388.09 8138.32 8.4272 0.03 394 2388 100.00 38.92 23.2356  
14 25 -0.0006 -0.0001 100.0 518.67 642.26 1588.91 1409.97 14.62 21.61 553.40 2388.06 9059.00 1.30 47.44 520.82 2388.06 8135.34 8.4329 0.03 394 2388 100.00 38.84 23.3075  
14 26 0.0011 0.0004 100.0 518.67 642.74 1590.78 1407.04 14.62 21.61 554.08 2388.08 9056.20 1.30 47.47 521.76 2388.14 8138.29 8.4652 0.03 392 2388 100.00 38.83 23.2542  
14 27 0.0003 0.0002 100.0 518.67 642.61 1583.36 1406.80 14.62 21.61 553.47 2388.11 9061.27 1.30 47.50 521.39 2388.16 8141.91 8.4409 0.03 392 2388 100.00 38.87 23.3583  
14 28 0.0000 -0.0001 100.0 518.67 643.21 1591.82 1409.04 14.62 21.61 554.03 2388.12 9057.41 1.30 47.44 521.86 2388.11 8146.12 8.4266 0.03 391 2388 100.00 38.71 23.3203  
14 29 0.0020 -0.0002 100.0 518.67 642.92 1583.32 1406.08 14.62 21.61 553.40 2388.09 9058.04 1.30 47.42 521.19 2388.17 8137.37 8.4098 0.03 394 2388 100.00 38.98 23.4181  
14 30 0.0013 -0.0002 100.0 518.67 643.11 1589.30 1413.34 14.62 21.61 553.30 2388.09 9057.51 1.30 47.51 522.05 2388.09 8140.85 8.3914 0.03 393 2388 100.00 38.82 23.2740  
14 31 0.0011 -0.0003 100.0 518.67 642.83 1593.13 1391.40 14.62 21.61 553.38 2388.10 9061.02 1.30 47.58 521.67 2388.11 8141.75 8.4401 0.03 392 2388 100.00 39.09 23.3422  
14 32 0.0043 -0.0003 100.0 518.67 642.35 1589.81 1409.75 14.62 21.61 552.85 2388.11 9062.39 1.30 47.55 521.89 2388.13 8139.32 8.4473 0.03 392 2388 100.00 38.79 23.4354  
14 33 -0.0003 0.0001 100.0 518.67 642.49 1585.59 1413.07 14.62 21.61 554.05 2388.10 9059.82 1.30 47.39 521.73 2388.13 8141.55 8.4325 0.03 395 2388 100.00 38.81 23.2476  
14 34 -0.0017 0.0002 100.0 518.67 642.62 1592.83 1407.90 14.62 21.61 553.71 2388.06 9061.47 1.30 47.59 521.70 2388.07 8137.26 8.4299 0.03 394 2388 100.00 38.87 23.3331  
14 35 0.0015 -0.0002 100.0 518.67 642.90 1599.38 1408.93 14.62 21.61 553.72 2388.13 9061.49 1.30 47.45 521.37 2388.05 8135.89 8.4524 0.03 395 2388 100.00 38.82 23.3082  
14 36 -0.0000 0.0003 100.0 518.67 642.84 1592.80 1403.36 14.62 21.61 553.39 2388.08 9055.06 1.30 47.63 522.09 2388.12 8142.16 8.4708 0.03 393 2388 100.00 38.92 23.3096  
14 37 0.0042 -0.0003 100.0 518.67 642.66 1588.87 1403.89 14.62 21.61 553.96 2388.05 9059.40 1.30 47.46 521.42 2388.09 8137.29 8.4503 0.03 394 2388 100.00 38.70 23.2441  
14 38 -0.0030 0.0001 100.0 518.67 642.61 1588.61 1408.78 14.62 21.61 553.41 2388.11 9048.76 1.30 47.69 521.56 2388.07 8143.57 8.4549 0.03 392 2388 100.00 38.55 23.4042  
14 39 -0.0013 0.0000 100.0 518.67 642.82 1590.87 1414.24 14.62 21.61 553.11 2388.05 9062.06 1.30 47.42 521.69 2388.02 8144.25 8.4383 0.03 393 2388 100.00 38.75 23.2768  
14 40 0.0027 -0.0001 100.0 518.67 642.80 1588.46 1406.36 14.62 21.61 552.83 2388.12 9058.72 1.30 47.42 521.53 2388.10 8139.24 8.4502 0.03 394 2388 100.00 38.89 23.2606  
14 41 0.0012 0.0004 100.0 518.67 642.73 1587.33 1407.09 14.62 21.61 553.72 2388.12 9061.33 1.30 47.68 521.87 2388.15 8136.29 8.4475 0.03 393 2388 100.00 38.59 23.2079  
14 42 0.0016 0.0002 100.0 518.67 642.46 1593.53 1403.68 14.62 21.61 553.85 2388.06 9052.39 1.30 47.62 521.36 2388.13 8134.76 8.4695 0.03 394 2388 100.00 38.77 23.3076  
14 43 -0.0007 -0.0003 100.0 518.67 642.68 1587.17 1405.54 14.62 21.61 553.36 2388.09 9055.04 1.30 47.69 521.55 2388.14 8139.23 8.4323 0.03 392 2388 100.00 38.58 23.2188  
14 44 -0.0020 0.0003 100.0 518.67 642.94 1589.81 1406.23 14.62 21.61 553.71 2388.10 9063.14 1.30 47.49 521.25 2388.11 8138.57 8.4431 0.03 392 2388 100.00 38.89 23.2996  
14 45 0.0010 0.0004 100.0 518.67 643.14 1587.64 1405.80 14.62 21.61 553.88 2388.09 9056.59 1.30 47.53 521.06 2388.14 8143.86 8.4580 0.03 393 2388 100.00 38.95 23.2552  
14 46 -0.0027 -0.0002 100.0 518.67 642.91 1589.98 1402.73 14.62 21.61 553.76 2388.12 9056.86 1.30 47.40 521.27 2388.09 8145.62 8.4460 0.03 392 2388 100.00 38.96 23.4121  
14 47 -0.0006 -0.0001 100.0 518.67 642.36 1587.09 1407.12 14.62 21.61 552.85 2388.14 9063.61 1.30 47.41 521.16 2388.11 8144.15 8.4292 0.03 392 2388 100.00 38.96 23.2300  
14 48 0.0025 -0.0003 100.0 518.67 643.12 1589.57 1407.11 14.62 21.61 553.79 2388.11 9052.97 1.30 47.56 521.49 2388.10 8137.87 8.4455 0.03 393 2388 100.00 38.65 23.2029  
14 49 0.0017 0.0000 100.0 518.67 642.84 1590.48 1411.61 14.62 21.61 552.88 2388.11 9068.98 1.30 47.62 521.42 2388.13 8145.41 8.4538 0.03 392 2388 100.00 38.84 23.2645  
14 50 -0.0030 0.0003 100.0 518.67 642.69 1583.55 1403.85 14.62 21.61 553.57 2388.10 9062.23 1.30 47.45 521.28 2388.11 8140.91 8.4110 0.03 394 2388 100.00 38.82 23.3887  
14 51 0.0003 0.0005 100.0 518.67 642.83 1600.11 1408.66 14.62 21.61 553.94 2388.10 9060.89 1.30 47.59 521.28 2388.13 8139.69 8.4386 0.03 392 2388 100.00 38.82 23.2580  
14 52 -0.0003 0.0003 100.0 518.67 642.87 1588.13 1406.80 14.62 21.61 553.53 2388.11 9057.31 1.30 47.54 521.72 2388.10 8141.28 8.4538 0.03 394 2388 100.00 38.84 23.3937  
14 53 0.0003 -0.0004 100.0 518.67 643.15 1591.46 1405.97 14.62 21.61 553.82 2388.06 9055.35 1.30 47.52 521.09 2388.06 8139.93 8.4252 0.03 393 2388 100.00 38.91 23.3080  
14 54 -0.0042 0.0004 100.0 518.67 642.84 1586.02 1408.64 14.62 21.61 553.01 2388.08 9064.83 1.30 47.39 521.48 2388.14 8136.02 8.4390 0.03 392 2388 100.00 38.94 23.2114  
14 55 -0.0015 0.0004 100.0 518.67 642.56 1590.42 1409.07 14.62 21.61 554.04 2388.01 9061.52 1.30 47.34 521.35 2388.18 8138.45 8.4576 0.03 393 2388 100.00 38.99 23.3618  
14 56 0.0026 0.0001 100.0 518.67 642.75 1584.69 1409.08 14.62 21.61 553.24 2388.09 9058.55 1.30 47.57 521.75 2388.12 8140.55 8.4351 0.03 394 2388 100.00 38.92 23.3180  
14 57 -0.0012 0.0003 100.0 518.67 643.07 1597.34 1408.79 14.62 21.61 553.11 2388.06 9063.76 1.30 47.48 521.14 2388.08 8147.05 8.4183 0.03 392 2388 100.00 38.79 23.3486  
14 58 0.0019 -0.0004 100.0 518.67 643.24 1589.98 1407.02 14.62 21.61 554.06 2388.06 9063.89 1.30 47.48 521.30 2388.12 8142.15 8.4081 0.03 394 2388 100.00 38.92 23.3080  
14 59 0.0020 0.0004 100.0 518.67 642.87 1594.25 1404.47 14.62 21.61 553.36 2388.15 9060.36 1.30 47.62 521.49 2388.08 8141.52 8.4507 0.03 393 2388 100.00 38.85 23.2976  
14 60 0.0004 0.0004 100.0 518.67 642.76 1585.73 1403.56 14.62 21.61 553.53 2388.12 9059.95 1.30 47.68 520.70 2388.07 8141.94 8.4769 0.03 394 2388 100.00 38.84 23.3221  
14 61 -0.0044 -0.0001 100.0 518.67 642.28 1587.19 1406.70 14.62 21.61 553.40 2388.11 9056.67 1.30 47.53 521.12 2388.20 8141.19 8.4389 0.03 393 2388 100.00 38.67 23.3028  
14 62 0.0023 -0.0003 100.0 518.67 642.94 1597.78 1405.63 14.62 21.61 553.49 2388.12 9067.65 1.30 47.32 521.87 2388.08 8144.88 8.4568 0.03 392 2388 100.00 38.86 23.3838  
14 63 -0.0029 -0.0003 100.0 518.67 642.71 1589.35 1402.13 14.62 21.61 553.44 2388.14 9062.80 1.30 47.49 521.08 2388.07 8140.00 8.4640 0.03 395 2388 100.00 38.60 23.2772  
14 64 0.0032 0.0001 100.0 518.67 642.99 1595.03 1406.31 14.62 21.61 553.43 2388.07 9063.82 1.30 47.47 521.43 2388.12 8143.79 8.4325 0.03 393 2388 100.00 38.82 23.2672  
14 65 0.0015 -0.0000 100.0 518.67 643.05 1591.85 1406.30 14.62 21.61 553.89 2388.13 9057.52 1.30 47.40 520.98 2388.13 8145.58 8.4552 0.03 393 2388 100.00 38.97 23.2124  
14 66 0.0011 -0.0003 100.0 518.67 642.48 1585.86 1409.77 14.62 21.61 553.35 2388.11 9066.97 1.30 47.52 521.52 2388.06 8142.61 8.4729 0.03 393 2388 100.00 38.77 23.3841  
14 67 -0.0025 0.0003 100.0 518.67 642.63 1585.68 1407.51 14.62 21.61 553.59 2388.05 9063.26 1.30 47.48 521.32 2388.11 8147.31 8.4081 0.03 394 2388 100.00 38.76 23.2700  
14 68 0.0029 0.0002 100.0 518.67 642.73 1583.88 1405.71 14.62 21.61 553.67 2388.08 9063.39 1.30 47.44 521.54 2388.06 8139.00 8.4352 0.03 392 2388 100.00 38.93 23.2654  
14 69 -0.0008 -0.0001 100.0 518.67 642.87 1584.61 1404.91 14.62 21.61 553.20 2388.04 9062.20 1.30 47.46 521.31 2388.10 8142.50 8.4405 0.03 394 2388 100.00 38.89 23.3317  
14 70 -0.0016 0.0003 100.0 518.67 642.07 1587.44 1410.48 14.62 21.61 553.16 2388.12 9065.01 1.30 47.58 521.29 2388.08 8142.73 8.4630 0.03 394 2388 100.00 38.76 23.2976  
14 71 -0.0000 -0.0002 100.0 518.67 642.73 1591.61 1403.71 14.62 21.61 553.17 2388.10 9059.87 1.30 47.61 521.22 2388.11 8137.17 8.4583 0.03 394 2388 100.00 38.87 23.2015  
14 72 -0.0035 -0.0004 100.0 518.67 643.33 1589.96 1409.45 14.62 21.61 553.08 2388.05 9055.10 1.30 47.60 521.01 2388.12 8143.38 8.4656 0.03 393 2388 100.00 38.86 23.3380  
14 73 0.0020 0.0001 100.0 518.67 642.66 1593.84 1409.65 14.62 21.61 553.96 2388.11 9065.97 1.30 47.65 521.46 2388.09 8140.44 8.4550 0.03 393 2388 100.00 38.73 23.2649  
14 74 0.0028 -0.0002 100.0 518.67 642.46 1593.13 1413.14 14.62 21.61 553.66 2388.07 9059.73 1.30 47.55 521.28 2388.09 8145.88 8.4107 0.03 392 2388 100.00 38.77 23.3763  
14 75 0.0044 0.0002 100.0 518.67 642.64 1586.57 1407.30 14.62 21.61 553.00 2388.06 9061.47 1.30 47.63 521.44 2388.08 8141.62 8.4170 0.03 394 2388 100.00 38.90 23.2479  
14 76 0.0027 -0.0003 100.0 518.67 642.98 1589.21 1411.22 14.62 21.61 553.74 2388.13 9057.64 1.30 47.54 521.50 2388.12 8143.27 8.4397 0.03 393 2388 100.00 38.64 23.2067  
14 77 0.0022 0.0001 100.0 518.67 643.20 1594.12 1420.70 14.62 21.61 552.78 2388.10 9065.10 1.30 47.64 521.17 2388.08 8141.18 8.4554 0.03 394 2388 100.00 38.87 23.2930  
14 78 0.0019 -0.0003 100.0 518.67 642.94 1595.38 1408.23 14.62 21.61 553.05 2388.04 9062.53 1.30 47.57 521.44 2388.07 8143.69 8.4433 0.03 393 2388 100.00 38.92 23.2501  
14 79 0.0007 -0.0001 100.0 518.67 643.05 1591.64 1407.20 14.62 21.61 553.51 2388.08 9056.22 1.30 47.64 521.18 2388.12 8141.19 8.4381 0.03 394 2388 100.00 38.83 23.2541  
14 80 -0.0019 0.0000 100.0 518.67 642.40 1590.48 1407.36 14.62 21.61 552.65 2388.10 9061.05 1.30 47.45 520.98 2388.11 8146.05 8.4400 0.03 392 2388 100.00 38.71 23.3700  
14 81 0.0029 -0.0001 100.0 518.67 643.22 1590.64 1411.53 14.62 21.61 553.72 2388.12 9060.51 1.30 47.46 521.87 2388.10 8134.70 8.4098 0.03 393 2388 100.00 38.81 23.1852  
14 82 0.0023 0.0004 100.0 518.67 642.63 1592.95 1409.27 14.62 21.61 553.36 2388.07 9059.21 1.30 47.40 521.66 2388.14 8138.28 8.4454 0.03 394 2388 100.00 39.06 23.2643  
14 83 -0.0012 0.0001 100.0 518.67 642.64 1589.08 1408.38 14.62 21.61 553.14 2388.11 9052.99 1.30 47.69 521.26 2388.15 8140.42 8.4553 0.03 393 2388 100.00 38.70 23.2848  
14 84 0.0035 -0.0000 100.0 518.67 642.63 1588.05 1405.96 14.62 21.61 553.40 2388.11 9062.15 1.30 47.65 521.29 2388.08 8138.25 8.4488 0.03 394 2388 100.00 38.68 23.3226  
14 85 0.0036 0.0002 100.0 518.67 643.00 1588.63 1411.16 14.62 21.61 553.04 2388.12 9063.73 1.30 47.57 521.35 2388.08 8141.49 8.4388 0.03 394 2388 100.00 38.79 23.2547  
14 86 -0.0020 -0.0002 100.0 518.67 642.98 1594.45 1412.86 14.62 21.61 553.18 2388.08 9060.92 1.30 47.34 521.71 2388.11 8146.14 8.4595 0.03 394 2388 100.00 38.82 23.3604  
14 87 -0.0010 0.0003 100.0 518.67 642.70 1589.13 1419.83 14.62 21.61 552.99 2388.11 9069.06 1.30 47.57 520.74 2388.09 8146.68 8.4568 0.03 394 2388 100.00 38.74 23.3045  
14 88 0.0031 -0.0001 100.0 518.67 642.70 1595.19 1411.76 14.62 21.61 553.90 2388.14 9063.52 1.30 47.61 521.59 2388.01 8147.67 8.4243 0.03 393 2388 100.00 38.64 23.2514  
14 89 -0.0006 -0.0003 100.0 518.67 642.56 1592.14 1407.39 14.62 21.61 552.69 2388.08 9066.27 1.30 47.58 522.11 2388.13 8142.94 8.4386 0.03 393 2388 100.00 38.79 23.2488  
14 90 -0.0015 -0.0004 100.0 518.67 642.11 1591.59 1415.12 14.62 21.61 552.87 2388.10 9065.83 1.30 47.68 521.22 2388.10 8149.95 8.4453 0.03 392 2388 100.00 38.80 23.2449  
14 91 0.0021 -0.0001 100.0 518.67 642.60 1606.10 1402.66 14.62 21.61 552.99 2388.11 9065.66 1.30 47.60 521.49 2388.12 8141.55 8.4608 0.03 393 2388 100.00 38.66 23.3804  
14 92 -0.0040 -0.0005 100.0 518.67 642.74 1589.94 1415.00 14.62 21.61 553.36 2388.14 9068.24 1.30 47.71 521.47 2388.14 8147.89 8.4589 0.03 393 2388 100.00 38.70 23.3013  
14 93 -0.0028 -0.0003 100.0 518.67 642.78 1597.28 1409.82 14.62 21.61 552.86 2388.16 9069.58 1.30 47.54 520.90 2388.08 8147.97 8.4468 0.03 393 2388 100.00 38.79 23.2173  
14 94 -0.0006 -0.0005 100.0 518.67 642.98 1590.11 1411.14 14.62 21.61 553.38 2388.14 9069.13 1.30 47.65 521.67 2388.12 8146.12 8.4615 0.03 393 2388 100.00 38.81 23.2616  
14 95 0.0033 0.0004 100.0 518.67 643.02 1590.55 1412.44 14.62 21.61 553.71 2388.12 9065.77 1.30 47.58 521.02 2388.09 8152.27 8.4636 0.03 393 2388 100.00 38.79 23.2899  
14 96 -0.0006 -0.0002 100.0 518.67 642.25 1580.94 1410.33 14.62 21.61 553.31 2388.10 9076.10 1.30 47.55 521.57 2388.14 8140.89 8.4663 0.03 393 2388 100.00 38.87 23.2168  
14 97 0.0020 0.0001 100.0 518.67 642.86 1590.18 1407.95 14.62 21.61 553.01 2388.12 9057.89 1.30 47.73 521.04 2388.09 8142.71 8.4689 0.03 393 2388 100.00 38.80 23.3433  
14 98 0.0006 -0.0002 100.0 518.67 642.28 1597.08 1413.11 14.62 21.61 552.89 2388.16 9064.84 1.30 47.81 521.27 2388.06 8144.42 8.4391 0.03 393 2388 100.00 38.82 23.2877  
14 99 -0.0001 0.0004 100.0 518.67 642.70 1589.19 1414.60 14.62 21.61 552.51 2388.14 9069.88 1.30 47.70 520.92 2388.11 8142.45 8.4195 0.03 392 2388 100.00 38.85 23.3029  
14 100 0.0035 -0.0000 100.0 518.67 643.16 1590.31 1412.56 14.62 21.61 553.35 2388.09 9072.27 1.30 47.62 521.65 2388.08 8145.82 8.4595 0.03 394 2388 100.00 38.75 23.2522  
14 101 0.0070 -0.0003 100.0 518.67 642.55 1596.69 1412.20 14.62 21.61 552.76 2388.09 9065.90 1.30 47.56 521.42 2388.08 8145.62 8.4754 0.03 394 2388 100.00 38.72 23.2300  
14 102 0.0022 -0.0003 100.0 518.67 642.83 1602.17 1413.68 14.62 21.61 553.08 2388.13 9068.42 1.30 47.65 521.27 2388.06 8152.37 8.4486 0.03 393 2388 100.00 38.86 23.1118  
14 103 -0.0002 -0.0002 100.0 518.67 643.22 1591.38 1403.08 14.62 21.61 553.09 2388.09 9074.49 1.30 47.58 521.32 2388.09 8147.71 8.4654 0.03 392 2388 100.00 38.83 23.2863  
14 104 -0.0036 -0.0002 100.0 518.67 643.21 1591.02 1409.33 14.62 21.61 553.39 2388.13 9063.82 1.30 47.61 520.46 2388.12 8141.89 8.4712 0.03 393 2388 100.00 38.77 23.2420  
14 105 0.0027 0.0003 100.0 518.67 643.06 1587.49 1408.82 14.62 21.61 553.11 2388.12 9067.60 1.30 47.65 521.04 2388.07 8148.40 8.4498 0.03 394 2388 100.00 38.80 23.1996  
14 106 0.0010 -0.0000 100.0 518.67 642.99 1597.13 1413.43 14.62 21.61 552.55 2388.11 9070.60 1.30 47.63 521.29 2388.09 8147.80 8.4921 0.03 394 2388 100.00 38.82 23.2096  
14 107 0.0043 -0.0002 100.0 518.67 643.38 1590.20 1413.06 14.62 21.61 553.09 2388.06 9070.59 1.30 47.72 521.17 2388.07 8145.54 8.4718 0.03 394 2388 100.00 38.87 23.1695  
14 108 -0.0018 0.0002 100.0 518.67 642.29 1594.81 1418.26 14.62 21.61 552.50 2388.15 9072.92 1.30 47.65 521.42 2388.12 8147.25 8.4474 0.03 394 2388 100.00 38.67 23.2686  
14 109 0.0011 0.0002 100.0 518.67 643.30 1591.68 1413.12 14.62 21.61 553.70 2388.13 9071.61 1.30 47.57 520.99 2388.10 8145.09 8.4310 0.03 395 2388 100.00 38.75 23.3163  
14 110 0.0025 0.0001 100.0 518.67 642.43 1593.31 1414.21 14.62 21.61 552.76 2388.12 9066.40 1.30 47.72 521.63 2388.13 8152.50 8.4546 0.03 394 2388 100.00 38.92 23.2305  
14 111 0.0030 0.0000 100.0 518.67 642.82 1590.37 1412.63 14.62 21.61 552.54 2388.10 9081.67 1.30 47.58 521.09 2388.12 8146.77 8.4251 0.03 394 2388 100.00 38.69 23.3255  
14 112 -0.0008 0.0005 100.0 518.67 643.26 1593.52 1408.24 14.62 21.61 552.85 2388.13 9071.70 1.30 47.89 520.99 2388.13 8154.24 8.4440 0.03 393 2388 100.00 38.64 23.2058  
14 113 -0.0006 0.0001 100.0 518.67 642.84 1591.69 1416.74 14.62 21.61 553.03 2388.11 9071.50 1.30 47.56 520.87 2388.09 8149.88 8.4510 0.03 394 2388 100.00 38.74 23.1623  
14 114 0.0019 0.0002 100.0 518.67 643.11 1594.82 1413.37 14.62 21.61 553.00 2388.14 9070.47 1.30 47.70 521.47 2388.07 8148.71 8.4517 0.03 392 2388 100.00 38.78 23.1934  
14 115 -0.0027 -0.0004 100.0 518.67 642.82 1595.68 1408.83 14.62 21.61 552.75 2388.11 9066.49 1.30 47.65 521.16 2388.16 8148.99 8.4173 0.03 394 2388 100.00 38.72 23.1378  
14 116 -0.0014 -0.0002 100.0 518.67 642.93 1594.53 1415.84 14.62 21.61 552.61 2388.09 9069.88 1.30 47.70 521.35 2388.15 8148.38 8.4891 0.03 395 2388 100.00 38.83 23.2401  
14 117 0.0012 0.0003 100.0 518.67 642.65 1590.58 1407.56 14.62 21.61 552.60 2388.12 9066.00 1.30 47.74 521.24 2388.15 8142.19 8.4461 0.03 395 2388 100.00 38.77 23.2398  
14 118 -0.0013 0.0001 100.0 518.67 642.38 1603.21 1412.30 14.62 21.61 553.36 2388.08 9077.34 1.30 47.61 520.89 2388.08 8149.56 8.4363 0.03 393 2388 100.00 38.83 23.2416  
14 119 0.0013 -0.0003 100.0 518.67 642.90 1590.38 1415.30 14.62 21.61 553.10 2388.13 9067.98 1.30 47.64 521.05 2388.11 8152.03 8.4646 0.03 395 2388 100.00 38.57 23.1923  
14 120 -0.0011 0.0001 100.0 518.67 642.89 1594.24 1417.63 14.62 21.61 552.48 2388.10 9078.07 1.30 47.80 521.06 2388.10 8148.57 8.4650 0.03 393 2388 100.00 38.71 23.1918  
14 121 0.0014 0.0000 100.0 518.67 642.61 1595.80 1418.98 14.62 21.61 553.17 2388.10 9067.92 1.30 47.81 520.73 2388.16 8154.27 8.4714 0.03 395 2388 100.00 38.78 23.1690  
14 122 -0.0005 0.0001 100.0 518.67 642.82 1591.56 1420.11 14.62 21.61 552.23 2388.14 9076.23 1.30 47.82 521.18 2388.11 8144.87 8.4690 0.03 394 2388 100.00 38.64 23.1663  
14 123 0.0007 0.0001 100.0 518.67 642.88 1592.77 1424.36 14.62 21.61 553.53 2388.11 9072.90 1.30 47.76 521.16 2388.12 8151.04 8.4536 0.03 392 2388 100.00 38.65 23.3710  
14 124 -0.0001 -0.0001 100.0 518.67 643.51 1590.83 1409.88 14.62 21.61 552.75 2388.12 9067.98 1.30 47.71 521.01 2388.17 8151.92 8.4531 0.03 393 2388 100.00 38.72 23.3281  
14 125 0.0007 0.0001 100.0 518.67 643.34 1593.59 1410.52 14.62 21.61 552.81 2388.16 9080.55 1.30 47.73 521.05 2388.16 8156.29 8.4516 0.03 394 2388 100.00 38.86 23.2120  
14 126 0.0040 0.0001 100.0 518.67 643.05 1600.10 1419.71 14.62 21.61 553.49 2388.15 9067.68 1.30 47.48 520.94 2388.14 8149.43 8.4605 0.03 395 2388 100.00 38.54 23.2130  
14 127 -0.0002 -0.0004 100.0 518.67 642.99 1601.22 1412.92 14.62 21.61 552.50 2388.12 9069.03 1.30 47.60 521.01 2388.14 8151.12 8.4846 0.03 393 2388 100.00 38.81 23.2299  
14 128 -0.0045 -0.0001 100.0 518.67 642.60 1594.12 1418.95 14.62 21.61 552.84 2388.13 9078.73 1.30 47.75 520.99 2388.11 8157.97 8.4751 0.03 393 2388 100.00 38.62 23.0891  
14 129 -0.0010 -0.0004 100.0 518.67 643.47 1591.73 1413.84 14.62 21.61 553.12 2388.13 9079.48 1.30 47.52 521.42 2388.09 8152.14 8.4644 0.03 394 2388 100.00 38.83 23.2301  
14 130 0.0022 0.0000 100.0 518.67 643.15 1600.91 1409.68 14.62 21.61 552.84 2388.15 9076.05 1.30 47.60 520.45 2388.15 8151.09 8.4677 0.03 394 2388 100.00 38.74 23.1728  
14 131 0.0007 0.0003 100.0 518.67 642.62 1592.02 1411.42 14.62 21.61 552.46 2388.16 9079.00 1.30 47.82 520.82 2388.12 8149.74 8.4622 0.03 393 2388 100.00 38.73 23.1857  
14 132 0.0040 0.0002 100.0 518.67 643.04 1597.59 1416.13 14.62 21.61 553.28 2388.14 9075.78 1.30 47.78 520.73 2388.10 8151.26 8.4778 0.03 395 2388 100.00 38.57 23.1648  
14 133 -0.0021 0.0001 100.0 518.67 643.11 1588.88 1414.47 14.62 21.61 553.05 2388.16 9079.49 1.30 47.71 520.65 2388.09 8152.21 8.4806 0.03 395 2388 100.00 38.87 23.2308  
14 134 0.0008 -0.0002 100.0 518.67 642.62 1595.28 1419.82 14.62 21.61 552.35 2388.14 9086.44 1.30 47.70 520.50 2388.10 8152.21 8.4672 0.03 394 2388 100.00 38.69 23.1382  
14 135 0.0008 0.0003 100.0 518.67 642.90 1596.50 1420.67 14.62 21.61 552.25 2388.16 9083.74 1.30 47.75 521.40 2388.12 8152.90 8.4685 0.03 396 2388 100.00 38.65 23.2326  
14 136 0.0028 0.0001 100.0 518.67 642.90 1596.70 1417.65 14.62 21.61 553.20 2388.12 9083.16 1.30 47.86 520.38 2388.10 8156.99 8.4709 0.03 394 2388 100.00 38.73 23.2425  
14 137 -0.0037 0.0005 100.0 518.67 643.14 1592.94 1418.40 14.62 21.61 552.45 2388.14 9071.60 1.30 47.86 520.45 2388.12 8152.69 8.4983 0.03 395 2388 100.00 38.64 23.2578  
14 138 -0.0021 -0.0000 100.0 518.67 642.71 1597.39 1413.75 14.62 21.61 552.80 2388.12 9075.27 1.30 47.79 521.51 2388.14 8159.25 8.4703 0.03 395 2388 100.00 38.56 23.2453  
14 139 0.0005 -0.0002 100.0 518.67 642.49 1597.56 1416.19 14.62 21.61 552.89 2388.13 9093.16 1.30 47.66 520.94 2388.11 8158.57 8.5034 0.03 394 2388 100.00 38.77 23.2039  
14 140 -0.0008 -0.0002 100.0 518.67 643.00 1594.04 1418.96 14.62 21.61 552.37 2388.09 9082.40 1.30 47.73 520.74 2388.13 8161.15 8.4521 0.03 395 2388 100.00 38.60 23.2360  
14 141 0.0020 0.0004 100.0 518.67 642.73 1591.56 1416.07 14.62 21.61 552.86 2388.15 9085.10 1.30 47.83 521.64 2388.12 8153.24 8.4564 0.03 394 2388 100.00 38.70 23.2822  
14 142 0.0038 0.0000 100.0 518.67 643.17 1596.65 1419.46 14.62 21.61 552.60 2388.09 9087.35 1.30 47.80 521.05 2388.12 8162.57 8.4881 0.03 396 2388 100.00 38.61 23.1289  
14 143 -0.0043 0.0003 100.0 518.67 643.83 1602.38 1424.50 14.62 21.61 551.87 2388.14 9075.25 1.30 47.89 521.23 2388.16 8161.56 8.4710 0.03 394 2388 100.00 38.63 23.1855  
14 144 -0.0006 0.0005 100.0 518.67 642.94 1598.10 1418.51 14.62 21.61 553.11 2388.13 9085.91 1.30 47.72 520.98 2388.13 8155.93 8.4984 0.03 394 2388 100.00 38.81 23.2750  
14 145 -0.0000 0.0003 100.0 518.67 642.95 1595.13 1417.80 14.62 21.61 552.84 2388.19 9087.49 1.30 47.76 520.53 2388.10 8160.02 8.4734 0.03 395 2388 100.00 38.79 23.2519  
14 146 0.0014 -0.0000 100.0 518.67 643.29 1600.49 1412.14 14.62 21.61 552.50 2388.15 9087.66 1.30 47.88 521.28 2388.17 8156.49 8.4806 0.03 395 2388 100.00 38.69 23.1929  
14 147 0.0015 -0.0003 100.0 518.67 642.48 1595.06 1418.83 14.62 21.61 551.87 2388.15 9092.69 1.30 47.83 521.22 2388.11 8160.39 8.4962 0.03 395 2388 100.00 38.69 23.1172  
14 148 0.0050 0.0005 100.0 518.67 642.70 1602.88 1416.34 14.62 21.61 552.46 2388.15 9089.60 1.30 47.83 520.67 2388.11 8161.07 8.4826 0.03 394 2388 100.00 38.78 23.1352  
14 149 0.0017 -0.0003 100.0 518.67 642.75 1596.64 1415.99 14.62 21.61 552.56 2388.15 9087.63 1.30 47.76 520.74 2388.16 8161.68 8.4905 0.03 395 2388 100.00 38.58 23.1669  
14 150 0.0023 0.0000 100.0 518.67 642.93 1599.37 1425.59 14.62 21.61 552.29 2388.15 9091.20 1.30 47.87 520.45 2388.13 8159.81 8.4634 0.03 395 2388 100.00 38.73 23.2591  
14 151 0.0011 -0.0005 100.0 518.67 642.76 1597.42 1415.01 14.62 21.61 551.72 2388.13 9090.85 1.30 47.85 520.51 2388.13 8164.18 8.4650 0.03 397 2388 100.00 38.66 23.1887  
14 152 0.0001 0.0001 100.0 518.67 643.21 1597.04 1425.50 14.62 21.61 551.75 2388.13 9094.70 1.30 47.88 520.07 2388.13 8166.11 8.4977 0.03 391 2388 100.00 38.51 23.0942  
14 153 -0.0012 -0.0001 100.0 518.67 643.44 1597.84 1422.09 14.62 21.61 552.66 2388.15 9090.64 1.30 47.86 520.29 2388.13 8165.24 8.4838 0.03 395 2388 100.00 38.49 23.2527  
14 154 0.0006 -0.0004 100.0 518.67 643.65 1593.88 1421.06 14.62 21.61 552.49 2388.15 9099.71 1.30 47.87 520.18 2388.14 8166.68 8.4842 0.03 396 2388 100.00 38.62 23.1276  
14 155 -0.0028 0.0003 100.0 518.67 643.41 1599.68 1427.29 14.62 21.61 551.92 2388.22 9098.53 1.30 47.94 520.11 2388.17 8166.87 8.5095 0.03 395 2388 100.00 38.58 23.2144  
14 156 0.0034 0.0000 100.0 518.67 643.08 1597.24 1430.86 14.62 21.61 551.93 2388.14 9100.89 1.30 47.86 520.56 2388.17 8169.07 8.4856 0.03 394 2388 100.00 38.57 23.1665  
14 157 0.0009 -0.0002 100.0 518.67 642.88 1600.49 1424.63 14.62 21.61 552.07 2388.13 9101.43 1.30 47.95 520.66 2388.14 8174.40 8.4878 0.03 394 2388 100.00 38.61 23.0881  
14 158 0.0026 -0.0003 100.0 518.67 643.04 1592.95 1410.81 14.62 21.61 552.78 2388.11 9091.34 1.30 47.90 520.61 2388.12 8168.16 8.4561 0.03 395 2388 100.00 38.53 23.2146  
14 159 -0.0004 -0.0001 100.0 518.67 642.66 1598.57 1415.71 14.62 21.61 552.32 2388.17 9100.99 1.30 48.03 520.74 2388.19 8169.88 8.5229 0.03 396 2388 100.00 38.71 23.0629  
14 160 -0.0005 -0.0003 100.0 518.67 643.08 1601.66 1424.61 14.62 21.61 551.74 2388.16 9100.09 1.30 47.82 520.53 2388.16 8170.82 8.4760 0.03 397 2388 100.00 38.75 23.0957  
14 161 0.0027 0.0004 100.0 518.67 643.24 1599.97 1419.35 14.62 21.61 552.14 2388.13 9101.20 1.30 47.97 520.55 2388.16 8173.02 8.4682 0.03 395 2388 100.00 38.51 23.0320  
14 162 0.0028 0.0003 100.0 518.67 643.06 1602.62 1422.23 14.62 21.61 551.89 2388.12 9104.09 1.30 48.14 519.97 2388.14 8174.02 8.4898 0.03 394 2388 100.00 38.67 23.2032  
14 163 -0.0012 0.0001 100.0 518.67 643.08 1592.53 1419.39 14.62 21.61 551.91 2388.17 9110.19 1.30 47.99 520.60 2388.13 8179.09 8.4926 0.03 396 2388 100.00 38.66 23.1457  
14 164 0.0022 0.0002 100.0 518.67 642.88 1603.43 1428.09 14.62 21.61 552.11 2388.12 9100.02 1.30 47.94 520.11 2388.16 8175.22 8.4684 0.03 395 2388 100.00 38.40 23.1089  
14 165 -0.0008 -0.0003 100.0 518.67 643.20 1601.09 1426.66 14.62 21.61 551.90 2388.12 9100.47 1.30 47.96 520.57 2388.15 8177.27 8.5097 0.03 394 2388 100.00 38.60 23.1437  
14 166 -0.0006 0.0002 100.0 518.67 643.24 1600.42 1420.87 14.62 21.61 552.07 2388.23 9106.99 1.30 47.92 519.94 2388.17 8180.49 8.4781 0.03 396 2388 100.00 38.58 23.1287  
14 167 0.0026 -0.0000 100.0 518.67 643.57 1605.27 1425.50 14.62 21.61 552.38 2388.23 9114.94 1.30 47.91 520.18 2388.17 8183.20 8.5039 0.03 396 2388 100.00 38.56 23.0397  
14 168 -0.0003 0.0001 100.0 518.67 643.79 1600.93 1428.22 14.62 21.61 552.31 2388.11 9109.47 1.30 47.93 520.04 2388.18 8178.71 8.5399 0.03 396 2388 100.00 38.52 23.2179  
14 169 -0.0002 0.0003 100.0 518.67 643.14 1602.39 1425.41 14.62 21.61 552.43 2388.19 9116.69 1.30 47.96 520.11 2388.16 8177.63 8.4984 0.03 396 2388 100.00 38.49 23.0382  
14 170 -0.0009 -0.0003 100.0 518.67 643.10 1608.89 1428.70 14.62 21.61 552.23 2388.17 9107.25 1.30 48.10 520.67 2388.13 8179.13 8.4978 0.03 397 2388 100.00 38.51 23.1406  
14 171 -0.0030 -0.0004 100.0 518.67 643.45 1608.22 1424.48 14.62 21.61 552.76 2388.11 9112.37 1.30 48.18 519.76 2388.17 8184.23 8.5326 0.03 395 2388 100.00 38.31 23.1044  
14 172 0.0059 0.0002 100.0 518.67 643.84 1605.57 1420.19 14.62 21.61 552.05 2388.16 9124.41 1.30 48.12 520.38 2388.20 8182.77 8.4673 0.03 396 2388 100.00 38.48 23.0938  
14 173 0.0040 0.0003 100.0 518.67 644.09 1603.45 1423.90 14.62 21.61 551.64 2388.18 9123.75 1.30 48.05 520.20 2388.19 8193.66 8.5031 0.03 396 2388 100.00 38.61 23.0647  
14 174 0.0008 0.0001 100.0 518.67 643.85 1605.95 1425.54 14.62 21.61 551.92 2388.17 9122.40 1.30 48.15 519.81 2388.08 8190.52 8.5081 0.03 396 2388 100.00 38.64 23.0226  
14 175 0.0023 0.0001 100.0 518.67 643.50 1604.22 1425.67 14.62 21.61 551.64 2388.16 9120.62 1.30 48.19 520.37 2388.21 8186.78 8.5324 0.03 396 2388 100.00 38.47 23.0489  
14 176 -0.0020 -0.0002 100.0 518.67 643.49 1599.40 1427.06 14.62 21.61 551.48 2388.18 9125.20 1.30 48.08 520.14 2388.20 8191.75 8.5309 0.03 396 2388 100.00 38.46 23.1078  
14 177 0.0005 -0.0005 100.0 518.67 644.17 1599.20 1424.67 14.62 21.61 551.93 2388.21 9128.96 1.30 48.04 519.92 2388.18 8193.49 8.5166 0.03 397 2388 100.00 38.46 23.0187  
14 178 0.0001 -0.0001 100.0 518.67 643.31 1603.10 1432.46 14.62 21.61 551.16 2388.24 9132.68 1.30 48.26 519.98 2388.20 8194.69 8.4919 0.03 397 2388 100.00 38.44 23.0785  
14 179 -0.0008 0.0003 100.0 518.67 643.70 1609.93 1425.93 14.62 21.61 551.96 2388.24 9132.35 1.30 48.30 519.89 2388.18 8189.64 8.5305 0.03 396 2388 100.00 38.34 23.0647  
14 180 0.0011 -0.0002 100.0 518.67 643.49 1597.94 1427.60 14.62 21.61 551.29 2388.18 9129.74 1.30 48.32 520.56 2388.23 8196.18 8.5237 0.03 397 2388 100.00 38.36 22.9824  
15 1 -0.0018 -0.0004 100.0 518.67 642.00 1576.75 1394.77 14.62 21.61 554.97 2388.02 9055.94 1.30 46.98 522.88 2388.00 8142.23 8.4102 0.03 391 2388 100.00 38.87 23.3903  
15 2 0.0004 0.0004 100.0 518.67 642.14 1588.84 1394.27 14.62 21.61 554.18 2387.98 9066.05 1.30 47.08 522.82 2388.05 8142.66 8.4101 0.03 392 2388 100.00 39.12 23.4014  
15 3 -0.0020 -0.0001 100.0 518.67 642.05 1581.96 1395.53 14.62 21.61 554.55 2388.01 9053.70 1.30 47.18 522.62 2387.99 8140.42 8.3922 0.03 391 2388 100.00 38.89 23.4291  
15 4 -0.0015 -0.0001 100.0 518.67 641.97 1587.35 1393.24 14.62 21.61 554.75 2387.96 9053.73 1.30 46.92 522.67 2388.00 8140.50 8.4142 0.03 392 2388 100.00 39.12 23.4905  
15 5 0.0014 -0.0003 100.0 518.67 642.33 1584.70 1392.44 14.62 21.60 554.72 2388.07 9056.97 1.30 47.34 523.02 2388.00 8142.05 8.3915 0.03 390 2388 100.00 39.09 23.4482  
15 6 -0.0006 -0.0003 100.0 518.67 641.81 1586.84 1395.70 14.62 21.61 554.47 2387.97 9061.09 1.30 47.15 522.62 2387.98 8141.56 8.3864 0.03 391 2388 100.00 39.14 23.5058  
15 7 0.0027 -0.0005 100.0 518.67 642.41 1582.35 1393.78 14.62 21.61 553.71 2388.02 9060.13 1.30 47.30 522.29 2387.94 8144.41 8.3942 0.03 392 2388 100.00 39.26 23.4558  
15 8 0.0003 -0.0000 100.0 518.67 642.41 1582.04 1395.75 14.62 21.61 554.93 2387.97 9058.95 1.30 47.35 522.26 2387.97 8144.91 8.3968 0.03 391 2388 100.00 38.96 23.3113  
15 9 0.0022 -0.0005 100.0 518.67 642.00 1580.24 1397.41 14.62 21.60 554.99 2388.09 9055.75 1.30 47.01 522.14 2387.99 8136.59 8.3748 0.03 392 2388 100.00 39.16 23.4860  
15 10 -0.0006 -0.0002 100.0 518.67 642.26 1584.19 1396.70 14.62 21.61 554.77 2387.94 9061.57 1.30 47.11 522.44 2388.03 8144.92 8.4223 0.03 391 2388 100.00 38.90 23.3710  
15 11 -0.0023 -0.0002 100.0 518.67 641.90 1585.36 1390.35 14.62 21.61 554.74 2388.00 9055.34 1.30 47.11 522.54 2388.01 8141.67 8.3967 0.03 390 2388 100.00 39.19 23.4066  
15 12 -0.0016 -0.0005 100.0 518.67 642.11 1582.54 1402.78 14.62 21.60 555.21 2388.01 9049.29 1.30 47.10 522.38 2387.95 8139.11 8.3678 0.03 392 2388 100.00 39.10 23.3218  
15 13 0.0015 -0.0003 100.0 518.67 642.21 1581.36 1395.44 14.62 21.60 555.21 2388.03 9056.72 1.30 47.23 522.53 2388.01 8142.24 8.4029 0.03 392 2388 100.00 39.01 23.4324  
15 14 0.0015 -0.0002 100.0 518.67 641.66 1581.98 1400.45 14.62 21.61 554.01 2387.96 9058.73 1.30 47.22 522.08 2388.04 8140.28 8.3826 0.03 391 2388 100.00 39.03 23.5056  
15 15 -0.0020 -0.0001 100.0 518.67 642.01 1585.44 1401.33 14.62 21.61 554.81 2387.98 9057.64 1.30 47.06 522.39 2387.99 8135.05 8.3603 0.03 392 2388 100.00 38.86 23.3726  
15 16 0.0011 0.0004 100.0 518.67 641.71 1579.91 1406.45 14.62 21.61 554.47 2387.95 9056.07 1.30 47.16 522.54 2388.04 8137.87 8.3792 0.03 391 2388 100.00 39.01 23.5067  
15 17 0.0009 0.0001 100.0 518.67 641.81 1581.88 1392.92 14.62 21.61 555.16 2387.97 9057.40 1.30 47.12 522.21 2388.03 8144.71 8.3948 0.03 390 2388 100.00 39.01 23.4125  
15 18 -0.0042 0.0005 100.0 518.67 641.86 1579.26 1390.03 14.62 21.61 554.27 2387.98 9060.55 1.30 47.14 522.77 2387.98 8137.89 8.3908 0.03 392 2388 100.00 39.11 23.4096  
15 19 -0.0029 0.0000 100.0 518.67 642.20 1590.89 1391.23 14.62 21.61 555.09 2387.96 9054.19 1.30 47.20 521.77 2387.98 8139.13 8.3592 0.03 392 2388 100.00 38.94 23.4053  
15 20 -0.0027 0.0003 100.0 518.67 641.73 1583.08 1392.71 14.62 21.61 554.48 2388.00 9063.05 1.30 47.17 522.94 2388.02 8143.76 8.4075 0.03 391 2388 100.00 39.02 23.4697  
15 21 0.0002 0.0003 100.0 518.67 642.51 1576.58 1395.29 14.62 21.60 554.48 2387.98 9056.38 1.30 47.14 522.62 2388.01 8144.26 8.3991 0.03 392 2388 100.00 39.00 23.4136  
15 22 -0.0012 0.0001 100.0 518.67 641.84 1578.51 1396.75 14.62 21.61 554.36 2388.00 9063.28 1.30 47.20 522.28 2388.00 8139.67 8.4158 0.03 391 2388 100.00 39.00 23.3403  
15 23 -0.0007 0.0004 100.0 518.67 641.96 1577.75 1395.00 14.62 21.61 554.54 2388.03 9058.67 1.30 47.19 522.05 2388.01 8143.08 8.3967 0.03 392 2388 100.00 39.00 23.4621  
15 24 0.0016 0.0002 100.0 518.67 642.45 1589.29 1397.04 14.62 21.60 555.26 2387.97 9045.91 1.30 47.11 522.87 2388.00 8142.61 8.3978 0.03 392 2388 100.00 39.03 23.4335  
15 25 -0.0006 -0.0002 100.0 518.67 642.40 1587.75 1398.65 14.62 21.61 555.19 2388.03 9056.40 1.30 47.17 522.68 2388.04 8138.16 8.4046 0.03 391 2388 100.00 39.13 23.4505  
15 26 0.0015 -0.0000 100.0 518.67 642.17 1582.05 1397.76 14.62 21.61 554.70 2388.01 9058.25 1.30 46.99 522.62 2387.99 8142.24 8.3955 0.03 392 2388 100.00 39.12 23.3932  
15 27 -0.0011 -0.0001 100.0 518.67 642.07 1588.41 1406.57 14.62 21.61 554.82 2388.07 9052.26 1.30 47.19 522.23 2388.01 8139.01 8.4170 0.03 390 2388 100.00 38.99 23.3395  
15 28 -0.0028 0.0000 100.0 518.67 641.91 1589.80 1392.82 14.62 21.61 555.27 2388.02 9059.80 1.30 47.13 523.05 2387.99 8141.19 8.3697 0.03 391 2388 100.00 39.11 23.4034  
15 29 0.0052 0.0003 100.0 518.67 641.79 1582.38 1389.69 14.62 21.61 554.70 2387.98 9054.31 1.30 47.29 522.58 2387.99 8142.60 8.3781 0.03 392 2388 100.00 38.86 23.3724  
15 30 -0.0004 -0.0003 100.0 518.67 642.24 1574.15 1396.49 14.62 21.61 555.14 2388.00 9054.65 1.30 47.06 523.06 2388.03 8143.79 8.3799 0.03 392 2388 100.00 39.27 23.3407  
15 31 0.0004 -0.0004 100.0 518.67 641.99 1580.38 1402.78 14.62 21.61 554.33 2388.02 9061.92 1.30 47.37 522.74 2388.04 8139.69 8.4060 0.03 392 2388 100.00 39.03 23.4515  
15 32 0.0006 0.0000 100.0 518.67 642.14 1584.56 1396.39 14.62 21.61 553.74 2388.01 9059.11 1.30 47.29 522.27 2388.03 8142.29 8.3852 0.03 391 2388 100.00 39.00 23.4328  
15 33 -0.0003 -0.0000 100.0 518.67 642.11 1584.96 1397.69 14.62 21.61 553.97 2388.03 9063.17 1.30 47.16 522.40 2388.04 8143.83 8.3959 0.03 393 2388 100.00 39.09 23.4391  
15 34 0.0013 -0.0002 100.0 518.67 641.85 1590.39 1392.99 14.62 21.60 554.58 2388.01 9065.45 1.30 47.25 522.48 2387.98 8143.72 8.3996 0.03 392 2388 100.00 38.94 23.3261  
15 35 -0.0011 0.0001 100.0 518.67 642.41 1583.28 1402.65 14.62 21.61 554.62 2388.00 9061.89 1.30 47.11 522.24 2388.02 8142.36 8.3939 0.03 392 2388 100.00 39.09 23.4322  
15 36 0.0039 -0.0001 100.0 518.67 642.56 1591.33 1396.09 14.62 21.61 554.41 2388.00 9047.42 1.30 47.05 522.92 2387.98 8141.95 8.3603 0.03 391 2388 100.00 38.97 23.4540  
15 37 0.0018 0.0000 100.0 518.67 641.95 1589.69 1394.87 14.62 21.61 555.23 2388.06 9057.95 1.30 47.27 522.26 2388.05 8145.38 8.3612 0.03 392 2388 100.00 38.92 23.4714  
15 38 0.0055 -0.0000 100.0 518.67 641.98 1580.82 1397.00 14.62 21.61 555.54 2387.96 9062.02 1.30 47.09 522.98 2388.03 8145.89 8.3884 0.03 392 2388 100.00 39.22 23.4945  
15 39 0.0006 0.0003 100.0 518.67 642.01 1587.69 1393.64 14.62 21.61 554.40 2388.02 9060.02 1.30 47.16 522.43 2387.96 8139.23 8.4369 0.03 391 2388 100.00 38.98 23.3673  
15 40 0.0004 -0.0002 100.0 518.67 642.50 1584.58 1398.07 14.62 21.61 554.13 2387.97 9058.56 1.30 47.13 522.12 2387.98 8143.52 8.4109 0.03 391 2388 100.00 39.07 23.3690  
15 41 -0.0017 0.0002 100.0 518.67 641.96 1583.84 1393.26 14.62 21.61 554.32 2387.99 9056.63 1.30 47.23 522.11 2387.96 8138.11 8.4012 0.03 392 2388 100.00 39.00 23.4862  
15 42 0.0022 -0.0002 100.0 518.67 642.57 1584.18 1393.00 14.62 21.61 554.81 2388.00 9058.10 1.30 47.01 522.99 2388.01 8137.45 8.3769 0.03 391 2388 100.00 38.98 23.3555  
15 43 -0.0041 -0.0001 100.0 518.67 642.51 1585.40 1395.43 14.62 21.61 554.85 2388.08 9056.86 1.30 47.23 522.39 2387.96 8148.38 8.4141 0.03 392 2388 100.00 39.10 23.4450  
15 44 -0.0030 0.0003 100.0 518.67 642.18 1581.48 1393.57 14.62 21.61 555.01 2387.99 9055.16 1.30 47.04 521.99 2388.04 8139.83 8.4089 0.03 392 2388 100.00 39.08 23.4563  
15 45 -0.0002 0.0000 100.0 518.67 642.26 1580.47 1395.59 14.62 21.61 554.99 2388.01 9057.82 1.30 47.03 521.96 2387.99 8141.59 8.4198 0.03 391 2388 100.00 38.95 23.3652  
15 46 0.0002 0.0002 100.0 518.67 642.15 1580.58 1407.34 14.62 21.61 554.30 2388.01 9051.12 1.30 47.00 521.84 2388.01 8138.59 8.4182 0.03 391 2388 100.00 39.16 23.4855  
15 47 -0.0007 0.0004 100.0 518.67 641.74 1593.18 1396.56 14.62 21.61 553.37 2388.01 9059.45 1.30 47.48 522.16 2388.01 8140.59 8.3926 0.03 390 2388 100.00 39.06 23.3375  
15 48 0.0013 -0.0003 100.0 518.67 642.23 1581.61 1395.42 14.62 21.60 554.36 2387.98 9054.29 1.30 47.17 522.12 2387.99 8143.50 8.4052 0.03 391 2388 100.00 39.09 23.4105  
15 49 0.0007 -0.0005 100.0 518.67 641.74 1584.85 1395.15 14.62 21.61 555.46 2388.00 9062.59 1.30 47.34 521.98 2388.02 8140.04 8.4285 0.03 392 2388 100.00 38.87 23.4577  
15 50 -0.0021 -0.0002 100.0 518.67 642.26 1583.47 1403.78 14.62 21.61 554.72 2388.00 9059.06 1.30 47.22 522.39 2388.02 8141.22 8.3897 0.03 393 2388 100.00 39.07 23.4351  
15 51 0.0015 -0.0000 100.0 518.67 641.74 1584.66 1397.29 14.62 21.60 554.48 2388.03 9061.45 1.30 47.36 522.27 2388.03 8141.67 8.3835 0.03 392 2388 100.00 38.93 23.4525  
15 52 -0.0003 0.0004 100.0 518.67 642.26 1587.69 1399.54 14.62 21.61 554.23 2388.02 9065.86 1.30 47.14 522.10 2388.04 8141.93 8.3940 0.03 392 2388 100.00 39.23 23.3558  
15 53 0.0047 -0.0004 100.0 518.67 641.76 1584.18 1394.35 14.62 21.61 554.78 2388.01 9055.39 1.30 47.14 522.27 2388.03 8140.37 8.3804 0.03 392 2388 100.00 39.08 23.4221  
15 54 -0.0000 0.0004 100.0 518.67 642.05 1581.83 1398.56 14.62 21.61 554.90 2388.01 9058.20 1.30 47.24 522.54 2388.03 8134.15 8.4064 0.03 392 2388 100.00 39.11 23.4045  
15 55 0.0015 0.0005 100.0 518.67 642.57 1582.97 1393.88 14.62 21.61 555.23 2388.04 9056.47 1.30 47.29 521.62 2388.04 8141.80 8.4138 0.03 392 2388 100.00 38.95 23.3920  
15 56 0.0025 -0.0001 100.0 518.67 642.66 1584.24 1399.54 14.62 21.61 554.90 2387.99 9057.96 1.30 47.08 522.39 2387.99 8141.40 8.3877 0.03 393 2388 100.00 39.07 23.5732  
15 57 -0.0010 -0.0002 100.0 518.67 642.11 1587.81 1393.48 14.62 21.61 554.95 2388.01 9061.19 1.30 47.23 522.17 2387.99 8142.56 8.3816 0.03 392 2388 100.00 39.08 23.4629  
15 58 -0.0005 -0.0003 100.0 518.67 641.89 1584.11 1397.73 14.62 21.61 554.50 2388.02 9058.00 1.30 47.23 522.44 2387.98 8141.95 8.3711 0.03 392 2388 100.00 38.99 23.4157  
15 59 0.0037 -0.0003 100.0 518.67 641.81 1577.52 1399.53 14.62 21.61 554.44 2388.02 9060.41 1.30 47.43 522.59 2388.04 8146.59 8.3715 0.03 392 2388 100.00 38.67 23.4619  
15 60 0.0038 0.0004 100.0 518.67 642.00 1578.56 1400.34 14.62 21.61 554.39 2388.02 9061.22 1.30 47.21 521.89 2388.02 8138.92 8.3925 0.03 391 2388 100.00 38.92 23.3673  
15 61 -0.0024 0.0003 100.0 518.67 642.29 1588.69 1389.96 14.62 21.61 554.75 2388.01 9062.09 1.30 47.23 522.65 2388.04 8142.50 8.4208 0.03 392 2388 100.00 39.14 23.3634  
15 62 0.0007 0.0001 100.0 518.67 642.21 1578.29 1398.03 14.62 21.61 554.54 2388.02 9057.61 1.30 47.09 522.46 2388.01 8140.56 8.4105 0.03 391 2388 100.00 39.01 23.3912  
15 63 0.0008 0.0003 100.0 518.67 642.53 1581.64 1399.61 14.62 21.61 554.07 2388.00 9054.87 1.30 47.27 521.83 2388.06 8138.37 8.4021 0.03 392 2388 100.00 38.96 23.4058  
15 64 -0.0012 -0.0002 100.0 518.67 642.40 1584.95 1402.52 14.62 21.61 554.62 2388.02 9061.88 1.30 47.11 522.47 2388.07 8138.59 8.4190 0.03 392 2388 100.00 38.87 23.4125  
15 65 -0.0037 0.0003 100.0 518.67 642.44 1591.69 1397.08 14.62 21.61 554.48 2388.04 9057.69 1.30 47.37 522.11 2387.98 8141.57 8.3409 0.03 391 2388 100.00 38.95 23.3545  
15 66 -0.0013 -0.0002 100.0 518.67 643.13 1586.26 1398.34 14.62 21.61 554.67 2388.01 9064.83 1.30 47.18 522.36 2387.99 8142.54 8.4068 0.03 391 2388 100.00 38.93 23.4124  
15 67 -0.0054 0.0003 100.0 518.67 642.86 1582.86 1399.60 14.62 21.61 554.45 2388.02 9056.82 1.30 47.25 522.43 2388.07 8133.78 8.4007 0.03 393 2388 100.00 38.95 23.4194  
15 68 -0.0011 -0.0000 100.0 518.67 642.01 1591.15 1399.59 14.62 21.61 554.29 2388.00 9058.44 1.30 47.23 521.51 2388.04 8136.67 8.4166 0.03 391 2388 100.00 38.97 23.5508  
15 69 -0.0033 0.0004 100.0 518.67 642.63 1584.83 1389.68 14.62 21.61 554.68 2388.01 9061.91 1.30 47.18 522.91 2388.04 8143.55 8.3951 0.03 392 2388 100.00 39.10 23.3570  
15 70 0.0009 0.0000 100.0 518.67 642.18 1590.23 1398.83 14.62 21.61 555.08 2388.03 9051.66 1.30 47.29 522.29 2388.04 8135.81 8.4326 0.03 392 2388 100.00 39.05 23.4105  
15 71 -0.0005 -0.0002 100.0 518.67 642.60 1586.84 1396.53 14.62 21.61 554.75 2388.04 9055.77 1.30 47.37 522.84 2388.04 8141.56 8.3923 0.03 392 2388 100.00 38.83 23.3468  
15 72 0.0039 -0.0002 100.0 518.67 642.24 1583.64 1403.24 14.62 21.61 555.10 2388.03 9056.80 1.30 47.26 522.32 2387.99 8136.04 8.4190 0.03 391 2388 100.00 39.03 23.3770  
15 73 -0.0041 -0.0001 100.0 518.67 641.75 1586.52 1404.62 14.62 21.61 554.55 2388.00 9056.72 1.30 47.14 522.59 2388.02 8141.63 8.3891 0.03 393 2388 100.00 39.10 23.4947  
15 74 -0.0014 0.0001 100.0 518.67 642.33 1587.38 1403.28 14.62 21.61 553.86 2387.98 9054.13 1.30 47.17 522.83 2388.01 8140.56 8.3914 0.03 392 2388 100.00 38.90 23.3666  
15 75 0.0006 -0.0002 100.0 518.67 641.85 1585.44 1390.22 14.62 21.61 554.45 2388.07 9061.94 1.30 47.26 522.41 2388.06 8141.80 8.4125 0.03 392 2388 100.00 39.08 23.5043  
15 76 0.0011 -0.0000 100.0 518.67 642.21 1595.24 1397.85 14.62 21.61 554.71 2387.99 9061.51 1.30 47.30 522.07 2388.01 8145.33 8.3780 0.03 392 2388 100.00 39.00 23.3428  
15 77 -0.0019 0.0002 100.0 518.67 642.36 1584.32 1393.14 14.62 21.61 554.33 2388.03 9059.02 1.30 47.45 521.96 2388.00 8141.50 8.4374 0.03 393 2388 100.00 38.96 23.2786  
15 78 0.0036 0.0005 100.0 518.67 642.51 1586.82 1399.83 14.62 21.61 554.15 2387.97 9059.75 1.30 46.99 522.31 2387.96 8137.68 8.3634 0.03 391 2388 100.00 39.03 23.4495  
15 79 0.0025 0.0003 100.0 518.67 641.82 1587.74 1396.19 14.62 21.61 554.26 2388.06 9055.67 1.30 47.35 521.75 2387.99 8144.14 8.4457 0.03 393 2388 100.00 38.93 23.3939  
15 80 -0.0012 -0.0003 100.0 518.67 641.95 1590.36 1399.08 14.62 21.61 554.77 2387.98 9064.74 1.30 47.37 522.02 2388.01 8139.11 8.3893 0.03 390 2388 100.00 39.03 23.4507  
15 81 0.0037 0.0005 100.0 518.67 642.24 1583.10 1393.56 14.62 21.61 554.13 2388.07 9066.89 1.30 47.14 522.06 2387.99 8139.72 8.3818 0.03 392 2388 100.00 39.08 23.3683  
15 82 -0.0005 0.0004 100.0 518.67 641.96 1583.45 1403.43 14.62 21.61 554.33 2388.06 9058.22 1.30 47.23 522.48 2387.99 8147.86 8.3999 0.03 391 2388 100.00 38.86 23.4031  
15 83 0.0006 -0.0001 100.0 518.67 642.28 1583.51 1397.40 14.62 21.61 554.55 2387.99 9057.93 1.30 47.19 521.82 2388.01 8134.87 8.4130 0.03 393 2388 100.00 38.89 23.2544  
15 84 -0.0003 -0.0005 100.0 518.67 642.17 1585.11 1396.87 14.62 21.61 554.38 2388.01 9054.89 1.30 47.36 522.62 2388.00 8143.13 8.3981 0.03 391 2388 100.00 38.86 23.3906  
15 85 -0.0001 -0.0002 100.0 518.67 642.12 1578.89 1394.12 14.62 21.61 554.02 2388.01 9053.48 1.30 47.26 522.16 2388.01 8142.01 8.4396 0.03 391 2388 100.00 39.17 23.4975  
15 86 -0.0005 -0.0002 100.0 518.67 641.94 1581.75 1406.17 14.62 21.60 554.10 2388.00 9066.57 1.30 47.33 522.45 2388.03 8144.94 8.3758 0.03 392 2388 100.00 39.17 23.3478  
15 87 -0.0021 -0.0002 100.0 518.67 641.92 1589.06 1399.81 14.62 21.61 553.91 2388.01 9062.61 1.30 47.27 522.20 2388.03 8138.95 8.3950 0.03 392 2388 100.00 39.09 23.3490  
15 88 -0.0010 -0.0004 100.0 518.67 642.06 1587.41 1401.08 14.62 21.61 554.05 2388.03 9059.20 1.30 47.15 522.61 2388.02 8139.31 8.4119 0.03 392 2388 100.00 39.05 23.4703  
15 89 -0.0007 0.0004 100.0 518.67 642.02 1585.47 1402.98 14.62 21.61 554.73 2388.03 9058.62 1.30 47.15 521.86 2388.04 8140.08 8.4252 0.03 392 2388 100.00 39.00 23.4427  
15 90 0.0011 -0.0002 100.0 518.67 642.35 1592.35 1402.51 14.62 21.61 553.83 2388.03 9063.47 1.30 47.43 522.01 2388.00 8137.31 8.3963 0.03 390 2388 100.00 39.04 23.4098  
15 91 0.0011 0.0001 100.0 518.67 642.46 1581.34 1405.34 14.62 21.61 554.14 2388.09 9057.17 1.30 47.31 522.65 2388.02 8142.24 8.4111 0.03 393 2388 100.00 38.96 23.2973  
15 92 0.0012 0.0001 100.0 518.67 641.62 1588.91 1406.95 14.62 21.61 553.74 2388.04 9058.78 1.30 47.22 521.72 2388.03 8142.63 8.4418 0.03 393 2388 100.00 38.97 23.3102  
15 93 -0.0021 0.0003 100.0 518.67 641.89 1583.71 1398.49 14.62 21.61 553.67 2388.04 9058.26 1.30 47.33 521.90 2388.00 8144.65 8.3862 0.03 393 2388 100.00 39.07 23.4829  
15 94 0.0003 0.0005 100.0 518.67 642.33 1585.91 1402.22 14.62 21.61 554.23 2388.01 9060.76 1.30 47.37 522.53 2387.99 8140.49 8.3945 0.03 392 2388 100.00 39.04 23.2893  
15 95 0.0006 -0.0000 100.0 518.67 642.57 1582.79 1402.67 14.62 21.61 553.66 2388.02 9054.59 1.30 47.23 522.20 2388.02 8139.50 8.3953 0.03 392 2388 100.00 39.22 23.3732  
15 96 -0.0008 0.0001 100.0 518.67 642.30 1587.80 1393.12 14.62 21.61 554.17 2388.00 9057.18 1.30 47.22 522.03 2388.00 8138.57 8.4367 0.03 393 2388 100.00 39.07 23.4881  
15 97 -0.0004 -0.0002 100.0 518.67 642.00 1594.93 1396.41 14.62 21.61 554.14 2388.06 9056.45 1.30 47.43 522.10 2388.02 8135.76 8.3998 0.03 394 2388 100.00 39.03 23.3660  
15 98 -0.0010 0.0003 100.0 518.67 641.97 1586.38 1405.04 14.62 21.61 553.26 2388.02 9050.51 1.30 47.28 522.18 2388.05 8145.12 8.3754 0.03 393 2388 100.00 39.05 23.4135  
15 99 0.0018 -0.0000 100.0 518.67 642.80 1589.94 1402.19 14.62 21.61 554.51 2388.04 9050.98 1.30 47.38 522.22 2388.05 8141.46 8.4147 0.03 393 2388 100.00 38.97 23.4945  
15 100 0.0019 -0.0004 100.0 518.67 642.08 1588.67 1396.26 14.62 21.61 554.10 2388.02 9054.88 1.30 47.32 522.65 2388.00 8143.70 8.4117 0.03 393 2388 100.00 39.21 23.3159  
15 101 -0.0020 -0.0001 100.0 518.67 642.38 1578.98 1396.30 14.62 21.61 554.36 2388.04 9056.89 1.30 47.23 522.49 2388.00 8139.97 8.4371 0.03 392 2388 100.00 39.10 23.4591  
15 102 0.0007 0.0002 100.0 518.67 641.90 1581.10 1402.09 14.62 21.61 553.56 2388.03 9060.87 1.30 47.24 521.94 2388.02 8148.48 8.4293 0.03 394 2388 100.00 39.10 23.3745  
15 103 -0.0012 -0.0001 100.0 518.67 642.57 1586.84 1403.11 14.62 21.61 553.29 2388.06 9057.60 1.30 47.37 521.86 2388.04 8140.14 8.4290 0.03 393 2388 100.00 38.98 23.4535  
15 104 0.0029 -0.0001 100.0 518.67 642.43 1587.78 1401.92 14.62 21.61 554.12 2388.02 9056.53 1.30 47.43 522.09 2388.03 8139.92 8.3723 0.03 391 2388 100.00 39.08 23.4065  
15 105 -0.0002 0.0003 100.0 518.67 642.18 1588.27 1398.20 14.62 21.61 554.79 2388.02 9058.06 1.30 47.41 522.34 2388.00 8139.26 8.4073 0.03 391 2388 100.00 39.00 23.3850  
15 106 0.0013 -0.0002 100.0 518.67 642.68 1589.72 1400.98 14.62 21.61 553.99 2388.01 9058.73 1.30 47.18 522.13 2388.03 8141.50 8.4173 0.03 391 2388 100.00 38.88 23.3480  
15 107 0.0015 0.0001 100.0 518.67 642.74 1591.35 1395.01 14.62 21.61 554.07 2388.04 9048.54 1.30 47.15 521.74 2388.10 8137.30 8.3911 0.03 391 2388 100.00 39.03 23.3286  
15 108 0.0013 0.0002 100.0 518.67 642.06 1583.94 1399.22 14.62 21.61 554.39 2388.05 9055.59 1.30 47.22 521.83 2388.07 8135.57 8.4221 0.03 393 2388 100.00 38.95 23.3870  
15 109 0.0042 0.0001 100.0 518.67 642.51 1589.15 1395.30 14.62 21.61 553.68 2388.07 9060.95 1.30 47.35 522.01 2388.09 8139.31 8.4054 0.03 392 2388 100.00 38.79 23.4098  
15 110 0.0017 -0.0000 100.0 518.67 642.22 1589.73 1393.10 14.62 21.61 554.46 2388.07 9059.81 1.30 47.42 522.17 2387.99 8138.24 8.3995 0.03 392 2388 100.00 39.06 23.3480  
15 111 -0.0006 0.0002 100.0 518.67 642.39 1581.07 1400.61 14.62 21.61 553.78 2388.02 9056.73 1.30 47.38 521.86 2388.03 8141.68 8.3951 0.03 393 2388 100.00 38.84 23.3774  
15 112 -0.0020 -0.0003 100.0 518.67 641.71 1582.81 1405.70 14.62 21.61 553.56 2388.00 9058.00 1.30 47.42 521.56 2388.01 8135.88 8.4127 0.03 393 2388 100.00 39.06 23.3210  
15 113 0.0011 0.0005 100.0 518.67 642.05 1579.46 1402.68 14.62 21.61 553.78 2388.03 9056.79 1.30 47.28 521.95 2388.07 8135.39 8.4212 0.03 392 2388 100.00 39.06 23.4102  
15 114 -0.0064 -0.0001 100.0 518.67 642.37 1591.91 1404.17 14.62 21.61 554.30 2388.02 9053.94 1.30 47.27 521.64 2388.08 8139.82 8.4124 0.03 393 2388 100.00 38.79 23.4200  
15 115 0.0020 -0.0002 100.0 518.67 642.63 1589.26 1404.83 14.62 21.61 553.59 2388.03 9054.00 1.30 47.31 521.65 2387.99 8140.99 8.4103 0.03 393 2388 100.00 38.93 23.4324  
15 116 -0.0001 -0.0003 100.0 518.67 642.49 1588.93 1402.16 14.62 21.61 553.74 2388.05 9061.98 1.30 47.32 522.28 2388.03 8140.10 8.3930 0.03 391 2388 100.00 38.93 23.3816  
15 117 -0.0024 0.0002 100.0 518.67 642.44 1588.01 1399.93 14.62 21.61 553.94 2388.02 9065.49 1.30 47.29 521.79 2388.02 8138.92 8.4195 0.03 393 2388 100.00 38.99 23.2936  
15 118 0.0024 0.0001 100.0 518.67 641.45 1590.80 1402.87 14.62 21.61 553.84 2388.04 9052.23 1.30 47.14 521.86 2388.03 8144.23 8.4226 0.03 392 2388 100.00 38.77 23.3585  
15 119 -0.0006 0.0005 100.0 518.67 642.26 1580.44 1395.59 14.62 21.61 554.33 2388.04 9061.90 1.30 47.35 521.70 2388.02 8142.29 8.3684 0.03 392 2388 100.00 38.91 23.3598  
15 120 0.0009 0.0002 100.0 518.67 641.70 1587.63 1398.30 14.62 21.61 554.06 2388.08 9055.32 1.30 47.45 521.81 2388.05 8137.39 8.3796 0.03 393 2388 100.00 39.05 23.3618  
15 121 0.0000 0.0002 100.0 518.67 643.10 1594.17 1394.78 14.62 21.61 554.38 2388.04 9056.31 1.30 47.50 521.85 2388.04 8138.40 8.4313 0.03 393 2388 100.00 39.08 23.3346  
15 122 0.0018 -0.0004 100.0 518.67 642.11 1584.97 1398.55 14.62 21.61 554.97 2388.00 9056.93 1.30 47.52 522.16 2388.07 8136.92 8.3882 0.03 392 2388 100.00 38.96 23.3643  
15 123 0.0002 -0.0002 100.0 518.67 642.17 1582.85 1408.40 14.62 21.61 554.05 2388.08 9063.35 1.30 47.27 521.77 2388.02 8142.79 8.4253 0.03 393 2388 100.00 38.85 23.3931  
15 124 0.0020 0.0003 100.0 518.67 642.50 1588.45 1405.57 14.62 21.60 553.43 2388.06 9060.27 1.30 47.34 521.60 2388.06 8141.59 8.4107 0.03 392 2388 100.00 38.79 23.3535  
15 125 -0.0020 -0.0004 100.0 518.67 642.84 1588.86 1404.73 14.62 21.61 553.02 2388.03 9057.14 1.30 47.35 521.95 2388.12 8134.18 8.4329 0.03 393 2388 100.00 38.97 23.4524  
15 126 -0.0005 -0.0003 100.0 518.67 641.95 1593.68 1401.22 14.62 21.61 553.51 2388.10 9054.76 1.30 47.50 522.23 2388.02 8130.60 8.4258 0.03 394 2388 100.00 38.93 23.2533  
15 127 0.0011 0.0005 100.0 518.67 642.10 1589.30 1397.59 14.62 21.61 553.70 2388.09 9052.79 1.30 47.54 521.80 2388.07 8134.43 8.4339 0.03 392 2388 100.00 39.12 23.2636  
15 128 -0.0023 0.0004 100.0 518.67 642.66 1587.07 1410.27 14.62 21.61 554.08 2388.11 9056.20 1.30 47.35 522.37 2388.05 8138.69 8.4279 0.03 391 2388 100.00 38.79 23.2980  
15 129 0.0007 0.0005 100.0 518.67 641.54 1583.60 1404.57 14.62 21.61 553.76 2388.12 9050.54 1.30 47.45 521.66 2388.10 8132.47 8.4285 0.03 392 2388 100.00 38.76 23.3012  
15 130 -0.0021 -0.0003 100.0 518.67 642.34 1589.19 1402.03 14.62 21.61 553.80 2388.07 9059.10 1.30 47.35 521.79 2388.08 8134.16 8.4502 0.03 392 2388 100.00 38.83 23.3836  
15 131 -0.0000 0.0004 100.0 518.67 642.26 1585.34 1404.06 14.62 21.61 553.87 2388.06 9061.06 1.30 47.56 521.83 2388.08 8139.28 8.4413 0.03 393 2388 100.00 38.78 23.4100  
15 132 0.0013 0.0004 100.0 518.67 642.74 1579.91 1406.23 14.62 21.61 554.04 2388.09 9052.19 1.30 47.58 521.72 2388.07 8138.54 8.4236 0.03 393 2388 100.00 38.94 23.3697  
15 133 -0.0022 -0.0002 100.0 518.67 642.19 1577.58 1405.78 14.62 21.61 553.86 2388.07 9056.16 1.30 47.47 521.34 2388.07 8135.66 8.4078 0.03 394 2388 100.00 39.05 23.2832  
15 134 -0.0012 0.0003 100.0 518.67 642.69 1592.02 1405.44 14.62 21.61 553.16 2388.06 9054.08 1.30 47.46 521.62 2388.08 8136.89 8.4609 0.03 393 2388 100.00 39.01 23.3382  
15 135 0.0018 0.0001 100.0 518.67 642.18 1588.62 1408.15 14.62 21.61 553.85 2388.10 9056.87 1.30 47.43 522.03 2388.06 8136.84 8.4478 0.03 392 2388 100.00 39.18 23.4428  
15 136 -0.0043 -0.0001 100.0 518.67 642.59 1581.14 1403.22 14.62 21.61 553.41 2388.07 9058.83 1.30 47.41 522.26 2388.01 8142.17 8.4545 0.03 392 2388 100.00 38.75 23.3093  
15 137 0.0034 0.0003 100.0 518.67 642.82 1585.75 1398.79 14.62 21.61 553.84 2388.08 9052.73 1.30 47.35 521.84 2388.05 8136.61 8.4433 0.03 393 2388 100.00 38.92 23.3069  
15 138 0.0029 0.0001 100.0 518.67 642.05 1585.88 1406.24 14.62 21.61 553.76 2388.09 9057.57 1.30 47.48 521.69 2388.08 8141.75 8.4561 0.03 393 2388 100.00 38.78 23.3039  
15 139 -0.0003 0.0003 100.0 518.67 642.45 1592.16 1410.66 14.62 21.61 553.94 2388.04 9056.43 1.30 47.44 521.49 2388.10 8138.16 8.4328 0.03 393 2388 100.00 38.77 23.3034  
15 140 -0.0020 0.0005 100.0 518.67 642.96 1589.89 1404.60 14.62 21.61 552.94 2388.08 9059.53 1.30 47.46 522.09 2388.05 8138.22 8.4463 0.03 393 2388 100.00 38.88 23.3203  
15 141 -0.0001 0.0001 100.0 518.67 642.37 1592.65 1403.51 14.62 21.61 553.55 2388.09 9056.08 1.30 47.43 521.70 2388.10 8135.71 8.4352 0.03 392 2388 100.00 38.94 23.2308  
15 142 0.0006 -0.0002 100.0 518.67 642.49 1588.19 1403.80 14.62 21.61 553.41 2388.09 9059.44 1.30 47.44 521.69 2388.05 8138.93 8.3975 0.03 393 2388 100.00 38.88 23.2852  
15 143 0.0022 0.0002 100.0 518.67 642.32 1582.47 1406.21 14.62 21.61 553.83 2388.09 9057.94 1.30 47.44 521.46 2388.10 8135.65 8.4468 0.03 392 2388 100.00 38.92 23.3247  
15 144 -0.0055 -0.0004 100.0 518.67 643.21 1588.64 1401.59 14.62 21.61 553.06 2388.13 9054.78 1.30 47.49 521.51 2388.10 8133.80 8.4551 0.03 392 2388 100.00 38.88 23.3139  
15 145 0.0028 0.0004 100.0 518.67 642.44 1586.94 1398.81 14.62 21.61 553.79 2388.12 9057.66 1.30 47.54 521.41 2388.08 8128.15 8.4322 0.03 394 2388 100.00 38.89 23.3343  
15 146 -0.0019 0.0003 100.0 518.67 643.20 1590.01 1405.95 14.62 21.61 553.59 2388.11 9058.19 1.30 47.63 521.81 2388.06 8140.46 8.4268 0.03 393 2388 100.00 39.01 23.3157  
15 147 0.0022 0.0003 100.0 518.67 642.52 1589.85 1411.70 14.62 21.61 554.21 2388.16 9050.00 1.30 47.55 521.09 2388.08 8136.95 8.4442 0.03 393 2388 100.00 38.82 23.2988  
15 148 -0.0006 0.0003 100.0 518.67 642.89 1585.94 1405.24 14.62 21.61 553.17 2388.11 9057.22 1.30 47.49 521.80 2388.11 8140.03 8.4288 0.03 392 2388 100.00 38.82 23.3257  
15 149 -0.0025 0.0002 100.0 518.67 642.43 1586.98 1401.05 14.62 21.61 554.26 2388.04 9057.26 1.30 47.45 521.55 2388.08 8136.18 8.4384 0.03 393 2388 100.00 38.85 23.3283  
15 150 0.0006 0.0002 100.0 518.67 642.44 1586.08 1410.50 14.62 21.61 553.07 2388.09 9051.36 1.30 47.56 520.85 2388.11 8134.66 8.4335 0.03 395 2388 100.00 38.89 23.2490  
15 151 -0.0002 -0.0004 100.0 518.67 642.47 1588.62 1409.60 14.62 21.61 553.32 2388.05 9057.43 1.30 47.43 521.43 2388.14 8139.75 8.4453 0.03 392 2388 100.00 38.86 23.2729  
15 152 0.0033 0.0004 100.0 518.67 642.21 1595.25 1408.89 14.62 21.61 553.74 2388.11 9057.49 1.30 47.42 521.89 2388.06 8134.72 8.4570 0.03 392 2388 100.00 38.82 23.3143  
15 153 0.0042 -0.0004 100.0 518.67 642.81 1590.55 1405.44 14.62 21.61 553.88 2388.13 9059.01 1.30 47.49 521.52 2388.15 8131.93 8.4141 0.03 393 2388 100.00 38.79 23.1558  
15 154 0.0027 -0.0005 100.0 518.67 642.90 1584.03 1410.34 14.62 21.61 552.86 2388.09 9056.95 1.30 47.49 521.33 2388.07 8142.40 8.4523 0.03 393 2388 100.00 38.80 23.3389  
15 155 -0.0040 0.0003 100.0 518.67 642.36 1583.30 1409.17 14.62 21.61 553.51 2388.15 9055.03 1.30 47.71 521.00 2388.12 8135.04 8.4334 0.03 393 2388 100.00 38.83 23.2392  
15 156 -0.0014 -0.0003 100.0 518.67 643.24 1590.10 1407.82 14.62 21.61 553.63 2388.11 9054.23 1.30 47.42 521.48 2388.15 8139.11 8.4387 0.03 392 2388 100.00 38.82 23.2670  
15 157 -0.0005 0.0002 100.0 518.67 642.82 1593.53 1406.36 14.62 21.61 553.83 2388.12 9051.35 1.30 47.56 521.42 2388.10 8133.64 8.4453 0.03 395 2388 100.00 38.89 23.2984  
15 158 -0.0014 0.0004 100.0 518.67 642.93 1592.39 1407.61 14.62 21.61 553.50 2388.12 9059.72 1.30 47.65 521.36 2388.08 8133.52 8.4613 0.03 393 2388 100.00 38.60 23.3778  
15 159 -0.0010 -0.0003 100.0 518.67 642.72 1588.38 1414.99 14.62 21.61 553.03 2388.08 9047.23 1.30 47.86 521.06 2388.13 8134.87 8.4476 0.03 393 2388 100.00 38.81 23.2503  
15 160 0.0008 -0.0001 100.0 518.67 642.71 1585.84 1401.76 14.62 21.61 552.92 2388.09 9054.88 1.30 47.47 521.13 2388.10 8134.16 8.4260 0.03 392 2388 100.00 38.86 23.3554  
15 161 -0.0056 0.0003 100.0 518.67 642.93 1591.03 1409.90 14.62 21.61 553.71 2388.13 9056.73 1.30 47.76 521.07 2388.10 8135.66 8.4680 0.03 393 2388 100.00 38.86 23.2804  
15 162 0.0021 -0.0000 100.0 518.67 642.85 1593.57 1409.35 14.62 21.61 553.60 2388.10 9065.83 1.30 47.59 521.24 2388.07 8135.21 8.4355 0.03 393 2388 100.00 38.85 23.3520  
15 163 0.0007 0.0001 100.0 518.67 643.40 1587.45 1411.16 14.62 21.61 552.80 2388.15 9057.81 1.30 47.60 521.73 2388.09 8132.73 8.4678 0.03 394 2388 100.00 38.86 23.3170  
15 164 -0.0023 -0.0001 100.0 518.67 643.12 1589.35 1408.98 14.62 21.61 552.68 2388.12 9060.78 1.30 47.71 521.17 2388.07 8132.18 8.4362 0.03 395 2388 100.00 38.55 23.2515  
15 165 -0.0009 0.0000 100.0 518.67 643.15 1592.59 1413.07 14.62 21.61 552.40 2388.12 9056.26 1.30 47.77 521.18 2388.09 8131.06 8.4613 0.03 394 2388 100.00 38.71 23.2397  
15 166 -0.0023 -0.0002 100.0 518.67 642.77 1590.17 1415.43 14.62 21.61 552.73 2388.18 9053.75 1.30 47.68 520.92 2388.13 8131.69 8.4733 0.03 394 2388 100.00 38.80 23.1769  
15 167 0.0007 0.0003 100.0 518.67 643.03 1589.24 1406.28 14.62 21.61 553.16 2388.09 9055.57 1.30 47.69 521.06 2388.15 8129.91 8.4414 0.03 394 2388 100.00 38.58 23.1966  
15 168 0.0055 -0.0003 100.0 518.67 642.56 1589.81 1404.76 14.62 21.61 553.17 2388.13 9054.93 1.30 47.60 521.50 2388.20 8130.43 8.4642 0.03 394 2388 100.00 38.85 23.2577  
15 169 0.0017 0.0001 100.0 518.67 642.80 1592.88 1409.42 14.62 21.61 553.00 2388.16 9052.15 1.30 47.58 521.10 2388.18 8127.34 8.4420 0.03 392 2388 100.00 38.75 23.2260  
15 170 0.0050 -0.0001 100.0 518.67 642.76 1601.76 1411.39 14.62 21.61 553.18 2388.22 9054.07 1.30 47.63 521.12 2388.20 8133.48 8.4940 0.03 392 2388 100.00 38.70 23.2024  
15 171 -0.0035 0.0005 100.0 518.67 643.06 1595.83 1416.74 14.62 21.61 552.41 2388.11 9063.75 1.30 47.67 521.53 2388.14 8131.37 8.4464 0.03 392 2388 100.00 38.68 23.2776  
15 172 0.0009 0.0002 100.0 518.67 642.88 1595.04 1410.23 14.62 21.61 552.74 2388.14 9051.10 1.30 47.61 520.88 2388.16 8136.43 8.4838 0.03 393 2388 100.00 38.79 23.2144  
15 173 -0.0011 0.0005 100.0 518.67 643.35 1589.53 1419.42 14.62 21.61 553.26 2388.09 9058.99 1.30 47.77 520.48 2388.14 8129.92 8.4520 0.03 394 2388 100.00 38.80 23.2054  
15 174 -0.0004 -0.0002 100.0 518.67 643.38 1593.92 1407.39 14.62 21.61 552.69 2388.15 9051.80 1.30 47.70 522.07 2388.16 8133.57 8.4620 0.03 394 2388 100.00 38.73 23.2705  
15 175 -0.0008 0.0003 100.0 518.67 643.07 1603.56 1415.76 14.62 21.61 552.35 2388.17 9052.03 1.30 47.64 520.06 2388.20 8129.36 8.4539 0.03 394 2388 100.00 38.62 23.1327  
15 176 0.0004 0.0002 100.0 518.67 642.57 1592.48 1418.25 14.62 21.61 552.66 2388.16 9052.90 1.30 47.66 521.00 2388.13 8128.62 8.4904 0.03 393 2388 100.00 38.72 23.2662  
15 177 0.0005 -0.0000 100.0 518.67 642.68 1592.29 1411.65 14.62 21.61 552.32 2388.18 9056.11 1.30 47.65 520.69 2388.19 8129.07 8.4307 0.03 396 2388 100.00 38.85 23.2184  
15 178 0.0021 -0.0003 100.0 518.67 643.29 1589.52 1414.35 14.62 21.61 553.14 2388.24 9046.51 1.30 47.81 521.11 2388.20 8124.81 8.4944 0.03 394 2388 100.00 38.75 23.2851  
15 179 -0.0044 0.0004 100.0 518.67 643.14 1595.76 1417.69 14.62 21.61 552.38 2388.15 9054.13 1.30 47.66 520.88 2388.12 8130.88 8.4928 0.03 395 2388 100.00 38.60 23.2347  
15 180 0.0026 0.0005 100.0 518.67 643.68 1589.14 1411.81 14.62 21.61 552.33 2388.14 9050.87 1.30 47.79 521.01 2388.17 8135.05 8.4932 0.03 394 2388 100.00 38.60 23.2513  
15 181 0.0033 -0.0003 100.0 518.67 642.86 1596.76 1415.11 14.62 21.61 552.30 2388.17 9053.01 1.30 47.73 520.83 2388.18 8129.93 8.4666 0.03 394 2388 100.00 38.62 23.2802  
15 182 0.0017 -0.0003 100.0 518.67 643.18 1598.66 1411.34 14.62 21.61 552.36 2388.19 9051.03 1.30 47.91 520.65 2388.22 8128.03 8.4688 0.03 395 2388 100.00 38.63 23.2362  
15 183 -0.0036 0.0004 100.0 518.67 643.12 1599.11 1416.83 14.62 21.61 552.09 2388.17 9050.35 1.30 47.95 520.94 2388.18 8124.77 8.4597 0.03 396 2388 100.00 38.68 23.1345  
15 184 -0.0025 -0.0003 100.0 518.67 643.18 1590.86 1423.28 14.62 21.61 552.36 2388.13 9051.45 1.30 47.85 521.30 2388.20 8128.79 8.4563 0.03 395 2388 100.00 38.70 23.1749  
15 185 0.0033 -0.0001 100.0 518.67 643.66 1594.37 1418.40 14.62 21.61 552.46 2388.22 9047.88 1.30 48.05 520.79 2388.15 8125.28 8.4975 0.03 394 2388 100.00 38.81 23.1620  
15 186 0.0017 -0.0004 100.0 518.67 642.89 1593.82 1421.59 14.62 21.61 552.97 2388.20 9051.04 1.30 47.90 520.49 2388.18 8130.35 8.4862 0.03 395 2388 100.00 38.65 23.2497  
15 187 0.0008 -0.0001 100.0 518.67 642.59 1596.53 1419.27 14.62 21.61 552.39 2388.20 9046.77 1.30 47.90 520.74 2388.22 8128.20 8.4711 0.03 395 2388 100.00 38.69 23.1392  
15 188 0.0002 0.0003 100.0 518.67 643.64 1595.04 1425.28 14.62 21.61 552.70 2388.21 9051.46 1.30 47.62 520.57 2388.24 8124.91 8.4850 0.03 395 2388 100.00 38.60 23.2026  
15 189 0.0004 0.0005 100.0 518.67 643.48 1593.45 1421.73 14.62 21.61 553.09 2388.23 9057.75 1.30 47.91 520.12 2388.24 8136.96 8.4673 0.03 394 2388 100.00 38.43 23.1478  
15 190 -0.0020 0.0002 100.0 518.67 643.25 1598.19 1417.33 14.62 21.61 552.08 2388.24 9056.28 1.30 47.89 520.78 2388.23 8122.98 8.5213 0.03 395 2388 100.00 38.38 23.2012  
15 191 0.0031 0.0004 100.0 518.67 642.88 1597.57 1426.05 14.62 21.61 551.77 2388.22 9046.65 1.30 47.89 519.81 2388.18 8126.73 8.4902 0.03 395 2388 100.00 38.69 23.0837  
15 192 -0.0024 -0.0002 100.0 518.67 643.57 1596.63 1414.34 14.62 21.61 551.87 2388.24 9050.20 1.30 47.99 520.11 2388.26 8126.81 8.5037 0.03 395 2388 100.00 38.59 23.1643  
15 193 0.0023 -0.0002 100.0 518.67 643.67 1602.89 1422.12 14.62 21.61 552.12 2388.28 9052.03 1.30 48.03 520.00 2388.28 8126.15 8.4999 0.03 395 2388 100.00 38.37 23.1007  
15 194 -0.0001 0.0002 100.0 518.67 643.24 1606.09 1425.55 14.62 21.61 551.95 2388.23 9052.60 1.30 48.04 520.44 2388.27 8127.43 8.5292 0.03 395 2388 100.00 38.71 23.2484  
15 195 -0.0006 0.0002 100.0 518.67 643.30 1599.35 1417.88 14.62 21.61 551.58 2388.22 9051.29 1.30 47.90 520.24 2388.24 8126.80 8.4762 0.03 395 2388 100.00 38.73 23.1122  
15 196 -0.0034 0.0001 100.0 518.67 643.75 1602.92 1427.19 14.62 21.61 551.63 2388.17 9045.38 1.30 48.05 519.96 2388.18 8128.11 8.5007 0.03 395 2388 100.00 38.47 23.1263  
15 197 -0.0022 0.0005 100.0 518.67 643.48 1595.69 1425.40 14.62 21.61 551.60 2388.22 9043.98 1.30 47.91 519.86 2388.25 8123.15 8.5073 0.03 395 2388 100.00 38.65 23.0755  
15 198 -0.0004 -0.0004 100.0 518.67 643.57 1595.22 1426.08 14.62 21.61 551.30 2388.24 9047.73 1.30 48.06 520.19 2388.23 8126.18 8.4904 0.03 395 2388 100.00 38.57 23.0543  
15 199 -0.0009 0.0002 100.0 518.67 643.68 1597.76 1418.77 14.62 21.61 551.23 2388.25 9051.72 1.30 48.00 519.71 2388.28 8120.90 8.5103 0.03 396 2388 100.00 38.63 23.1097  
15 200 -0.0037 0.0003 100.0 518.67 643.74 1594.80 1419.29 14.62 21.61 552.10 2388.23 9043.79 1.30 47.93 520.54 2388.30 8116.70 8.5169 0.03 396 2388 100.00 38.53 23.1659  
15 201 -0.0033 0.0002 100.0 518.67 643.54 1603.41 1418.86 14.62 21.61 552.23 2388.25 9045.46 1.30 48.12 520.04 2388.23 8120.70 8.4931 0.03 395 2388 100.00 38.56 23.2137  
15 202 -0.0009 0.0004 100.0 518.67 643.60 1602.94 1428.07 14.62 21.61 551.46 2388.25 9047.82 1.30 47.87 519.64 2388.26 8125.67 8.5078 0.03 398 2388 100.00 38.37 23.0895  
15 203 0.0024 -0.0003 100.0 518.67 643.93 1604.48 1433.98 14.62 21.61 551.88 2388.29 9047.38 1.30 48.10 519.60 2388.32 8121.62 8.4912 0.03 396 2388 100.00 38.44 23.0578  
15 204 0.0031 -0.0003 100.0 518.67 643.38 1604.93 1435.38 14.62 21.61 551.59 2388.24 9046.98 1.30 48.04 519.92 2388.28 8120.93 8.4576 0.03 396 2388 100.00 38.51 23.0640  
15 205 -0.0027 0.0004 100.0 518.67 643.46 1599.75 1425.96 14.62 21.61 550.98 2388.33 9042.81 1.30 48.30 519.67 2388.27 8122.93 8.5154 0.03 397 2388 100.00 38.55 23.1362  
15 206 0.0004 0.0001 100.0 518.67 643.84 1608.43 1429.50 14.62 21.61 550.77 2388.32 9047.20 1.30 48.19 520.13 2388.33 8121.68 8.5487 0.03 396 2388 100.00 38.42 23.1040  
15 207 -0.0002 0.0001 100.0 518.67 643.65 1599.27 1433.72 14.62 21.61 551.59 2388.33 9039.93 1.30 48.30 519.67 2388.31 8122.39 8.5381 0.03 396 2388 100.00 38.43 23.0375  
16 1 0.0004 0.0002 100.0 518.67 642.90 1583.42 1411.32 14.62 21.61 552.96 2388.11 9056.38 1.30 47.41 520.82 2388.11 8136.24 8.4573 0.03 392 2388 100.00 38.84 23.2792  
16 2 0.0006 0.0003 100.0 518.67 642.43 1593.21 1399.44 14.62 21.61 553.49 2388.15 9054.60 1.30 47.56 521.27 2388.11 8134.39 8.4102 0.03 393 2388 100.00 38.96 23.3185  
16 3 -0.0001 0.0000 100.0 518.67 642.57 1592.17 1411.88 14.62 21.61 552.92 2388.14 9054.70 1.30 47.57 521.30 2388.11 8139.92 8.4546 0.03 393 2388 100.00 38.58 23.3094  
16 4 0.0015 -0.0004 100.0 518.67 642.83 1583.86 1407.90 14.62 21.61 552.41 2388.13 9061.41 1.30 47.65 521.05 2388.15 8136.32 8.4751 0.03 392 2388 100.00 38.74 23.2993  
16 5 0.0024 -0.0003 100.0 518.67 642.83 1590.75 1415.65 14.62 21.61 553.00 2388.11 9049.91 1.30 47.30 520.94 2388.14 8142.64 8.4680 0.03 394 2388 100.00 38.69 23.3035  
16 6 -0.0029 0.0001 100.0 518.67 642.90 1594.93 1401.30 14.62 21.61 554.22 2388.08 9059.70 1.30 47.68 521.37 2388.03 8140.32 8.4711 0.03 393 2388 100.00 38.93 23.3299  
16 7 0.0004 -0.0003 100.0 518.67 643.60 1595.16 1416.51 14.62 21.61 552.50 2388.07 9048.75 1.30 47.58 521.25 2388.04 8139.30 8.3989 0.03 392 2388 100.00 38.85 23.2690  
16 8 0.0044 -0.0002 100.0 518.67 642.68 1593.88 1403.58 14.62 21.61 552.25 2388.10 9053.26 1.30 47.59 521.75 2388.10 8133.84 8.4507 0.03 393 2388 100.00 38.77 23.1964  
16 9 -0.0007 0.0004 100.0 518.67 642.60 1595.17 1407.39 14.62 21.61 553.39 2388.13 9052.06 1.30 47.73 521.47 2388.08 8137.09 8.4436 0.03 392 2388 100.00 38.93 23.3741  
16 10 0.0001 0.0003 100.0 518.67 643.01 1585.19 1407.40 14.62 21.61 552.65 2388.14 9053.19 1.30 47.65 521.45 2388.07 8142.31 8.4403 0.03 394 2388 100.00 38.95 23.3457  
16 11 0.0040 -0.0000 100.0 518.67 642.96 1597.12 1412.89 14.62 21.61 553.38 2388.11 9053.03 1.30 47.48 521.39 2388.14 8139.37 8.4570 0.03 394 2388 100.00 38.86 23.2350  
16 12 0.0005 0.0003 100.0 518.67 642.84 1596.10 1412.87 14.62 21.61 553.18 2388.15 9057.77 1.30 47.64 521.00 2388.10 8136.66 8.4553 0.03 393 2388 100.00 38.80 23.3143  
16 13 -0.0027 -0.0003 100.0 518.67 642.30 1580.59 1415.69 14.62 21.61 553.06 2388.09 9056.35 1.30 47.58 521.70 2388.09 8135.52 8.4589 0.03 394 2388 100.00 38.95 23.2962  
16 14 -0.0021 0.0004 100.0 518.67 642.56 1593.90 1412.30 14.62 21.61 552.49 2388.19 9063.48 1.30 47.59 521.43 2388.12 8136.57 8.4581 0.03 394 2388 100.00 38.82 23.2913  
16 15 -0.0007 0.0004 100.0 518.67 642.81 1583.74 1407.76 14.62 21.61 552.70 2388.15 9050.72 1.30 47.40 521.23 2388.11 8142.78 8.4731 0.03 393 2388 100.00 38.82 23.3314  
16 16 0.0024 -0.0003 100.0 518.67 642.92 1597.45 1408.44 14.62 21.61 552.94 2388.09 9058.68 1.30 47.48 521.19 2388.09 8141.48 8.4390 0.03 393 2388 100.00 38.92 23.3045  
16 17 0.0025 -0.0003 100.0 518.67 642.30 1592.55 1413.17 14.62 21.61 552.88 2388.07 9053.55 1.30 47.68 521.64 2388.06 8137.54 8.5058 0.03 394 2388 100.00 38.97 23.2584  
16 18 -0.0007 0.0004 100.0 518.67 642.74 1588.24 1415.16 14.62 21.61 553.30 2388.15 9056.49 1.30 47.62 521.17 2388.08 8139.80 8.4163 0.03 393 2388 100.00 38.68 23.2525  
16 19 0.0000 0.0002 100.0 518.67 643.25 1589.64 1406.94 14.62 21.61 552.23 2388.10 9059.19 1.30 47.72 521.37 2388.12 8136.95 8.4503 0.03 393 2388 100.00 38.82 23.2175  
16 20 -0.0015 0.0002 100.0 518.67 642.82 1586.98 1409.82 14.62 21.61 553.22 2388.16 9057.93 1.30 47.64 521.25 2388.14 8134.17 8.4321 0.03 393 2388 100.00 38.77 23.2288  
16 21 -0.0026 -0.0005 100.0 518.67 643.06 1590.99 1407.12 14.62 21.61 553.11 2388.13 9053.02 1.30 47.57 521.17 2388.12 8134.25 8.4729 0.03 394 2388 100.00 38.77 23.2845  
16 22 -0.0019 -0.0003 100.0 518.67 642.30 1593.29 1403.39 14.62 21.61 553.51 2388.15 9063.97 1.30 47.77 521.33 2388.15 8131.98 8.4692 0.03 393 2388 100.00 38.75 23.2237  
16 23 0.0005 -0.0004 100.0 518.67 642.50 1593.21 1406.08 14.62 21.61 552.83 2388.14 9059.40 1.30 47.61 521.73 2388.14 8133.80 8.4460 0.03 392 2388 100.00 38.94 23.3972  
16 24 -0.0006 0.0001 100.0 518.67 643.00 1589.47 1406.95 14.62 21.61 553.20 2388.14 9055.99 1.30 47.59 521.06 2388.06 8134.46 8.4398 0.03 392 2388 100.00 38.96 23.2359  
16 25 -0.0006 -0.0002 100.0 518.67 642.86 1585.77 1404.33 14.62 21.61 553.88 2388.13 9058.03 1.30 47.49 521.50 2388.08 8141.89 8.4417 0.03 393 2388 100.00 38.90 23.2828  
16 26 0.0000 -0.0002 100.0 518.67 642.59 1588.57 1406.58 14.62 21.61 552.30 2388.13 9060.53 1.30 47.70 521.03 2388.13 8141.21 8.4755 0.03 394 2388 100.00 38.89 23.2548  
16 27 0.0020 0.0003 100.0 518.67 642.36 1588.90 1412.82 14.62 21.61 553.85 2388.15 9059.48 1.30 47.75 521.57 2388.13 8138.94 8.4393 0.03 394 2388 100.00 38.87 23.1782  
16 28 0.0050 0.0005 100.0 518.67 642.90 1594.26 1404.36 14.62 21.61 553.51 2388.09 9062.02 1.30 47.68 520.82 2388.13 8143.19 8.4846 0.03 395 2388 100.00 38.82 23.2941  
16 29 0.0021 -0.0001 100.0 518.67 642.83 1593.36 1409.80 14.62 21.61 552.79 2388.10 9057.95 1.30 47.58 521.33 2388.17 8136.49 8.4530 0.03 394 2388 100.00 38.86 23.2945  
16 30 -0.0019 -0.0004 100.0 518.67 642.57 1587.58 1406.71 14.62 21.61 552.76 2388.08 9054.98 1.30 47.47 521.13 2388.10 8136.25 8.4607 0.03 393 2388 100.00 38.61 23.4158  
16 31 -0.0016 -0.0003 100.0 518.67 642.79 1593.29 1414.70 14.62 21.61 553.23 2388.14 9066.42 1.30 47.61 521.67 2388.12 8140.06 8.4621 0.03 392 2388 100.00 38.70 23.3235  
16 32 -0.0007 0.0003 100.0 518.67 643.11 1594.51 1413.42 14.62 21.61 553.43 2388.09 9056.62 1.30 47.50 521.08 2388.11 8135.55 8.4490 0.03 393 2388 100.00 38.84 23.2429  
16 33 -0.0017 0.0003 100.0 518.67 643.07 1592.58 1406.42 14.62 21.61 553.21 2388.13 9049.33 1.30 47.53 521.53 2388.14 8131.95 8.4564 0.03 392 2388 100.00 38.72 23.3263  
16 34 -0.0010 0.0003 100.0 518.67 642.77 1581.93 1409.91 14.62 21.61 552.90 2388.08 9050.52 1.30 47.46 520.83 2388.13 8130.45 8.4642 0.03 393 2388 100.00 38.83 23.2277  
16 35 0.0013 0.0005 100.0 518.67 642.68 1589.19 1412.25 14.62 21.61 553.02 2388.13 9059.36 1.30 47.70 521.54 2388.09 8136.50 8.4688 0.03 393 2388 100.00 38.84 23.1409  
16 36 -0.0016 0.0003 100.0 518.67 642.58 1586.21 1401.84 14.62 21.61 553.18 2388.13 9063.89 1.30 47.62 521.88 2388.12 8137.33 8.4450 0.03 394 2388 100.00 38.86 23.3335  
16 37 -0.0006 -0.0001 100.0 518.67 642.43 1588.54 1407.45 14.62 21.61 552.95 2388.12 9058.36 1.30 47.39 521.35 2388.11 8138.22 8.4644 0.03 393 2388 100.00 38.82 23.2639  
16 38 -0.0021 0.0005 100.0 518.67 642.33 1590.72 1410.52 14.62 21.61 553.39 2388.15 9053.72 1.30 47.53 521.30 2388.11 8136.27 8.4214 0.03 394 2388 100.00 38.96 23.2394  
16 39 0.0027 0.0005 100.0 518.67 642.70 1593.41 1412.23 14.62 21.61 553.12 2388.10 9056.38 1.30 47.56 521.29 2388.13 8138.86 8.4446 0.03 392 2388 100.00 38.73 23.1940  
16 40 0.0025 0.0002 100.0 518.67 642.70 1593.39 1411.15 14.62 21.61 553.16 2388.11 9065.01 1.30 47.77 521.00 2388.13 8134.80 8.4425 0.03 394 2388 100.00 38.77 23.1897  
16 41 -0.0012 -0.0004 100.0 518.67 642.46 1595.11 1415.71 14.62 21.61 552.83 2388.11 9061.42 1.30 47.61 520.80 2388.17 8133.30 8.4615 0.03 393 2388 100.00 38.78 23.3384  
16 42 -0.0017 0.0001 100.0 518.67 642.88 1593.16 1408.39 14.62 21.61 553.84 2388.15 9060.87 1.30 47.71 521.48 2388.12 8134.99 8.4789 0.03 395 2388 100.00 38.95 23.2211  
16 43 -0.0001 0.0003 100.0 518.67 642.40 1589.08 1421.17 14.62 21.61 552.74 2388.17 9063.53 1.30 47.59 520.99 2388.10 8137.75 8.4489 0.03 394 2388 100.00 38.61 23.2488  
16 44 -0.0002 0.0003 100.0 518.67 642.38 1593.16 1409.48 14.62 21.61 553.47 2388.08 9056.70 1.30 47.71 521.43 2388.14 8142.23 8.4648 0.03 393 2388 100.00 38.78 23.3499  
16 45 0.0005 0.0003 100.0 518.67 642.70 1585.66 1409.55 14.62 21.61 553.34 2388.12 9056.01 1.30 47.52 521.62 2388.14 8137.40 8.5035 0.03 392 2388 100.00 38.85 23.3491  
16 46 0.0029 -0.0004 100.0 518.67 643.02 1588.24 1420.29 14.62 21.61 552.87 2388.11 9058.02 1.30 47.51 521.65 2388.16 8138.27 8.4147 0.03 394 2388 100.00 38.75 23.2987  
16 47 0.0011 -0.0003 100.0 518.67 642.62 1598.58 1411.15 14.62 21.61 552.68 2388.12 9063.96 1.30 47.68 521.12 2388.15 8135.66 8.4197 0.03 394 2388 100.00 38.71 23.2019  
16 48 0.0006 -0.0003 100.0 518.67 642.81 1585.74 1412.69 14.62 21.61 553.58 2388.12 9063.81 1.30 47.58 520.84 2388.13 8137.10 8.4429 0.03 392 2388 100.00 38.66 23.1808  
16 49 0.0016 -0.0005 100.0 518.67 643.45 1595.47 1408.92 14.62 21.61 553.42 2388.13 9064.13 1.30 47.68 521.33 2388.16 8137.04 8.4647 0.03 394 2388 100.00 38.79 23.3091  
16 50 -0.0016 0.0001 100.0 518.67 643.28 1589.08 1413.15 14.62 21.61 553.95 2388.14 9065.99 1.30 47.72 521.03 2388.10 8140.28 8.4537 0.03 394 2388 100.00 38.69 23.2716  
16 51 -0.0008 -0.0001 100.0 518.67 642.97 1591.00 1413.93 14.62 21.61 553.55 2388.11 9058.77 1.30 47.75 521.66 2388.14 8135.77 8.4525 0.03 394 2388 100.00 38.83 23.1686  
16 52 -0.0037 0.0002 100.0 518.67 642.61 1588.21 1412.73 14.62 21.61 553.95 2388.09 9069.53 1.30 47.51 521.45 2388.13 8134.16 8.4815 0.03 392 2388 100.00 38.81 23.2392  
16 53 0.0029 0.0005 100.0 518.67 642.97 1593.84 1410.74 14.62 21.61 552.95 2388.15 9056.34 1.30 47.58 521.53 2388.06 8137.71 8.4462 0.03 394 2388 100.00 38.55 23.2367  
16 54 -0.0005 0.0000 100.0 518.67 642.92 1593.78 1406.44 14.62 21.61 553.42 2388.13 9061.53 1.30 47.71 521.60 2388.07 8138.44 8.4479 0.03 393 2388 100.00 38.76 23.2507  
16 55 -0.0028 0.0003 100.0 518.67 642.54 1594.83 1412.91 14.62 21.61 552.74 2388.16 9065.35 1.30 47.53 521.11 2388.08 8136.84 8.4316 0.03 394 2388 100.00 38.62 23.2167  
16 56 -0.0042 0.0001 100.0 518.67 642.41 1594.51 1411.32 14.62 21.61 552.96 2388.12 9057.69 1.30 47.57 520.59 2388.15 8134.18 8.4334 0.03 395 2388 100.00 38.70 23.1823  
16 57 -0.0006 0.0000 100.0 518.67 642.56 1599.43 1413.91 14.62 21.61 553.07 2388.16 9056.72 1.30 47.66 521.08 2388.08 8128.75 8.4564 0.03 392 2388 100.00 38.84 23.2099  
16 58 -0.0005 0.0001 100.0 518.67 642.95 1593.98 1409.17 14.62 21.61 553.11 2388.13 9050.88 1.30 47.46 520.87 2388.12 8134.43 8.4683 0.03 391 2388 100.00 38.70 23.1916  
16 59 -0.0043 -0.0004 100.0 518.67 643.24 1588.15 1413.43 14.62 21.61 553.95 2388.09 9059.17 1.30 47.75 521.16 2388.11 8136.17 8.4508 0.03 393 2388 100.00 38.72 23.2897  
16 60 -0.0020 0.0001 100.0 518.67 642.92 1593.79 1405.90 14.62 21.61 553.03 2388.10 9056.95 1.30 47.50 521.40 2388.11 8137.47 8.4544 0.03 394 2388 100.00 38.89 23.3153  
16 61 0.0002 -0.0002 100.0 518.67 642.57 1590.32 1413.95 14.62 21.61 552.69 2388.15 9054.49 1.30 47.58 521.42 2388.07 8134.01 8.4194 0.03 393 2388 100.00 38.65 23.2367  
16 62 0.0000 0.0001 100.0 518.67 642.98 1590.73 1405.39 14.62 21.61 554.17 2388.19 9054.46 1.30 47.67 520.64 2388.10 8126.58 8.4783 0.03 392 2388 100.00 38.78 23.1966  
16 63 0.0025 0.0000 100.0 518.67 643.44 1591.58 1409.86 14.62 21.61 552.92 2388.14 9063.42 1.30 47.77 521.11 2388.13 8139.43 8.4807 0.03 394 2388 100.00 38.65 23.3293  
16 64 0.0013 -0.0004 100.0 518.67 642.80 1588.99 1406.18 14.62 21.61 552.86 2388.13 9060.20 1.30 47.85 521.01 2388.14 8134.23 8.4095 0.03 393 2388 100.00 38.84 23.2971  
16 65 0.0001 -0.0001 100.0 518.67 642.87 1583.82 1410.34 14.62 21.61 553.69 2388.12 9052.15 1.30 47.59 521.20 2388.13 8133.98 8.4666 0.03 393 2388 100.00 38.90 23.1628  
16 66 0.0045 0.0000 100.0 518.67 642.45 1591.03 1407.18 14.62 21.61 552.76 2388.10 9063.34 1.30 47.51 520.71 2388.08 8140.24 8.4223 0.03 393 2388 100.00 38.78 23.2820  
16 67 0.0028 -0.0001 100.0 518.67 642.45 1596.45 1408.07 14.62 21.61 552.55 2388.15 9055.59 1.30 47.67 521.25 2388.17 8135.57 8.4580 0.03 393 2388 100.00 38.77 23.3148  
16 68 0.0055 -0.0002 100.0 518.67 642.52 1588.58 1409.10 14.62 21.61 553.05 2388.13 9058.84 1.30 47.63 521.32 2388.11 8136.77 8.4646 0.03 393 2388 100.00 38.85 23.2195  
16 69 -0.0018 -0.0004 100.0 518.67 642.38 1592.82 1412.95 14.62 21.61 553.75 2388.17 9060.87 1.30 47.60 521.03 2388.13 8137.14 8.4480 0.03 394 2388 100.00 38.75 23.2160  
16 70 -0.0039 0.0004 100.0 518.67 643.23 1596.70 1406.13 14.62 21.61 552.81 2388.12 9063.47 1.30 47.63 521.14 2388.13 8133.92 8.4366 0.03 393 2388 100.00 38.79 23.1273  
16 71 -0.0010 0.0001 100.0 518.67 643.26 1585.02 1416.64 14.62 21.61 552.63 2388.14 9059.56 1.30 47.77 520.96 2388.15 8136.38 8.4372 0.03 393 2388 100.00 38.61 23.2862  
16 72 0.0038 0.0003 100.0 518.67 642.33 1593.48 1415.99 14.62 21.61 552.76 2388.11 9057.39 1.30 47.68 521.25 2388.09 8141.15 8.4321 0.03 395 2388 100.00 38.86 23.3846  
16 73 0.0040 -0.0002 100.0 518.67 642.80 1600.42 1408.34 14.62 21.61 552.88 2388.13 9067.12 1.30 47.80 520.82 2388.14 8136.77 8.4652 0.03 393 2388 100.00 38.92 23.2089  
16 74 -0.0002 0.0001 100.0 518.67 643.01 1597.17 1411.47 14.62 21.61 553.88 2388.13 9056.20 1.30 47.58 521.18 2388.11 8132.44 8.4609 0.03 393 2388 100.00 38.81 23.2078  
16 75 -0.0024 -0.0000 100.0 518.67 642.90 1589.31 1419.33 14.62 21.61 552.72 2388.11 9058.88 1.30 47.50 520.98 2388.11 8133.77 8.4814 0.03 394 2388 100.00 38.75 23.3000  
16 76 -0.0029 0.0003 100.0 518.67 642.65 1581.23 1408.91 14.62 21.61 552.37 2388.12 9062.53 1.30 47.42 521.31 2388.12 8136.57 8.4229 0.03 393 2388 100.00 38.83 23.1664  
16 77 0.0014 -0.0003 100.0 518.67 642.80 1585.48 1414.18 14.62 21.61 553.81 2388.11 9059.94 1.30 47.76 521.66 2388.13 8135.13 8.4657 0.03 394 2388 100.00 38.74 23.2181  
16 78 0.0010 -0.0004 100.0 518.67 642.67 1597.02 1408.81 14.62 21.61 552.97 2388.16 9060.59 1.30 47.74 521.43 2388.13 8142.15 8.4600 0.03 395 2388 100.00 38.51 23.3540  
16 79 0.0023 0.0002 100.0 518.67 643.05 1586.18 1406.98 14.62 21.61 552.85 2388.07 9066.66 1.30 47.76 520.87 2388.12 8141.27 8.4420 0.03 393 2388 100.00 38.85 23.2532  
16 80 -0.0026 -0.0001 100.0 518.67 642.98 1591.03 1411.30 14.62 21.61 553.03 2388.13 9054.28 1.30 47.74 521.23 2388.16 8136.67 8.4759 0.03 394 2388 100.00 38.88 23.1490  
16 81 0.0011 -0.0004 100.0 518.67 642.94 1593.73 1415.33 14.62 21.61 552.62 2388.13 9057.52 1.30 47.52 521.60 2388.08 8138.83 8.4867 0.03 394 2388 100.00 38.75 23.2928  
16 82 0.0003 -0.0000 100.0 518.67 642.93 1596.55 1411.06 14.62 21.61 552.69 2388.16 9068.15 1.30 47.62 521.31 2388.13 8135.23 8.4476 0.03 393 2388 100.00 38.85 23.2770  
16 83 -0.0002 0.0004 100.0 518.67 643.31 1584.59 1405.56 14.62 21.61 552.56 2388.06 9061.19 1.30 47.70 520.53 2388.13 8136.97 8.4680 0.03 395 2388 100.00 38.64 23.3159  
16 84 -0.0013 -0.0004 100.0 518.67 643.29 1583.45 1415.67 14.62 21.61 553.32 2388.13 9060.52 1.30 47.62 521.39 2388.08 8132.39 8.4510 0.03 394 2388 100.00 38.71 23.3055  
16 85 0.0007 0.0000 100.0 518.67 643.08 1591.41 1414.65 14.62 21.61 553.47 2388.07 9053.18 1.30 47.58 521.36 2388.13 8136.18 8.4863 0.03 394 2388 100.00 38.78 23.3782  
16 86 -0.0032 -0.0001 100.0 518.67 641.92 1593.65 1412.29 14.62 21.61 553.54 2388.09 9057.60 1.30 47.53 520.92 2388.08 8139.69 8.4355 0.03 393 2388 100.00 38.78 23.2300  
16 87 0.0004 -0.0001 100.0 518.67 643.21 1587.60 1411.50 14.62 21.61 553.25 2388.15 9048.83 1.30 47.69 521.53 2388.11 8135.58 8.4371 0.03 394 2388 100.00 38.62 23.1597  
16 88 -0.0029 -0.0001 100.0 518.67 642.59 1594.85 1410.67 14.62 21.61 553.63 2388.13 9064.84 1.30 47.64 520.87 2388.15 8135.67 8.5126 0.03 394 2388 100.00 38.61 23.1654  
16 89 0.0010 0.0001 100.0 518.67 642.89 1599.98 1408.20 14.62 21.61 553.06 2388.14 9059.83 1.30 47.67 521.28 2388.15 8142.87 8.4332 0.03 394 2388 100.00 38.78 23.1367  
16 90 0.0003 0.0003 100.0 518.67 642.59 1587.37 1412.83 14.62 21.61 552.69 2388.10 9059.96 1.30 47.61 521.48 2388.15 8140.01 8.4431 0.03 394 2388 100.00 38.62 23.2418  
16 91 -0.0005 -0.0000 100.0 518.67 643.52 1593.09 1414.17 14.62 21.61 553.02 2388.14 9062.46 1.30 47.75 520.48 2388.10 8139.55 8.4609 0.03 395 2388 100.00 38.66 23.1894  
16 92 0.0029 -0.0004 100.0 518.67 642.96 1587.50 1414.23 14.62 21.61 552.85 2388.11 9057.02 1.30 47.63 521.24 2388.15 8129.54 8.4570 0.03 393 2388 100.00 38.82 23.2015  
16 93 -0.0007 0.0001 100.0 518.67 642.82 1592.23 1418.45 14.62 21.61 553.62 2388.19 9053.61 1.30 47.73 520.73 2388.10 8138.14 8.4922 0.03 393 2388 100.00 38.79 23.3257  
16 94 0.0028 0.0005 100.0 518.67 642.41 1592.92 1419.74 14.62 21.61 552.87 2388.10 9064.32 1.30 47.60 521.18 2388.16 8135.32 8.4541 0.03 394 2388 100.00 38.60 23.2774  
16 95 0.0011 0.0000 100.0 518.67 643.00 1592.48 1407.14 14.62 21.61 553.13 2388.11 9064.33 1.30 47.73 520.57 2388.15 8135.83 8.4568 0.03 395 2388 100.00 38.74 23.2439  
16 96 0.0019 -0.0002 100.0 518.67 643.05 1593.10 1410.54 14.62 21.61 552.88 2388.14 9051.29 1.30 47.74 521.31 2388.14 8131.72 8.4530 0.03 394 2388 100.00 38.86 23.2392  
16 97 -0.0010 0.0001 100.0 518.67 642.71 1599.12 1418.57 14.62 21.61 553.12 2388.14 9055.92 1.30 47.63 520.68 2388.14 8138.37 8.5005 0.03 394 2388 100.00 38.60 23.1971  
16 98 0.0010 0.0001 100.0 518.67 642.93 1592.37 1414.69 14.62 21.61 553.23 2388.18 9054.50 1.30 47.82 520.94 2388.17 8139.63 8.4657 0.03 394 2388 100.00 38.70 23.3780  
16 99 -0.0002 0.0001 100.0 518.67 643.25 1591.29 1415.57 14.62 21.61 552.79 2388.16 9060.37 1.30 47.71 520.66 2388.12 8134.91 8.4287 0.03 394 2388 100.00 38.68 23.3497  
16 100 -0.0015 0.0005 100.0 518.67 642.65 1590.70 1410.57 14.62 21.61 552.33 2388.14 9056.13 1.30 47.69 520.61 2388.16 8138.04 8.4577 0.03 393 2388 100.00 38.83 23.1303  
16 101 -0.0002 -0.0004 100.0 518.67 642.89 1591.80 1418.99 14.62 21.61 552.61 2388.16 9062.15 1.30 47.69 521.22 2388.17 8138.85 8.4631 0.03 392 2388 100.00 38.72 23.1727  
16 102 -0.0007 0.0001 100.0 518.67 643.45 1589.85 1412.94 14.62 21.61 553.29 2388.16 9058.72 1.30 47.52 520.97 2388.19 8134.10 8.4442 0.03 394 2388 100.00 38.77 23.3760  
16 103 -0.0021 0.0002 100.0 518.67 642.55 1584.10 1412.21 14.62 21.61 552.29 2388.15 9061.82 1.30 47.44 520.55 2388.13 8138.50 8.4536 0.03 394 2388 100.00 38.78 23.2093  
16 104 0.0029 0.0005 100.0 518.67 643.35 1589.07 1417.67 14.62 21.61 552.78 2388.12 9059.68 1.30 47.80 521.48 2388.08 8132.51 8.4632 0.03 393 2388 100.00 38.57 23.2788  
16 105 -0.0029 -0.0004 100.0 518.67 642.76 1582.45 1421.16 14.62 21.61 553.17 2388.15 9070.98 1.30 47.88 521.27 2388.16 8135.66 8.4670 0.03 394 2388 100.00 38.69 23.1896  
16 106 -0.0010 -0.0004 100.0 518.67 642.84 1595.24 1411.36 14.62 21.61 553.04 2388.10 9059.27 1.30 47.74 520.99 2388.17 8139.32 8.4627 0.03 394 2388 100.00 38.77 23.2293  
16 107 0.0005 -0.0002 100.0 518.67 643.18 1590.92 1420.14 14.62 21.61 552.95 2388.14 9057.02 1.30 47.73 522.03 2388.15 8136.92 8.4507 0.03 393 2388 100.00 38.90 23.1632  
16 108 0.0018 0.0003 100.0 518.67 642.63 1584.85 1407.40 14.62 21.61 552.65 2388.17 9059.61 1.30 47.63 521.75 2388.19 8135.27 8.4681 0.03 393 2388 100.00 38.87 23.1732  
16 109 -0.0021 0.0002 100.0 518.67 642.96 1585.75 1414.67 14.62 21.61 552.38 2388.14 9060.51 1.30 47.73 520.68 2388.18 8130.70 8.4534 0.03 393 2388 100.00 38.77 23.3081  
16 110 0.0001 0.0003 100.0 518.67 642.44 1586.72 1417.56 14.62 21.61 552.25 2388.17 9058.23 1.30 47.57 521.19 2388.13 8135.29 8.4772 0.03 394 2388 100.00 38.59 23.2462  
16 111 0.0028 -0.0001 100.0 518.67 642.65 1597.52 1405.98 14.62 21.61 552.56 2388.11 9063.86 1.30 47.83 521.12 2388.09 8135.67 8.4897 0.03 394 2388 100.00 38.86 23.2308  
16 112 0.0014 -0.0002 100.0 518.67 643.48 1588.27 1415.87 14.62 21.61 552.81 2388.17 9061.73 1.30 47.89 521.35 2388.13 8135.31 8.4529 0.03 394 2388 100.00 38.82 23.1502  
16 113 -0.0023 0.0003 100.0 518.67 643.11 1591.08 1409.14 14.62 21.61 552.85 2388.10 9055.06 1.30 47.77 521.68 2388.12 8137.09 8.4547 0.03 394 2388 100.00 38.71 23.2357  
16 114 0.0029 -0.0003 100.0 518.67 643.27 1590.16 1416.38 14.62 21.61 552.93 2388.12 9056.34 1.30 47.69 521.11 2388.12 8137.03 8.4561 0.03 394 2388 100.00 38.76 23.2964  
16 115 0.0011 -0.0000 100.0 518.67 642.73 1581.93 1410.58 14.62 21.61 552.68 2388.19 9048.77 1.30 47.63 520.97 2388.14 8134.24 8.4493 0.03 394 2388 100.00 38.73 23.2831  
16 116 -0.0052 -0.0003 100.0 518.67 643.41 1590.38 1409.98 14.62 21.61 552.88 2388.12 9070.22 1.30 47.75 520.64 2388.13 8138.46 8.4426 0.03 394 2388 100.00 38.78 23.1645  
16 117 -0.0016 0.0001 100.0 518.67 643.36 1594.09 1415.27 14.62 21.61 552.32 2388.17 9059.25 1.30 47.64 520.12 2388.16 8141.92 8.4135 0.03 395 2388 100.00 38.55 23.2922  
16 118 -0.0020 0.0004 100.0 518.67 642.67 1590.93 1419.59 14.62 21.61 552.65 2388.14 9055.67 1.30 47.60 520.83 2388.13 8129.55 8.4561 0.03 393 2388 100.00 38.63 23.2876  
16 119 -0.0017 0.0004 100.0 518.67 642.54 1596.43 1410.05 14.62 21.61 553.03 2388.13 9054.77 1.30 47.71 521.31 2388.13 8136.17 8.4822 0.03 393 2388 100.00 38.81 23.3002  
16 120 0.0011 -0.0002 100.0 518.67 642.97 1591.26 1409.54 14.62 21.61 551.68 2388.11 9063.63 1.30 47.50 520.30 2388.17 8139.66 8.4800 0.03 395 2388 100.00 38.76 23.1471  
16 121 -0.0011 0.0001 100.0 518.67 643.25 1595.08 1418.02 14.62 21.61 552.41 2388.17 9056.10 1.30 47.78 520.78 2388.19 8132.37 8.4823 0.03 395 2388 100.00 38.74 23.1478  
16 122 -0.0001 -0.0003 100.0 518.67 643.45 1597.02 1418.20 14.62 21.61 552.56 2388.19 9050.26 1.30 47.93 520.50 2388.15 8132.82 8.4643 0.03 391 2388 100.00 38.76 23.2109  
16 123 -0.0039 -0.0003 100.0 518.67 643.01 1590.10 1412.00 14.62 21.61 551.90 2388.11 9057.35 1.30 47.67 521.01 2388.10 8141.47 8.4611 0.03 394 2388 100.00 38.87 23.3199  
16 124 0.0021 0.0001 100.0 518.67 643.44 1589.60 1420.38 14.62 21.61 552.86 2388.13 9066.43 1.30 47.74 521.39 2388.14 8138.10 8.4610 0.03 394 2388 100.00 38.73 23.1425  
16 125 -0.0012 -0.0002 100.0 518.67 643.28 1592.44 1415.76 14.62 21.61 552.88 2388.10 9065.09 1.30 47.73 521.23 2388.19 8137.38 8.4819 0.03 394 2388 100.00 38.66 23.1904  
16 126 0.0014 -0.0005 100.0 518.67 642.91 1592.84 1416.83 14.62 21.61 553.63 2388.12 9056.23 1.30 47.56 520.71 2388.14 8129.17 8.4878 0.03 393 2388 100.00 38.57 23.3927  
16 127 0.0013 -0.0002 100.0 518.67 643.00 1584.07 1411.71 14.62 21.61 553.09 2388.14 9056.27 1.30 47.61 520.55 2388.16 8137.80 8.4492 0.03 393 2388 100.00 38.68 23.3055  
16 128 -0.0016 -0.0004 100.0 518.67 643.40 1595.63 1415.95 14.62 21.61 553.38 2388.12 9065.53 1.30 47.89 520.44 2388.13 8132.43 8.4715 0.03 395 2388 100.00 38.66 23.3204  
16 129 0.0007 0.0004 100.0 518.67 643.52 1592.05 1417.44 14.62 21.61 552.45 2388.14 9057.55 1.30 47.64 520.62 2388.13 8137.40 8.4584 0.03 395 2388 100.00 38.81 23.1813  
16 130 0.0019 -0.0001 100.0 518.67 642.94 1599.63 1417.16 14.62 21.61 552.50 2388.19 9055.78 1.30 47.63 520.84 2388.17 8137.31 8.4631 0.03 394 2388 100.00 38.69 23.2245  
16 131 0.0074 0.0004 100.0 518.67 642.70 1589.22 1416.08 14.62 21.61 552.23 2388.20 9054.63 1.30 47.76 521.01 2388.15 8138.06 8.4678 0.03 393 2388 100.00 38.73 23.1324  
16 132 -0.0028 0.0004 100.0 518.67 643.02 1598.03 1418.77 14.62 21.61 552.71 2388.10 9057.30 1.30 47.63 520.64 2388.18 8137.58 8.4498 0.03 395 2388 100.00 38.47 23.2000  
16 133 0.0026 -0.0004 100.0 518.67 643.15 1594.41 1420.01 14.62 21.61 552.25 2388.21 9061.73 1.30 47.81 520.57 2388.08 8134.75 8.4492 0.03 394 2388 100.00 38.51 23.1736  
16 134 -0.0008 0.0004 100.0 518.67 642.84 1599.78 1416.75 14.62 21.61 552.45 2388.19 9056.64 1.30 47.70 520.99 2388.16 8136.12 8.4787 0.03 394 2388 100.00 38.72 23.2487  
16 135 0.0026 -0.0004 100.0 518.67 642.72 1583.72 1409.00 14.62 21.61 552.91 2388.20 9064.96 1.30 47.67 520.56 2388.15 8140.07 8.4627 0.03 394 2388 100.00 38.49 23.2941  
16 136 -0.0024 0.0004 100.0 518.67 642.89 1597.35 1418.89 14.62 21.61 552.35 2388.16 9061.14 1.30 47.73 520.87 2388.18 8139.57 8.4655 0.03 395 2388 100.00 38.78 23.2248  
16 137 0.0030 -0.0000 100.0 518.67 643.26 1592.81 1417.33 14.62 21.61 552.20 2388.11 9057.79 1.30 47.93 520.62 2388.15 8130.69 8.4569 0.03 395 2388 100.00 38.53 23.1461  
16 138 0.0018 -0.0001 100.0 518.67 642.84 1596.23 1409.83 14.62 21.61 552.69 2388.19 9054.72 1.30 47.92 520.45 2388.19 8135.41 8.4553 0.03 395 2388 100.00 38.46 23.0984  
16 139 -0.0017 0.0003 100.0 518.67 643.47 1591.84 1417.93 14.62 21.61 553.02 2388.16 9066.68 1.30 47.80 520.51 2388.17 8138.89 8.4710 0.03 393 2388 100.00 38.74 23.2702  
16 140 -0.0036 -0.0005 100.0 518.67 643.41 1598.06 1409.19 14.62 21.61 552.52 2388.17 9056.98 1.30 47.76 520.55 2388.19 8133.84 8.4560 0.03 393 2388 100.00 38.69 23.1676  
16 141 0.0010 0.0003 100.0 518.67 643.02 1598.25 1411.63 14.62 21.61 552.66 2388.17 9061.21 1.30 47.81 520.70 2388.18 8140.36 8.4793 0.03 396 2388 100.00 38.75 23.2379  
16 142 -0.0010 -0.0001 100.0 518.67 643.07 1601.02 1419.96 14.62 21.61 551.91 2388.19 9059.96 1.30 47.84 520.86 2388.18 8140.78 8.4725 0.03 394 2388 100.00 38.71 23.2524  
16 143 0.0033 0.0001 100.0 518.67 643.09 1602.86 1415.38 14.62 21.61 552.80 2388.18 9059.77 1.30 47.85 521.06 2388.19 8138.61 8.4614 0.03 393 2388 100.00 38.79 23.2587  
16 144 -0.0018 -0.0002 100.0 518.67 642.85 1594.73 1421.52 14.62 21.61 552.66 2388.10 9058.67 1.30 47.72 520.90 2388.17 8137.14 8.4684 0.03 394 2388 100.00 38.63 23.2351  
16 145 0.0006 -0.0001 100.0 518.67 643.20 1598.17 1414.55 14.62 21.61 552.37 2388.18 9054.48 1.30 47.69 521.23 2388.16 8134.94 8.4758 0.03 394 2388 100.00 38.71 23.2071  
16 146 -0.0057 -0.0001 100.0 518.67 643.26 1593.02 1418.12 14.62 21.61 552.73 2388.16 9053.10 1.30 47.88 520.11 2388.18 8132.66 8.4816 0.03 394 2388 100.00 38.65 23.2294  
16 147 0.0022 -0.0002 100.0 518.67 643.40 1588.66 1420.49 14.62 21.61 552.67 2388.20 9062.94 1.30 47.73 521.02 2388.20 8140.47 8.5224 0.03 396 2388 100.00 38.55 23.2177  
16 148 -0.0038 -0.0004 100.0 518.67 642.60 1600.22 1415.16 14.62 21.61 552.62 2388.13 9056.76 1.30 47.94 520.71 2388.17 8134.36 8.4889 0.03 395 2388 100.00 38.83 23.2746  
16 149 -0.0012 -0.0001 100.0 518.67 643.24 1595.36 1413.59 14.62 21.61 552.34 2388.16 9061.82 1.30 47.82 520.63 2388.18 8135.47 8.4534 0.03 393 2388 100.00 38.62 23.2283  
16 150 0.0031 0.0003 100.0 518.67 643.62 1596.08 1416.16 14.62 21.61 552.78 2388.22 9060.24 1.30 47.85 520.70 2388.17 8133.06 8.4826 0.03 394 2388 100.00 38.55 23.1849  
16 151 0.0009 -0.0001 100.0 518.67 642.96 1595.32 1422.85 14.62 21.61 552.42 2388.18 9059.24 1.30 47.91 520.62 2388.14 8133.77 8.4916 0.03 395 2388 100.00 38.64 23.0985  
16 152 -0.0021 -0.0001 100.0 518.67 642.75 1593.67 1408.97 14.62 21.61 551.92 2388.19 9061.55 1.30 47.73 521.49 2388.13 8137.88 8.4466 0.03 395 2388 100.00 38.62 23.2125  
16 153 0.0020 -0.0004 100.0 518.67 642.97 1589.41 1416.37 14.62 21.61 553.14 2388.13 9059.30 1.30 47.86 521.15 2388.20 8135.34 8.4849 0.03 394 2388 100.00 38.88 23.2593  
16 154 0.0001 -0.0004 100.0 518.67 642.83 1593.63 1414.51 14.62 21.61 552.76 2388.17 9063.87 1.30 47.76 519.86 2388.21 8143.39 8.4811 0.03 395 2388 100.00 38.52 23.1699  
16 155 0.0032 -0.0001 100.0 518.67 643.31 1589.79 1417.87 14.62 21.61 552.75 2388.13 9053.38 1.30 47.82 520.81 2388.13 8133.29 8.4638 0.03 395 2388 100.00 38.66 23.2593  
16 156 0.0037 -0.0002 100.0 518.67 643.06 1587.11 1416.88 14.62 21.61 552.72 2388.24 9056.64 1.30 47.93 520.49 2388.18 8138.44 8.4723 0.03 393 2388 100.00 38.76 23.1481  
16 157 0.0019 0.0005 100.0 518.67 643.40 1591.78 1411.02 14.62 21.61 552.52 2388.20 9059.84 1.30 47.78 520.51 2388.13 8137.09 8.5180 0.03 395 2388 100.00 38.65 23.1859  
16 158 -0.0011 -0.0001 100.0 518.67 643.07 1595.38 1413.62 14.62 21.61 552.47 2388.17 9057.97 1.30 47.88 520.50 2388.13 8137.85 8.5021 0.03 395 2388 100.00 38.69 23.2693  
16 159 -0.0005 -0.0003 100.0 518.67 643.07 1600.76 1410.04 14.62 21.61 552.61 2388.17 9059.11 1.30 47.93 520.71 2388.16 8130.62 8.4992 0.03 393 2388 100.00 38.56 23.1548  
16 160 0.0007 0.0005 100.0 518.67 643.24 1592.09 1419.90 14.62 21.61 552.69 2388.16 9062.07 1.30 47.85 520.45 2388.17 8132.41 8.4707 0.03 396 2388 100.00 38.50 23.1367  
16 161 0.0004 -0.0003 100.0 518.67 643.13 1597.31 1420.55 14.62 21.61 552.70 2388.17 9061.47 1.30 47.93 520.08 2388.24 8127.87 8.4980 0.03 397 2388 100.00 38.49 23.2068  
16 162 0.0003 -0.0002 100.0 518.67 642.75 1593.25 1417.47 14.62 21.61 552.60 2388.16 9055.88 1.30 47.76 520.53 2388.17 8138.61 8.4649 0.03 393 2388 100.00 38.59 23.1313  
16 163 0.0005 -0.0003 100.0 518.67 642.78 1592.48 1421.62 14.62 21.61 552.15 2388.18 9059.26 1.30 47.88 520.19 2388.18 8131.57 8.4795 0.03 396 2388 100.00 38.72 23.0346  
16 164 -0.0030 0.0003 100.0 518.67 642.88 1583.97 1416.46 14.62 21.61 551.63 2388.18 9062.00 1.30 47.67 520.14 2388.19 8137.92 8.4728 0.03 394 2388 100.00 38.68 23.2151  
16 165 0.0041 -0.0002 100.0 518.67 642.97 1594.52 1406.30 14.62 21.61 551.74 2388.17 9063.14 1.30 47.87 520.46 2388.18 8134.49 8.4423 0.03 395 2388 100.00 38.62 23.1345  
16 166 0.0022 -0.0001 100.0 518.67 643.59 1605.55 1416.63 14.62 21.61 552.13 2388.17 9060.69 1.30 47.86 519.96 2388.22 8135.59 8.4766 0.03 395 2388 100.00 38.78 23.0732  
16 167 -0.0006 0.0003 100.0 518.67 643.05 1599.20 1415.55 14.62 21.61 552.50 2388.23 9057.43 1.30 47.89 520.11 2388.16 8133.42 8.4811 0.03 395 2388 100.00 38.51 23.1939  
16 168 0.0006 0.0000 100.0 518.67 643.64 1595.22 1419.24 14.62 21.61 552.03 2388.24 9057.40 1.30 47.77 520.60 2388.19 8133.18 8.4834 0.03 394 2388 100.00 38.60 23.1782  
16 169 0.0016 0.0002 100.0 518.67 642.66 1588.48 1422.83 14.62 21.61 552.70 2388.14 9068.10 1.30 48.04 520.00 2388.19 8138.16 8.5030 0.03 394 2388 100.00 38.51 23.0166  
16 170 0.0015 0.0002 100.0 518.67 643.08 1601.22 1423.57 14.62 21.61 552.35 2388.26 9052.46 1.30 48.01 520.61 2388.23 8136.37 8.5020 0.03 394 2388 100.00 38.53 23.2044  
16 171 0.0013 0.0005 100.0 518.67 643.49 1593.14 1425.53 14.62 21.61 552.16 2388.18 9061.37 1.30 48.09 520.46 2388.16 8129.52 8.4380 0.03 394 2388 100.00 38.71 23.1953  
16 172 -0.0030 0.0002 100.0 518.67 643.23 1593.09 1420.70 14.62 21.61 552.28 2388.12 9062.75 1.30 48.01 520.96 2388.21 8135.00 8.5053 0.03 394 2388 100.00 38.62 23.1909  
16 173 0.0000 -0.0001 100.0 518.67 643.20 1597.34 1418.31 14.62 21.61 552.04 2388.19 9062.75 1.30 47.76 520.30 2388.22 8146.35 8.4968 0.03 395 2388 100.00 38.64 23.0991  
16 174 0.0013 -0.0002 100.0 518.67 643.59 1604.53 1416.51 14.62 21.61 552.69 2388.17 9060.60 1.30 47.95 520.79 2388.20 8141.67 8.4877 0.03 395 2388 100.00 38.72 23.1996  
16 175 -0.0000 -0.0004 100.0 518.67 643.33 1598.74 1426.64 14.62 21.61 552.27 2388.26 9057.75 1.30 47.92 520.56 2388.22 8134.14 8.4757 0.03 394 2388 100.00 38.52 23.2217  
16 176 -0.0022 0.0001 100.0 518.67 643.16 1597.14 1421.84 14.62 21.61 551.60 2388.16 9056.35 1.30 47.85 520.59 2388.18 8137.21 8.4550 0.03 396 2388 100.00 38.56 23.1382  
16 177 0.0010 0.0001 100.0 518.67 643.30 1597.68 1419.99 14.62 21.61 551.87 2388.17 9057.45 1.30 47.90 520.59 2388.23 8132.45 8.5108 0.03 396 2388 100.00 38.58 23.1236  
16 178 0.0002 0.0004 100.0 518.67 643.56 1594.89 1417.45 14.62 21.61 551.95 2388.23 9061.71 1.30 47.79 520.40 2388.19 8129.82 8.4805 0.03 395 2388 100.00 38.46 23.0919  
16 179 -0.0012 0.0000 100.0 518.67 643.60 1599.17 1417.40 14.62 21.61 551.89 2388.22 9062.53 1.30 47.74 519.54 2388.21 8132.19 8.5156 0.03 394 2388 100.00 38.53 23.1488  
16 180 0.0045 -0.0003 100.0 518.67 643.52 1593.85 1424.52 14.62 21.61 552.16 2388.20 9057.94 1.30 47.96 519.83 2388.19 8136.78 8.4879 0.03 395 2388 100.00 38.59 23.0862  
16 181 0.0015 0.0000 100.0 518.67 642.78 1596.41 1428.06 14.62 21.61 551.72 2388.14 9056.92 1.30 47.96 520.23 2388.17 8132.78 8.5157 0.03 395 2388 100.00 38.54 23.1118  
16 182 -0.0021 -0.0005 100.0 518.67 643.40 1592.70 1421.49 14.62 21.61 551.67 2388.19 9071.25 1.30 47.92 520.38 2388.19 8132.34 8.4881 0.03 396 2388 100.00 38.55 23.1526  
16 183 -0.0000 0.0002 100.0 518.67 643.51 1606.45 1419.12 14.62 21.61 551.41 2388.22 9049.31 1.30 48.11 520.35 2388.19 8138.47 8.4686 0.03 395 2388 100.00 38.40 23.1246  
16 184 -0.0001 0.0000 100.0 518.67 643.15 1598.35 1417.83 14.62 21.61 551.88 2388.21 9063.52 1.30 47.81 520.30 2388.23 8134.19 8.4978 0.03 396 2388 100.00 38.60 23.2105  
16 185 -0.0002 -0.0005 100.0 518.67 643.50 1592.92 1423.93 14.62 21.61 550.96 2388.20 9062.78 1.30 48.07 520.08 2388.24 8134.88 8.5089 0.03 395 2388 100.00 38.78 23.0247  
16 186 0.0013 0.0004 100.0 518.67 643.73 1594.87 1427.07 14.62 21.61 550.85 2388.17 9055.77 1.30 48.10 519.99 2388.20 8133.58 8.4415 0.03 395 2388 100.00 38.49 23.1274  
16 187 -0.0022 -0.0003 100.0 518.67 642.90 1595.84 1423.67 14.62 21.61 552.53 2388.19 9067.04 1.30 47.91 520.64 2388.23 8135.22 8.5249 0.03 395 2388 100.00 38.40 23.1017  
16 188 0.0034 -0.0001 100.0 518.67 643.18 1600.43 1425.79 14.62 21.61 551.45 2388.24 9054.81 1.30 47.99 520.26 2388.18 8130.59 8.4923 0.03 396 2388 100.00 38.47 23.0293  
16 189 -0.0033 -0.0003 100.0 518.67 643.69 1599.54 1418.50 14.62 21.61 551.10 2388.24 9057.21 1.30 48.03 520.03 2388.27 8135.39 8.4897 0.03 394 2388 100.00 38.50 23.1640  
16 190 -0.0031 0.0002 100.0 518.67 643.79 1603.14 1422.67 14.62 21.61 551.78 2388.25 9060.28 1.30 47.97 520.18 2388.24 8136.30 8.5204 0.03 395 2388 100.00 38.56 23.1100  
16 191 -0.0002 0.0003 100.0 518.67 643.75 1597.74 1426.81 14.62 21.61 551.47 2388.21 9051.11 1.30 47.97 519.92 2388.22 8135.45 8.5027 0.03 396 2388 100.00 38.60 23.0648  
16 192 0.0008 0.0005 100.0 518.67 643.38 1597.73 1430.31 14.62 21.61 552.03 2388.28 9060.24 1.30 48.04 519.66 2388.32 8134.37 8.4965 0.03 397 2388 100.00 38.43 23.1404  
16 193 -0.0007 0.0001 100.0 518.67 643.10 1599.46 1426.24 14.62 21.61 551.57 2388.28 9054.04 1.30 47.94 519.45 2388.32 8133.32 8.4697 0.03 395 2388 100.00 38.46 23.0865  
16 194 0.0002 -0.0001 100.0 518.67 643.74 1602.99 1425.86 14.62 21.61 551.42 2388.27 9063.27 1.30 48.08 519.58 2388.24 8130.93 8.5490 0.03 395 2388 100.00 38.58 23.0638  
16 195 0.0032 0.0004 100.0 518.67 643.47 1608.02 1428.85 14.62 21.61 551.68 2388.24 9057.10 1.30 48.08 520.26 2388.26 8136.06 8.5333 0.03 395 2388 100.00 38.57 23.1536  
16 196 -0.0049 0.0005 100.0 518.67 643.36 1594.72 1423.16 14.62 21.61 552.22 2388.23 9069.26 1.30 47.92 519.60 2388.20 8135.11 8.5304 0.03 395 2388 100.00 38.40 23.0440  
16 197 0.0011 0.0000 100.0 518.67 643.76 1595.45 1428.81 14.62 21.61 551.56 2388.27 9069.19 1.30 47.98 519.79 2388.18 8138.63 8.5345 0.03 397 2388 100.00 38.38 23.0969  
16 198 0.0038 0.0004 100.0 518.67 643.50 1600.59 1429.68 14.62 21.61 551.33 2388.23 9061.56 1.30 48.16 519.88 2388.31 8130.43 8.5094 0.03 397 2388 100.00 38.23 22.9774  
16 199 0.0006 -0.0004 100.0 518.67 643.67 1601.82 1424.25 14.62 21.61 551.06 2388.25 9058.02 1.30 47.97 519.41 2388.23 8131.52 8.5258 0.03 395 2388 100.00 38.38 23.1080  
16 200 0.0035 0.0002 100.0 518.67 644.27 1597.45 1425.06 14.62 21.61 551.36 2388.23 9062.27 1.30 48.10 519.48 2388.27 8130.54 8.5314 0.03 396 2388 100.00 38.33 23.1342  
16 201 -0.0061 0.0005 100.0 518.67 643.45 1597.43 1429.67 14.62 21.61 551.80 2388.23 9064.92 1.30 47.93 519.96 2388.23 8134.82 8.4904 0.03 395 2388 100.00 38.41 23.0557  
16 202 -0.0006 -0.0001 100.0 518.67 643.20 1600.99 1426.59 14.62 21.61 551.42 2388.29 9059.92 1.30 48.11 519.40 2388.27 8130.33 8.5369 0.03 397 2388 100.00 38.47 23.1639  
16 203 0.0002 -0.0004 100.0 518.67 644.18 1607.21 1423.13 14.62 21.61 551.23 2388.28 9057.79 1.30 47.87 519.65 2388.25 8130.39 8.5495 0.03 395 2388 100.00 38.39 23.1279  
16 204 -0.0006 -0.0001 100.0 518.67 643.86 1598.86 1427.74 14.62 21.61 551.12 2388.24 9059.76 1.30 47.99 519.63 2388.31 8131.70 8.4722 0.03 396 2388 100.00 38.41 23.0637  
16 205 0.0035 0.0001 100.0 518.67 643.88 1608.26 1426.20 14.62 21.61 551.01 2388.26 9063.13 1.30 48.08 519.80 2388.22 8134.25 8.5213 0.03 397 2388 100.00 38.60 23.2392  
16 206 0.0025 0.0001 100.0 518.67 643.60 1601.98 1419.63 14.62 21.61 551.42 2388.28 9067.79 1.30 47.92 519.50 2388.29 8129.53 8.5139 0.03 396 2388 100.00 38.44 23.0701  
16 207 0.0001 0.0001 100.0 518.67 643.86 1605.94 1434.58 14.62 21.61 551.20 2388.29 9058.27 1.30 48.20 519.29 2388.27 8133.60 8.5595 0.03 397 2388 100.00 38.31 23.0348  
16 208 0.0024 -0.0002 100.0 518.67 644.47 1595.68 1437.53 14.62 21.61 550.51 2388.26 9060.44 1.30 48.20 519.64 2388.25 8137.23 8.5419 0.03 396 2388 100.00 38.44 23.0087  
16 209 0.0012 -0.0002 100.0 518.67 643.61 1601.47 1429.68 14.62 21.61 551.17 2388.25 9060.94 1.30 48.28 519.44 2388.26 8132.25 8.5258 0.03 397 2388 100.00 38.35 23.1505  
17 1 -0.0032 0.0005 100.0 518.67 641.45 1587.52 1401.29 14.62 21.61 555.25 2388.03 9067.87 1.30 47.25 522.19 2387.98 8146.09 8.3859 0.03 392 2388 100.00 39.21 23.5279  
17 2 0.0008 0.0005 100.0 518.67 642.13 1589.83 1399.55 14.62 21.61 554.30 2388.06 9062.08 1.30 47.34 522.07 2387.95 8139.76 8.4125 0.03 389 2388 100.00 39.17 23.4691  
17 3 -0.0011 0.0005 100.0 518.67 642.10 1587.43 1400.98 14.62 21.61 555.27 2388.02 9061.96 1.30 47.15 522.68 2387.99 8143.07 8.4146 0.03 391 2388 100.00 39.17 23.3437  
17 4 0.0042 -0.0002 100.0 518.67 642.07 1586.55 1394.42 14.62 21.61 554.35 2388.06 9059.34 1.30 47.33 522.65 2387.98 8146.69 8.4033 0.03 393 2388 100.00 38.93 23.4337  
17 5 0.0008 -0.0004 100.0 518.67 642.09 1582.86 1400.71 14.62 21.61 554.88 2388.01 9056.77 1.30 47.15 522.39 2387.99 8147.13 8.3931 0.03 391 2388 100.00 39.10 23.4077  
17 6 -0.0025 0.0003 100.0 518.67 642.57 1585.26 1400.36 14.62 21.61 554.52 2388.01 9062.26 1.30 47.32 522.24 2388.00 8144.88 8.4113 0.03 392 2388 100.00 39.01 23.5295  
17 7 -0.0006 -0.0002 100.0 518.67 641.54 1585.86 1398.68 14.62 21.61 554.36 2387.98 9061.04 1.30 47.20 522.31 2388.02 8144.45 8.3787 0.03 392 2388 100.00 39.04 23.4017  
17 8 -0.0027 -0.0001 100.0 518.67 642.27 1587.62 1399.79 14.62 21.60 554.76 2387.98 9061.46 1.30 47.17 522.69 2387.97 8138.59 8.3459 0.03 393 2388 100.00 38.99 23.4415  
17 9 -0.0007 0.0003 100.0 518.67 642.07 1579.05 1393.24 14.62 21.61 554.37 2388.00 9057.40 1.30 47.22 522.29 2388.03 8141.69 8.3996 0.03 392 2388 100.00 39.26 23.3700  
17 10 0.0023 0.0002 100.0 518.67 642.33 1583.05 1391.98 14.62 21.61 554.43 2388.03 9062.11 1.30 47.16 522.55 2388.00 8142.95 8.3449 0.03 392 2388 100.00 39.14 23.4097  
17 11 0.0021 0.0005 100.0 518.67 642.30 1577.49 1397.93 14.62 21.61 554.62 2387.98 9061.30 1.30 47.19 521.87 2387.99 8144.82 8.4145 0.03 393 2388 100.00 39.05 23.3646  
17 12 -0.0020 0.0001 100.0 518.67 641.65 1584.84 1390.53 14.62 21.61 554.50 2387.97 9059.06 1.30 47.11 522.49 2388.01 8141.59 8.3869 0.03 392 2388 100.00 38.93 23.4954  
17 13 -0.0031 -0.0003 100.0 518.67 641.73 1581.36 1398.84 14.62 21.60 554.66 2388.03 9066.59 1.30 47.29 522.24 2388.01 8146.05 8.4083 0.03 392 2388 100.00 39.05 23.4894  
17 14 0.0041 0.0003 100.0 518.67 641.53 1585.51 1402.96 14.62 21.61 554.17 2387.98 9066.80 1.30 47.11 522.44 2388.01 8142.55 8.3637 0.03 390 2388 100.00 39.11 23.3740  
17 15 0.0021 -0.0000 100.0 518.67 641.78 1590.12 1399.15 14.62 21.61 554.94 2388.03 9072.89 1.30 47.09 522.05 2388.00 8146.62 8.4564 0.03 391 2388 100.00 39.07 23.3585  
17 16 0.0023 0.0001 100.0 518.67 641.79 1582.26 1394.02 14.62 21.60 554.85 2388.05 9061.55 1.30 47.26 522.39 2388.01 8141.60 8.3484 0.03 391 2388 100.00 39.08 23.4428  
17 17 -0.0016 -0.0000 100.0 518.67 642.20 1583.35 1402.41 14.62 21.61 554.50 2388.06 9060.22 1.30 47.28 522.07 2388.02 8144.86 8.3929 0.03 392 2388 100.00 39.06 23.4013  
17 18 -0.0007 0.0001 100.0 518.67 641.90 1585.50 1398.16 14.62 21.61 554.11 2387.99 9065.72 1.30 47.23 521.91 2388.03 8145.45 8.3788 0.03 391 2388 100.00 38.78 23.4303  
17 19 -0.0018 0.0005 100.0 518.67 642.13 1584.27 1402.27 14.62 21.61 554.59 2388.03 9059.94 1.30 47.12 522.52 2387.98 8142.56 8.4341 0.03 392 2388 100.00 39.12 23.4579  
17 20 -0.0004 0.0004 100.0 518.67 641.99 1578.99 1395.63 14.62 21.60 554.71 2388.02 9061.52 1.30 46.95 522.17 2387.98 8137.40 8.4021 0.03 392 2388 100.00 38.91 23.4090  
17 21 0.0001 -0.0002 100.0 518.67 641.87 1591.00 1394.39 14.62 21.60 554.72 2388.02 9057.56 1.30 47.24 522.37 2388.02 8146.51 8.4147 0.03 392 2388 100.00 39.04 23.3543  
17 22 -0.0019 -0.0000 100.0 518.67 642.21 1585.58 1402.13 14.62 21.61 554.33 2387.99 9061.54 1.30 47.22 522.43 2388.00 8140.98 8.3976 0.03 391 2388 100.00 39.01 23.4084  
17 23 -0.0006 -0.0003 100.0 518.67 642.58 1579.93 1395.52 14.62 21.61 556.06 2388.04 9055.60 1.30 47.13 522.87 2387.99 8147.02 8.4123 0.03 393 2388 100.00 38.82 23.3530  
17 24 -0.0009 0.0005 100.0 518.67 642.00 1589.65 1398.13 14.62 21.61 554.61 2388.04 9060.89 1.30 47.38 522.97 2388.01 8142.39 8.3818 0.03 391 2388 100.00 39.14 23.4901  
17 25 0.0004 0.0002 100.0 518.67 641.91 1585.22 1399.79 14.62 21.61 553.94 2388.05 9067.57 1.30 47.19 522.47 2387.98 8142.33 8.4109 0.03 392 2388 100.00 39.06 23.4079  
17 26 0.0020 -0.0004 100.0 518.67 642.09 1583.42 1394.01 14.62 21.61 554.21 2388.01 9062.82 1.30 47.23 522.29 2388.01 8145.81 8.4051 0.03 393 2388 100.00 39.01 23.4725  
17 27 -0.0006 -0.0003 100.0 518.67 642.36 1588.08 1394.29 14.62 21.61 554.71 2388.06 9063.15 1.30 47.30 521.94 2388.01 8144.78 8.4162 0.03 392 2388 100.00 39.22 23.2903  
17 28 0.0003 0.0004 100.0 518.67 642.43 1582.26 1395.77 14.62 21.61 554.16 2387.97 9059.35 1.30 47.21 522.14 2388.03 8140.20 8.4450 0.03 394 2388 100.00 39.04 23.3871  
17 29 -0.0001 0.0001 100.0 518.67 642.29 1586.41 1394.51 14.62 21.61 554.37 2388.03 9062.22 1.30 47.06 522.64 2387.97 8141.59 8.3909 0.03 394 2388 100.00 38.90 23.3908  
17 30 -0.0010 0.0002 100.0 518.67 642.05 1583.19 1393.77 14.62 21.61 555.01 2388.03 9063.92 1.30 47.17 522.47 2388.01 8151.22 8.4176 0.03 393 2388 100.00 38.87 23.4329  
17 31 0.0000 0.0003 100.0 518.67 642.21 1577.40 1400.16 14.62 21.61 554.30 2388.02 9053.12 1.30 47.28 522.21 2388.00 8141.78 8.3891 0.03 391 2388 100.00 38.94 23.3951  
17 32 -0.0013 -0.0002 100.0 518.67 641.92 1582.34 1398.55 14.62 21.61 553.96 2388.00 9065.17 1.30 47.02 522.26 2388.05 8147.93 8.4186 0.03 391 2388 100.00 38.90 23.3134  
17 33 -0.0040 -0.0001 100.0 518.67 641.87 1586.14 1402.83 14.62 21.61 554.47 2387.96 9070.09 1.30 47.23 521.88 2388.03 8139.61 8.3967 0.03 391 2388 100.00 38.98 23.3996  
17 34 0.0017 -0.0004 100.0 518.67 642.07 1587.67 1396.34 14.62 21.61 554.32 2388.06 9062.43 1.30 47.31 522.48 2388.04 8142.71 8.4157 0.03 391 2388 100.00 39.04 23.5428  
17 35 -0.0014 0.0005 100.0 518.67 642.34 1587.09 1395.86 14.62 21.61 553.96 2388.00 9063.30 1.30 47.20 521.98 2388.04 8145.80 8.4168 0.03 393 2388 100.00 39.04 23.3925  
17 36 0.0008 -0.0000 100.0 518.67 642.18 1581.60 1401.30 14.62 21.61 555.02 2388.00 9067.56 1.30 47.28 522.12 2387.99 8146.18 8.3927 0.03 392 2388 100.00 39.01 23.3091  
17 37 -0.0012 0.0005 100.0 518.67 642.26 1580.95 1397.82 14.62 21.61 554.18 2388.01 9066.29 1.30 47.34 522.64 2388.01 8138.22 8.4527 0.03 393 2388 100.00 38.94 23.4543  
17 38 -0.0014 0.0002 100.0 518.67 642.24 1586.55 1400.44 14.62 21.61 554.68 2387.98 9062.84 1.30 47.30 521.75 2388.01 8143.11 8.4046 0.03 395 2388 100.00 39.01 23.3960  
17 39 -0.0047 0.0004 100.0 518.67 642.44 1584.93 1397.22 14.62 21.61 554.56 2387.99 9066.65 1.30 47.39 522.13 2388.02 8137.89 8.3662 0.03 392 2388 100.00 38.88 23.4533  
17 40 -0.0012 0.0004 100.0 518.67 642.05 1586.67 1396.39 14.62 21.61 554.69 2387.99 9057.13 1.30 47.19 522.32 2388.02 8142.68 8.3823 0.03 393 2388 100.00 38.94 23.3871  
17 41 -0.0007 0.0002 100.0 518.67 642.18 1587.24 1397.63 14.62 21.60 554.75 2388.02 9062.42 1.30 47.16 522.25 2387.99 8149.09 8.4122 0.03 392 2388 100.00 39.02 23.3853  
17 42 0.0038 -0.0003 100.0 518.67 642.74 1579.57 1397.41 14.62 21.61 554.42 2387.99 9069.21 1.30 47.42 522.83 2388.02 8144.92 8.3976 0.03 393 2388 100.00 38.93 23.3936  
17 43 0.0013 -0.0004 100.0 518.67 642.28 1589.90 1390.87 14.62 21.61 554.45 2387.97 9057.86 1.30 47.02 522.40 2387.95 8143.91 8.3984 0.03 392 2388 100.00 38.96 23.3629  
17 44 0.0042 0.0005 100.0 518.67 641.83 1583.24 1397.69 14.62 21.61 554.60 2388.03 9065.48 1.30 47.20 522.11 2387.97 8140.44 8.3944 0.03 392 2388 100.00 39.04 23.4538  
17 45 -0.0051 0.0003 100.0 518.67 642.45 1593.52 1403.54 14.62 21.61 554.37 2388.02 9063.17 1.30 47.19 522.31 2388.01 8145.66 8.4038 0.03 392 2388 100.00 39.06 23.4570  
17 46 0.0019 -0.0002 100.0 518.67 642.06 1585.63 1391.13 14.62 21.61 554.81 2388.02 9066.15 1.30 47.10 522.65 2388.01 8147.65 8.3913 0.03 392 2388 100.00 39.01 23.3782  
17 47 0.0016 -0.0002 100.0 518.67 642.46 1585.86 1403.53 14.62 21.61 554.41 2388.05 9062.86 1.30 47.17 522.37 2387.97 8148.70 8.3923 0.03 393 2388 100.00 38.84 23.4642  
17 48 0.0005 0.0004 100.0 518.67 642.36 1584.05 1396.55 14.62 21.61 555.20 2388.00 9063.65 1.30 47.31 521.91 2388.04 8144.55 8.3890 0.03 390 2388 100.00 39.02 23.4141  
17 49 -0.0018 0.0002 100.0 518.67 641.74 1584.73 1396.28 14.62 21.61 554.07 2388.06 9056.86 1.30 47.35 522.41 2387.97 8145.79 8.4100 0.03 391 2388 100.00 38.97 23.3393  
17 50 -0.0002 -0.0002 100.0 518.67 642.03 1582.81 1399.94 14.62 21.61 554.02 2388.01 9062.32 1.30 47.19 522.68 2388.09 8143.79 8.3908 0.03 393 2388 100.00 38.91 23.4165  
17 51 0.0018 0.0004 100.0 518.67 642.22 1578.52 1395.27 14.62 21.61 554.79 2387.96 9066.29 1.30 47.18 522.52 2387.96 8144.11 8.3788 0.03 391 2388 100.00 39.02 23.5128  
17 52 -0.0056 -0.0000 100.0 518.67 642.07 1589.05 1400.73 14.62 21.61 554.43 2388.02 9062.71 1.30 47.27 522.02 2388.03 8144.52 8.3841 0.03 390 2388 100.00 38.96 23.4270  
17 53 -0.0000 -0.0003 100.0 518.67 642.93 1585.91 1390.76 14.62 21.60 554.31 2388.03 9070.86 1.30 47.10 522.32 2387.98 8147.42 8.4207 0.03 392 2388 100.00 39.00 23.4397  
17 54 0.0012 0.0004 100.0 518.67 642.52 1585.11 1400.51 14.62 21.61 554.16 2388.06 9052.74 1.30 47.17 522.30 2388.02 8148.11 8.4012 0.03 392 2388 100.00 38.84 23.4519  
17 55 0.0004 -0.0003 100.0 518.67 642.08 1583.19 1393.34 14.62 21.61 553.72 2387.97 9054.81 1.30 47.43 521.76 2388.05 8146.60 8.4243 0.03 393 2388 100.00 38.90 23.4178  
17 56 -0.0006 -0.0002 100.0 518.67 642.28 1586.86 1393.85 14.62 21.61 554.20 2388.01 9059.95 1.30 47.22 522.48 2388.00 8145.83 8.4289 0.03 392 2388 100.00 39.32 23.2910  
17 57 0.0029 -0.0004 100.0 518.67 641.78 1587.02 1397.35 14.62 21.61 554.18 2388.01 9063.57 1.30 47.22 522.27 2387.97 8142.87 8.4030 0.03 392 2388 100.00 38.99 23.4028  
17 58 0.0033 0.0002 100.0 518.67 642.28 1581.59 1405.33 14.62 21.61 553.69 2388.07 9065.36 1.30 47.30 522.60 2388.03 8150.78 8.4086 0.03 391 2388 100.00 38.99 23.3592  
17 59 -0.0016 0.0001 100.0 518.67 642.00 1589.37 1402.36 14.62 21.61 554.26 2388.01 9061.65 1.30 47.35 522.39 2388.01 8148.45 8.4116 0.03 393 2388 100.00 39.00 23.3498  
17 60 0.0001 -0.0002 100.0 518.67 642.31 1581.75 1401.54 14.62 21.61 554.00 2387.98 9069.12 1.30 47.26 521.57 2388.03 8146.91 8.4102 0.03 393 2388 100.00 38.99 23.3466  
17 61 -0.0012 -0.0000 100.0 518.67 642.39 1586.61 1401.51 14.62 21.61 554.69 2388.03 9061.62 1.30 47.25 522.85 2387.97 8147.57 8.3899 0.03 393 2388 100.00 38.91 23.4476  
17 62 -0.0021 -0.0001 100.0 518.67 642.16 1581.58 1390.41 14.62 21.61 554.24 2388.01 9063.27 1.30 47.24 522.04 2388.04 8143.21 8.3946 0.03 392 2388 100.00 38.93 23.4242  
17 63 0.0005 0.0004 100.0 518.67 642.31 1576.29 1399.59 14.62 21.61 554.31 2387.99 9066.43 1.30 47.15 521.89 2388.05 8144.51 8.4198 0.03 391 2388 100.00 39.19 23.5292  
17 64 -0.0017 -0.0005 100.0 518.67 642.04 1580.18 1402.70 14.62 21.61 555.00 2388.01 9066.05 1.30 47.36 522.51 2387.94 8150.45 8.3876 0.03 393 2388 100.00 39.12 23.3255  
17 65 0.0041 0.0003 100.0 518.67 642.46 1587.59 1407.64 14.62 21.61 554.21 2388.02 9066.07 1.30 47.32 522.43 2388.03 8144.22 8.4267 0.03 392 2388 100.00 38.91 23.3514  
17 66 0.0031 0.0004 100.0 518.67 641.86 1582.90 1400.35 14.62 21.61 554.16 2388.02 9065.47 1.30 47.25 522.73 2388.02 8146.82 8.4063 0.03 393 2388 100.00 38.90 23.4250  
17 67 -0.0005 -0.0001 100.0 518.67 642.32 1588.14 1405.95 14.62 21.61 554.27 2388.05 9062.51 1.30 47.11 522.50 2387.98 8143.17 8.4147 0.03 392 2388 100.00 38.96 23.3704  
17 68 0.0044 0.0001 100.0 518.67 642.72 1590.12 1399.78 14.62 21.61 554.79 2388.04 9065.17 1.30 47.13 522.09 2388.00 8144.43 8.4107 0.03 391 2388 100.00 39.06 23.4402  
17 69 -0.0038 -0.0003 100.0 518.67 642.28 1588.27 1402.03 14.62 21.61 554.36 2388.05 9063.07 1.30 47.37 522.42 2388.03 8148.47 8.4251 0.03 392 2388 100.00 39.00 23.2853  
17 70 0.0008 0.0002 100.0 518.67 642.09 1586.68 1401.11 14.62 21.61 554.32 2387.99 9059.95 1.30 47.34 521.73 2387.99 8150.27 8.4343 0.03 392 2388 100.00 39.03 23.4371  
17 71 -0.0008 0.0001 100.0 518.67 642.79 1584.29 1403.57 14.62 21.61 554.75 2388.02 9064.68 1.30 47.24 522.60 2388.04 8146.65 8.4107 0.03 392 2388 100.00 39.00 23.5323  
17 72 -0.0000 0.0001 100.0 518.67 641.89 1584.47 1398.68 14.62 21.61 553.33 2388.01 9061.42 1.30 47.37 522.44 2387.95 8144.44 8.4338 0.03 393 2388 100.00 39.03 23.3594  
17 73 0.0033 -0.0002 100.0 518.67 642.10 1585.12 1395.65 14.62 21.61 553.86 2388.00 9059.89 1.30 47.12 522.36 2388.00 8151.12 8.3870 0.03 393 2388 100.00 38.81 23.4495  
17 74 -0.0005 -0.0004 100.0 518.67 641.78 1583.54 1401.35 14.62 21.61 554.65 2387.98 9063.68 1.30 47.22 522.00 2388.00 8148.06 8.4099 0.03 392 2388 100.00 38.97 23.4180  
17 75 -0.0010 0.0005 100.0 518.67 642.53 1584.97 1399.29 14.62 21.61 554.26 2388.01 9064.70 1.30 47.19 522.48 2388.02 8147.49 8.4110 0.03 392 2388 100.00 38.90 23.4905  
17 76 0.0007 0.0001 100.0 518.67 642.13 1585.73 1404.19 14.62 21.61 554.56 2388.00 9065.74 1.30 47.22 522.22 2387.99 8141.13 8.4251 0.03 392 2388 100.00 38.95 23.4990  
17 77 -0.0055 -0.0001 100.0 518.67 641.96 1578.85 1398.07 14.62 21.61 554.47 2387.97 9063.99 1.30 47.22 522.18 2388.02 8146.82 8.4107 0.03 391 2388 100.00 38.90 23.3460  
17 78 -0.0003 0.0005 100.0 518.67 642.54 1575.15 1400.24 14.62 21.61 555.16 2388.02 9070.90 1.30 47.14 522.29 2388.01 8144.52 8.4346 0.03 393 2388 100.00 38.96 23.3824  
17 79 0.0004 -0.0001 100.0 518.67 642.30 1584.01 1401.89 14.62 21.61 553.78 2388.03 9061.76 1.30 47.24 522.15 2388.04 8145.79 8.4109 0.03 391 2388 100.00 39.08 23.3999  
17 80 -0.0010 -0.0003 100.0 518.67 642.47 1587.84 1401.12 14.62 21.61 554.21 2388.03 9067.29 1.30 47.33 521.94 2388.02 8140.04 8.3726 0.03 392 2388 100.00 39.02 23.3540  
17 81 -0.0024 -0.0002 100.0 518.67 642.18 1580.49 1402.76 14.62 21.61 553.79 2388.02 9068.72 1.30 47.17 522.28 2388.02 8138.61 8.4314 0.03 393 2388 100.00 39.08 23.4297  
17 82 0.0028 -0.0002 100.0 518.67 642.09 1587.40 1402.51 14.62 21.61 554.72 2388.00 9061.35 1.30 47.08 522.27 2388.05 8141.27 8.4216 0.03 392 2388 100.00 38.85 23.4179  
17 83 0.0025 -0.0004 100.0 518.67 641.73 1585.25 1399.05 14.62 21.61 554.53 2388.02 9065.33 1.30 47.35 521.85 2388.01 8146.66 8.3942 0.03 391 2388 100.00 38.88 23.4432  
17 84 0.0008 -0.0002 100.0 518.67 642.83 1582.09 1397.57 14.62 21.61 554.44 2387.96 9063.43 1.30 47.33 522.42 2388.02 8145.38 8.4064 0.03 392 2388 100.00 39.00 23.4181  
17 85 0.0015 -0.0000 100.0 518.67 642.04 1581.68 1402.77 14.62 21.61 554.05 2387.94 9063.98 1.30 47.20 522.37 2388.01 8146.24 8.4122 0.03 391 2388 100.00 38.93 23.3981  
17 86 0.0003 0.0003 100.0 518.67 642.23 1577.94 1400.35 14.62 21.61 554.04 2388.03 9062.95 1.30 47.34 522.14 2388.06 8146.12 8.3954 0.03 391 2388 100.00 38.86 23.4391  
17 87 -0.0018 0.0002 100.0 518.67 642.22 1589.28 1395.99 14.62 21.61 554.69 2387.96 9065.55 1.30 47.14 522.30 2388.02 8145.33 8.4027 0.03 393 2388 100.00 39.08 23.4516  
17 88 -0.0025 -0.0001 100.0 518.67 642.56 1588.99 1398.02 14.62 21.61 554.51 2388.00 9061.78 1.30 47.27 522.18 2387.98 8144.79 8.4235 0.03 391 2388 100.00 39.11 23.5028  
17 89 0.0036 0.0004 100.0 518.67 641.90 1583.74 1408.61 14.62 21.61 553.24 2388.00 9072.02 1.30 47.24 521.69 2388.03 8150.95 8.3915 0.03 393 2388 100.00 39.10 23.4192  
17 90 0.0033 -0.0002 100.0 518.67 642.50 1588.75 1397.48 14.62 21.61 554.91 2387.96 9066.05 1.30 47.43 522.08 2387.99 8143.56 8.3672 0.03 393 2388 100.00 38.86 23.4356  
17 91 0.0027 -0.0003 100.0 518.67 642.96 1585.37 1402.28 14.62 21.61 554.18 2388.02 9064.17 1.30 47.31 522.44 2388.04 8145.30 8.3709 0.03 392 2388 100.00 39.22 23.2512  
17 92 -0.0003 0.0004 100.0 518.67 642.25 1583.37 1401.28 14.62 21.61 554.22 2388.03 9063.38 1.30 47.32 521.94 2388.08 8142.56 8.3949 0.03 393 2388 100.00 38.92 23.4493  
17 93 -0.0014 -0.0002 100.0 518.67 641.97 1586.86 1406.35 14.62 21.61 554.17 2388.04 9067.18 1.30 47.11 522.14 2388.03 8147.49 8.4124 0.03 392 2388 100.00 39.08 23.4439  
17 94 -0.0018 0.0004 100.0 518.67 642.37 1593.89 1400.73 14.62 21.61 554.15 2387.99 9068.61 1.30 47.31 521.81 2388.02 8143.74 8.4021 0.03 391 2388 100.00 39.00 23.2841  
17 95 -0.0025 -0.0004 100.0 518.67 642.49 1592.66 1398.86 14.62 21.61 554.97 2388.00 9064.25 1.30 47.29 522.65 2388.04 8147.11 8.3993 0.03 391 2388 100.00 39.04 23.4424  
17 96 0.0010 -0.0004 100.0 518.67 642.90 1581.10 1400.12 14.62 21.61 554.69 2387.99 9072.01 1.30 47.40 522.15 2388.03 8148.62 8.4328 0.03 393 2388 100.00 39.01 23.4321  
17 97 -0.0026 0.0004 100.0 518.67 642.15 1586.44 1399.53 14.62 21.61 554.73 2388.09 9064.56 1.30 47.24 522.22 2388.00 8145.77 8.3978 0.03 390 2388 100.00 38.91 23.4664  
17 98 -0.0014 -0.0000 100.0 518.67 642.46 1582.67 1402.17 14.62 21.61 553.94 2388.00 9065.91 1.30 47.23 522.22 2388.02 8142.42 8.4133 0.03 393 2388 100.00 39.01 23.3428  
17 99 -0.0001 0.0005 100.0 518.67 642.23 1584.16 1401.30 14.62 21.61 554.82 2388.03 9061.20 1.30 47.23 522.29 2387.99 8144.55 8.3843 0.03 391 2388 100.00 38.89 23.3972  
17 100 -0.0072 -0.0002 100.0 518.67 642.31 1581.27 1396.71 14.62 21.61 554.04 2388.02 9064.87 1.30 47.35 522.32 2388.04 8149.76 8.4034 0.03 393 2388 100.00 39.07 23.3664  
17 101 0.0015 -0.0004 100.0 518.67 641.89 1587.61 1406.00 14.62 21.61 554.42 2388.01 9067.20 1.30 47.18 522.29 2388.05 8152.32 8.4207 0.03 391 2388 100.00 38.81 23.3533  
17 102 0.0005 -0.0003 100.0 518.67 642.33 1588.31 1400.65 14.62 21.61 555.12 2388.01 9065.07 1.30 47.17 522.07 2388.04 8144.00 8.3835 0.03 392 2388 100.00 39.06 23.4404  
17 103 0.0023 0.0002 100.0 518.67 642.41 1579.63 1398.34 14.62 21.61 554.49 2388.00 9069.87 1.30 47.14 521.84 2388.03 8150.50 8.4024 0.03 393 2388 100.00 39.06 23.4679  
17 104 0.0011 -0.0000 100.0 518.67 642.04 1588.67 1404.87 14.62 21.61 554.89 2387.99 9063.26 1.30 47.33 522.56 2387.97 8149.63 8.3880 0.03 393 2388 100.00 38.90 23.3754  
17 105 -0.0011 -0.0003 100.0 518.67 641.93 1583.07 1396.60 14.62 21.60 554.59 2388.04 9068.33 1.30 47.34 522.44 2388.01 8147.56 8.4383 0.03 392 2388 100.00 38.95 23.3343  
17 106 -0.0022 0.0002 100.0 518.67 642.25 1593.42 1401.60 14.62 21.61 553.81 2387.99 9058.09 1.30 47.45 522.34 2388.02 8149.05 8.4079 0.03 391 2388 100.00 38.79 23.4032  
17 107 0.0000 -0.0001 100.0 518.67 642.71 1585.66 1401.31 14.62 21.60 554.14 2388.02 9069.01 1.30 47.24 522.04 2387.98 8144.01 8.4220 0.03 393 2388 100.00 38.81 23.2836  
17 108 -0.0005 0.0004 100.0 518.67 642.24 1583.90 1393.71 14.62 21.61 554.27 2388.05 9062.90 1.30 47.29 522.11 2388.03 8151.28 8.4157 0.03 392 2388 100.00 38.99 23.3878  
17 109 -0.0009 0.0002 100.0 518.67 642.14 1591.46 1404.94 14.62 21.61 554.80 2388.02 9072.12 1.30 47.17 522.45 2388.04 8143.28 8.4136 0.03 394 2388 100.00 38.99 23.4821  
17 110 0.0012 0.0005 100.0 518.67 642.38 1585.52 1402.47 14.62 21.61 554.42 2388.03 9062.73 1.30 47.38 522.00 2388.01 8145.26 8.4198 0.03 391 2388 100.00 38.98 23.3504  
17 111 0.0016 0.0000 100.0 518.67 642.16 1586.32 1398.10 14.62 21.61 554.04 2388.03 9071.37 1.30 47.12 522.45 2388.04 8150.85 8.4134 0.03 392 2388 100.00 38.95 23.4853  
17 112 -0.0002 0.0002 100.0 518.67 642.66 1588.81 1401.70 14.62 21.61 553.83 2388.02 9064.14 1.30 47.34 522.25 2388.03 8144.82 8.4002 0.03 390 2388 100.00 38.80 23.2484  
17 113 -0.0000 0.0001 100.0 518.67 642.88 1590.27 1397.51 14.62 21.61 554.45 2388.06 9069.29 1.30 47.44 522.39 2388.04 8148.74 8.3965 0.03 393 2388 100.00 38.98 23.4601  
17 114 0.0024 0.0003 100.0 518.67 642.23 1584.92 1401.17 14.62 21.61 554.35 2388.03 9069.64 1.30 47.33 522.57 2388.07 8149.28 8.4073 0.03 392 2388 100.00 38.88 23.4688  
17 115 -0.0012 -0.0003 100.0 518.67 642.37 1578.31 1399.02 14.62 21.61 554.06 2388.04 9068.38 1.30 47.45 521.95 2388.05 8150.94 8.3886 0.03 391 2388 100.00 39.06 23.4274  
17 116 0.0030 0.0003 100.0 518.67 642.08 1590.34 1398.49 14.62 21.61 553.97 2388.02 9066.38 1.30 47.14 522.15 2388.00 8147.49 8.4296 0.03 390 2388 100.00 38.80 23.4046  
17 117 -0.0039 -0.0003 100.0 518.67 642.27 1582.66 1399.59 14.62 21.61 554.30 2388.05 9065.50 1.30 47.19 522.20 2387.99 8146.53 8.3824 0.03 393 2388 100.00 39.17 23.3763  
17 118 -0.0012 0.0001 100.0 518.67 641.56 1584.12 1412.29 14.62 21.61 554.16 2388.05 9059.80 1.30 47.51 522.34 2388.06 8147.00 8.4501 0.03 392 2388 100.00 38.93 23.3966  
17 119 -0.0029 -0.0004 100.0 518.67 642.40 1583.74 1394.35 14.62 21.61 553.57 2387.99 9075.59 1.30 47.17 522.14 2388.01 8148.89 8.4079 0.03 392 2388 100.00 38.93 23.3375  
17 120 -0.0029 -0.0004 100.0 518.67 642.22 1583.24 1398.24 14.62 21.61 554.07 2388.01 9063.06 1.30 47.42 522.41 2388.00 8148.04 8.4152 0.03 392 2388 100.00 38.96 23.3318  
17 121 -0.0025 0.0001 100.0 518.67 641.63 1590.48 1403.91 14.62 21.61 554.53 2388.02 9075.59 1.30 47.50 521.78 2388.05 8142.73 8.4360 0.03 392 2388 100.00 38.93 23.3183  
17 122 0.0003 0.0000 100.0 518.67 642.21 1589.17 1403.50 14.62 21.61 554.80 2388.06 9066.59 1.30 47.33 521.38 2388.05 8150.02 8.3913 0.03 392 2388 100.00 38.89 23.3101  
17 123 -0.0006 -0.0002 100.0 518.67 642.36 1593.47 1404.06 14.62 21.61 553.90 2388.05 9075.12 1.30 47.26 522.59 2388.02 8149.73 8.4782 0.03 391 2388 100.00 38.94 23.2781  
17 124 -0.0027 0.0003 100.0 518.67 642.95 1591.07 1398.38 14.62 21.61 554.51 2388.04 9070.62 1.30 47.17 521.94 2388.00 8153.91 8.4248 0.03 393 2388 100.00 39.10 23.3044  
17 125 -0.0014 -0.0001 100.0 518.67 641.78 1587.36 1401.62 14.62 21.61 554.73 2388.06 9066.57 1.30 47.37 522.09 2387.99 8148.84 8.3653 0.03 391 2388 100.00 38.98 23.3872  
17 126 -0.0007 0.0004 100.0 518.67 642.46 1586.97 1410.91 14.62 21.61 554.50 2388.01 9067.08 1.30 47.27 522.13 2388.05 8151.17 8.4011 0.03 392 2388 100.00 38.88 23.3600  
17 127 0.0002 -0.0002 100.0 518.67 642.23 1587.57 1405.74 14.62 21.61 553.96 2388.00 9069.36 1.30 47.45 521.90 2388.02 8143.57 8.4080 0.03 392 2388 100.00 38.86 23.4545  
17 128 0.0015 -0.0001 100.0 518.67 642.33 1586.88 1403.27 14.62 21.61 553.71 2388.01 9070.16 1.30 47.29 521.80 2388.01 8144.84 8.4258 0.03 391 2388 100.00 39.07 23.3870  
17 129 0.0019 -0.0001 100.0 518.67 641.78 1590.87 1395.24 14.62 21.61 554.01 2388.06 9068.22 1.30 47.32 521.83 2388.03 8150.05 8.4173 0.03 392 2388 100.00 38.94 23.2828  
17 130 -0.0033 0.0004 100.0 518.67 642.61 1590.93 1403.14 14.62 21.61 553.76 2388.00 9065.29 1.30 47.36 522.38 2388.00 8148.17 8.4394 0.03 392 2388 100.00 38.97 23.2974  
17 131 -0.0026 0.0004 100.0 518.67 641.92 1587.58 1406.90 14.62 21.61 553.82 2388.01 9072.15 1.30 47.37 522.15 2388.03 8150.52 8.4025 0.03 392 2388 100.00 39.06 23.3725  
17 132 0.0044 0.0005 100.0 518.67 642.88 1584.73 1405.16 14.62 21.61 554.52 2388.04 9067.05 1.30 47.26 522.17 2388.08 8147.92 8.4163 0.03 394 2388 100.00 39.10 23.4027  
17 133 0.0018 0.0005 100.0 518.67 642.54 1582.30 1395.69 14.62 21.61 554.78 2388.06 9078.44 1.30 47.37 521.94 2388.02 8154.05 8.4315 0.03 394 2388 100.00 39.15 23.4232  
17 134 -0.0027 -0.0003 100.0 518.67 642.85 1582.79 1401.67 14.62 21.61 554.20 2388.03 9072.49 1.30 47.26 522.12 2388.00 8153.40 8.3966 0.03 391 2388 100.00 39.04 23.4480  
17 135 0.0011 0.0001 100.0 518.67 642.39 1581.13 1399.83 14.62 21.61 553.99 2388.00 9073.05 1.30 47.46 522.37 2387.97 8151.68 8.4142 0.03 393 2388 100.00 39.18 23.4430  
17 136 0.0015 -0.0002 100.0 518.67 642.60 1594.10 1399.88 14.62 21.61 554.39 2388.02 9070.79 1.30 47.25 522.22 2388.03 8144.77 8.4095 0.03 392 2388 100.00 38.82 23.3383  
17 137 -0.0018 0.0002 100.0 518.67 642.60 1585.50 1403.29 14.62 21.61 553.53 2387.95 9070.92 1.30 47.20 522.16 2388.07 8152.49 8.4436 0.03 392 2388 100.00 38.98 23.3797  
17 138 0.0017 -0.0001 100.0 518.67 642.62 1585.66 1404.48 14.62 21.61 554.33 2388.03 9069.49 1.30 47.20 522.15 2388.03 8152.64 8.3738 0.03 393 2388 100.00 38.97 23.4277  
17 139 -0.0000 0.0003 100.0 518.67 642.54 1594.99 1394.70 14.62 21.61 554.99 2388.02 9068.66 1.30 47.43 522.15 2388.03 8150.23 8.4120 0.03 394 2388 100.00 38.89 23.3232  
17 140 -0.0004 0.0003 100.0 518.67 642.12 1593.98 1398.00 14.62 21.61 553.43 2388.05 9077.40 1.30 47.40 522.44 2387.99 8157.77 8.4541 0.03 393 2388 100.00 38.95 23.3649  
17 141 0.0005 -0.0002 100.0 518.67 642.22 1586.76 1402.17 14.62 21.61 554.14 2388.04 9071.91 1.30 47.40 521.90 2388.05 8153.00 8.4158 0.03 391 2388 100.00 38.87 23.4390  
17 142 0.0019 -0.0001 100.0 518.67 642.46 1590.23 1394.96 14.62 21.61 553.32 2388.03 9072.57 1.30 47.25 521.62 2388.06 8147.48 8.4069 0.03 393 2388 100.00 38.83 23.2935  
17 143 0.0014 -0.0001 100.0 518.67 642.54 1586.74 1403.49 14.62 21.61 553.21 2388.02 9069.54 1.30 47.30 522.49 2388.06 8150.58 8.4402 0.03 393 2388 100.00 38.97 23.2889  
17 144 -0.0019 0.0002 100.0 518.67 641.94 1583.07 1407.06 14.62 21.61 553.85 2388.05 9070.90 1.30 47.32 521.82 2388.01 8148.08 8.3894 0.03 393 2388 100.00 39.01 23.3687  
17 145 -0.0019 -0.0003 100.0 518.67 642.30 1584.65 1397.85 14.62 21.61 554.06 2388.02 9073.92 1.30 47.35 522.19 2388.01 8150.40 8.4253 0.03 393 2388 100.00 38.86 23.2876  
17 146 -0.0001 0.0000 100.0 518.67 642.42 1583.59 1405.31 14.62 21.60 553.95 2388.07 9079.65 1.30 47.25 521.64 2388.04 8151.93 8.3745 0.03 394 2388 100.00 38.92 23.4263  
17 147 -0.0032 -0.0002 100.0 518.67 641.61 1590.75 1405.51 14.62 21.61 554.51 2388.00 9071.21 1.30 47.38 521.64 2388.02 8154.24 8.4308 0.03 392 2388 100.00 39.06 23.4109  
17 148 0.0010 0.0001 100.0 518.67 642.86 1588.66 1404.35 14.62 21.61 554.11 2388.03 9076.67 1.30 47.41 521.84 2388.02 8151.04 8.4223 0.03 392 2388 100.00 38.74 23.3243  
17 149 0.0031 -0.0004 100.0 518.67 642.68 1586.63 1399.87 14.62 21.61 553.20 2388.05 9073.04 1.30 47.46 521.84 2388.09 8150.09 8.4206 0.03 392 2388 100.00 39.00 23.3674  
17 150 0.0026 0.0004 100.0 518.67 641.98 1588.37 1400.46 14.62 21.61 553.62 2388.03 9072.61 1.30 47.30 522.08 2387.97 8150.59 8.4148 0.03 393 2388 100.00 38.84 23.3882  
17 151 0.0027 0.0003 100.0 518.67 642.49 1585.53 1401.98 14.62 21.61 554.60 2388.03 9074.79 1.30 47.28 522.41 2388.05 8156.83 8.3896 0.03 393 2388 100.00 38.91 23.3245  
17 152 0.0051 -0.0004 100.0 518.67 642.04 1593.13 1403.46 14.62 21.61 554.36 2388.07 9080.05 1.30 47.24 522.06 2388.02 8154.53 8.4213 0.03 393 2388 100.00 38.99 23.3333  
17 153 0.0024 0.0000 100.0 518.67 642.96 1586.26 1395.23 14.62 21.61 554.25 2388.04 9069.89 1.30 47.37 521.44 2388.00 8155.61 8.4397 0.03 392 2388 100.00 38.89 23.3772  
17 154 0.0005 -0.0002 100.0 518.67 643.00 1580.31 1403.02 14.62 21.61 554.11 2388.07 9073.09 1.30 47.39 521.96 2387.99 8149.91 8.4325 0.03 392 2388 100.00 39.08 23.2863  
17 155 -0.0025 -0.0002 100.0 518.67 642.25 1580.98 1398.62 14.62 21.61 554.07 2388.04 9075.10 1.30 47.32 521.85 2388.05 8151.57 8.4217 0.03 392 2388 100.00 39.01 23.3772  
17 156 0.0015 0.0001 100.0 518.67 642.53 1585.24 1395.35 14.62 21.61 553.74 2388.01 9074.03 1.30 47.39 521.64 2388.04 8148.93 8.4294 0.03 391 2388 100.00 38.96 23.4702  
17 157 0.0011 0.0002 100.0 518.67 642.93 1587.96 1402.50 14.62 21.61 553.89 2388.05 9080.17 1.30 47.41 522.15 2388.06 8152.76 8.4198 0.03 394 2388 100.00 38.92 23.2474  
17 158 -0.0044 -0.0004 100.0 518.67 642.34 1586.11 1408.60 14.62 21.60 554.00 2387.98 9076.64 1.30 47.39 521.94 2388.05 8154.97 8.4323 0.03 392 2388 100.00 39.05 23.3525  
17 159 0.0001 -0.0005 100.0 518.67 642.72 1586.39 1393.73 14.62 21.61 553.71 2388.03 9074.00 1.30 47.42 521.75 2388.05 8153.07 8.4038 0.03 393 2388 100.00 38.80 23.4214  
17 160 -0.0007 0.0002 100.0 518.67 642.58 1589.31 1394.92 14.62 21.61 553.53 2388.09 9071.75 1.30 47.32 521.88 2388.07 8149.46 8.4545 0.03 391 2388 100.00 38.98 23.3392  
17 161 0.0007 0.0001 100.0 518.67 642.70 1595.22 1401.72 14.62 21.61 554.39 2388.02 9078.97 1.30 47.41 521.56 2388.10 8153.47 8.4288 0.03 392 2388 100.00 38.75 23.2923  
17 162 -0.0005 -0.0003 100.0 518.67 641.97 1587.80 1403.67 14.62 21.61 553.61 2387.98 9079.11 1.30 47.29 521.98 2388.07 8157.64 8.3727 0.03 392 2388 100.00 39.00 23.2856  
17 163 -0.0004 0.0002 100.0 518.67 642.07 1593.86 1406.47 14.62 21.61 554.58 2388.03 9080.10 1.30 47.61 522.21 2388.06 8152.79 8.3846 0.03 392 2388 100.00 38.95 23.2523  
17 164 -0.0025 -0.0002 100.0 518.67 642.22 1583.89 1412.84 14.62 21.61 553.92 2388.07 9071.27 1.30 47.08 522.64 2388.02 8155.84 8.3935 0.03 392 2388 100.00 38.98 23.3198  
17 165 -0.0028 -0.0002 100.0 518.67 642.20 1589.27 1400.95 14.62 21.61 554.09 2388.03 9071.14 1.30 47.28 522.01 2388.02 8149.26 8.4005 0.03 394 2388 100.00 38.99 23.3098  
17 166 0.0000 0.0001 100.0 518.67 642.56 1580.45 1395.52 14.62 21.61 554.03 2388.04 9067.88 1.30 47.35 522.05 2388.05 8157.20 8.4073 0.03 393 2388 100.00 38.88 23.2920  
17 167 -0.0006 0.0001 100.0 518.67 642.36 1582.58 1402.52 14.62 21.61 553.89 2388.08 9082.61 1.30 47.20 521.72 2388.04 8147.69 8.4203 0.03 393 2388 100.00 39.01 23.2854  
17 168 -0.0014 0.0000 100.0 518.67 641.98 1591.18 1395.11 14.62 21.61 553.45 2388.04 9071.85 1.30 47.32 522.13 2388.00 8155.99 8.4095 0.03 393 2388 100.00 38.92 23.3429  
17 169 -0.0045 -0.0002 100.0 518.67 642.67 1584.04 1410.30 14.62 21.61 553.68 2388.10 9072.60 1.30 47.33 522.22 2388.06 8163.92 8.4124 0.03 393 2388 100.00 38.89 23.3404  
17 170 0.0003 0.0000 100.0 518.67 642.84 1593.08 1397.90 14.62 21.61 554.39 2388.04 9079.97 1.30 47.49 522.31 2388.03 8158.24 8.4557 0.03 393 2388 100.00 38.91 23.4283  
17 171 0.0037 0.0003 100.0 518.67 642.58 1586.53 1403.43 14.62 21.61 554.59 2387.99 9077.32 1.30 47.39 522.04 2388.07 8153.32 8.4302 0.03 391 2388 100.00 38.88 23.3404  
17 172 -0.0017 -0.0002 100.0 518.67 642.72 1593.31 1402.83 14.62 21.61 554.25 2387.96 9078.52 1.30 47.38 521.90 2388.09 8152.40 8.4294 0.03 393 2388 100.00 38.90 23.4612  
17 173 -0.0030 -0.0003 100.0 518.67 642.84 1584.90 1407.84 14.62 21.61 554.30 2388.02 9072.05 1.30 47.24 521.67 2388.02 8159.56 8.4067 0.03 392 2388 100.00 38.95 23.4445  
17 174 0.0025 -0.0002 100.0 518.67 643.04 1585.99 1397.64 14.62 21.61 552.86 2388.02 9082.32 1.30 47.45 522.10 2388.04 8161.09 8.3911 0.03 392 2388 100.00 38.90 23.2987  
17 175 -0.0003 -0.0003 100.0 518.67 642.45 1594.12 1404.96 14.62 21.61 553.72 2388.06 9076.94 1.30 47.45 521.85 2388.03 8160.41 8.4079 0.03 395 2388 100.00 39.05 23.3794  
17 176 -0.0007 -0.0002 100.0 518.67 642.18 1586.34 1399.89 14.62 21.61 554.48 2388.02 9075.31 1.30 47.46 521.70 2388.10 8152.45 8.4111 0.03 393 2388 100.00 38.86 23.2551  
17 177 -0.0004 0.0002 100.0 518.67 642.36 1585.89 1407.83 14.62 21.61 553.99 2388.10 9078.76 1.30 47.51 521.76 2388.03 8154.89 8.4160 0.03 392 2388 100.00 38.90 23.3162  
17 178 -0.0024 0.0001 100.0 518.67 642.62 1587.15 1403.37 14.62 21.61 553.89 2388.07 9092.23 1.30 47.38 522.07 2388.04 8155.87 8.4340 0.03 392 2388 100.00 38.93 23.2983  
17 179 0.0037 0.0001 100.0 518.67 642.97 1589.44 1401.41 14.62 21.61 553.71 2388.02 9080.14 1.30 47.41 521.51 2388.06 8155.41 8.3721 0.03 392 2388 100.00 38.65 23.3575  
17 180 -0.0007 0.0001 100.0 518.67 642.11 1586.00 1412.60 14.62 21.61 553.84 2388.06 9077.05 1.30 47.43 521.72 2388.02 8155.87 8.4301 0.03 392 2388 100.00 38.93 23.3311  
17 181 -0.0017 0.0004 100.0 518.67 642.46 1583.92 1409.66 14.62 21.61 554.03 2388.02 9074.26 1.30 47.35 521.68 2388.02 8161.25 8.3988 0.03 394 2388 100.00 38.92 23.3106  
17 182 0.0012 0.0000 100.0 518.67 642.63 1588.34 1408.71 14.62 21.61 554.00 2387.98 9088.28 1.30 47.56 522.32 2388.02 8160.32 8.4153 0.03 393 2388 100.00 38.75 23.3561  
17 183 -0.0048 0.0005 100.0 518.67 643.00 1598.21 1405.20 14.62 21.61 553.80 2388.05 9082.16 1.30 47.37 521.77 2388.05 8158.22 8.4170 0.03 392 2388 100.00 39.16 23.3210  
17 184 -0.0012 0.0002 100.0 518.67 642.61 1590.64 1401.65 14.62 21.61 553.35 2388.00 9084.23 1.30 47.29 521.69 2388.02 8161.29 8.4398 0.03 393 2388 100.00 38.92 23.3142  
17 185 0.0005 -0.0004 100.0 518.67 642.56 1590.84 1402.19 14.62 21.61 553.53 2388.06 9093.04 1.30 47.30 521.87 2388.07 8163.66 8.4302 0.03 394 2388 100.00 38.88 23.3731  
17 186 0.0011 -0.0000 100.0 518.67 642.60 1584.49 1397.07 14.62 21.61 553.77 2388.06 9089.98 1.30 47.55 522.21 2388.03 8157.81 8.4466 0.03 393 2388 100.00 39.00 23.3551  
17 187 -0.0030 0.0003 100.0 518.67 642.83 1598.42 1406.55 14.62 21.61 554.23 2388.02 9089.38 1.30 47.49 521.79 2388.05 8155.22 8.3888 0.03 393 2388 100.00 38.73 23.2640  
17 188 0.0005 0.0003 100.0 518.67 642.57 1588.56 1406.95 14.62 21.61 553.33 2387.98 9084.07 1.30 47.37 521.78 2388.05 8163.75 8.4254 0.03 393 2388 100.00 38.89 23.3991  
17 189 -0.0020 -0.0004 100.0 518.67 642.43 1585.39 1401.76 14.62 21.61 553.54 2388.03 9089.36 1.30 47.42 522.02 2388.02 8164.71 8.4385 0.03 396 2388 100.00 38.79 23.2303  
17 190 -0.0033 0.0005 100.0 518.67 642.25 1596.90 1410.80 14.62 21.61 553.86 2388.03 9087.45 1.30 47.27 521.62 2388.02 8161.74 8.4298 0.03 394 2388 100.00 38.76 23.2449  
17 191 -0.0028 -0.0002 100.0 518.67 642.63 1591.59 1400.26 14.62 21.61 554.13 2387.97 9088.66 1.30 47.61 521.17 2388.01 8166.79 8.4122 0.03 393 2388 100.00 39.09 23.3415  
17 192 0.0024 -0.0002 100.0 518.67 642.55 1586.71 1409.87 14.62 21.60 554.54 2388.10 9085.86 1.30 47.53 521.53 2388.08 8167.63 8.4493 0.03 395 2388 100.00 39.06 23.3430  
17 193 0.0003 -0.0004 100.0 518.67 642.46 1596.63 1408.77 14.62 21.61 553.64 2388.06 9086.66 1.30 47.40 521.76 2388.12 8162.15 8.4148 0.03 395 2388 100.00 38.85 23.3076  
17 194 -0.0012 0.0001 100.0 518.67 643.07 1587.51 1410.30 14.62 21.61 552.51 2388.02 9086.64 1.30 47.64 521.80 2388.07 8159.00 8.4261 0.03 392 2388 100.00 39.00 23.2493  
17 195 0.0033 0.0003 100.0 518.67 642.85 1584.21 1405.30 14.62 21.61 554.27 2388.00 9086.46 1.30 47.36 521.97 2388.03 8163.03 8.4251 0.03 395 2388 100.00 38.97 23.3354  
17 196 0.0003 0.0001 100.0 518.67 642.98 1588.67 1404.79 14.62 21.61 553.42 2388.01 9089.52 1.30 47.53 522.16 2387.97 8165.20 8.4634 0.03 395 2388 100.00 38.93 23.3255  
17 197 0.0021 0.0004 100.0 518.67 642.46 1589.80 1411.75 14.62 21.61 553.48 2388.06 9085.79 1.30 47.40 521.85 2388.03 8166.94 8.4321 0.03 393 2388 100.00 38.96 23.3218  
17 198 0.0006 0.0003 100.0 518.67 642.35 1587.84 1407.94 14.62 21.61 554.07 2388.07 9088.23 1.30 47.61 521.77 2388.07 8164.27 8.4606 0.03 392 2388 100.00 38.81 23.3737  
17 199 -0.0039 0.0003 100.0 518.67 642.05 1584.36 1404.10 14.62 21.61 553.94 2388.01 9086.74 1.30 47.46 521.47 2388.09 8161.21 8.4463 0.03 393 2388 100.00 38.90 23.3126  
17 200 0.0018 -0.0001 100.0 518.67 642.49 1583.50 1402.29 14.62 21.61 553.80 2388.09 9093.13 1.30 47.31 521.70 2388.06 8166.26 8.4183 0.03 393 2388 100.00 38.79 23.3859  
17 201 0.0004 -0.0000 100.0 518.67 642.54 1598.26 1406.68 14.62 21.61 553.68 2388.08 9097.70 1.30 47.62 521.21 2388.09 8169.01 8.4463 0.03 393 2388 100.00 38.76 23.3590  
17 202 0.0021 0.0003 100.0 518.67 642.11 1587.10 1404.18 14.62 21.61 553.14 2388.05 9087.20 1.30 47.29 521.24 2388.12 8167.97 8.4543 0.03 393 2388 100.00 38.74 23.2870  
17 203 -0.0019 0.0001 100.0 518.67 642.86 1583.16 1408.23 14.62 21.61 552.97 2388.00 9098.99 1.30 47.59 521.23 2388.06 8172.11 8.4249 0.03 394 2388 100.00 38.72 23.2474  
17 204 0.0031 0.0002 100.0 518.67 642.87 1589.72 1406.92 14.62 21.61 553.47 2388.07 9085.19 1.30 47.57 521.49 2388.07 8168.85 8.4462 0.03 392 2388 100.00 38.99 23.2776  
17 205 -0.0015 0.0001 100.0 518.67 642.53 1591.21 1408.90 14.62 21.61 554.09 2388.00 9093.45 1.30 47.62 521.87 2388.02 8164.89 8.4040 0.03 393 2388 100.00 38.75 23.1035  
17 206 -0.0062 -0.0004 100.0 518.67 642.75 1584.70 1400.90 14.62 21.61 553.84 2388.01 9099.72 1.30 47.59 522.13 2388.04 8168.01 8.4346 0.03 393 2388 100.00 38.95 23.2152  
17 207 0.0043 -0.0004 100.0 518.67 642.67 1586.55 1409.62 14.62 21.61 553.24 2388.05 9090.05 1.30 47.50 521.67 2388.09 8168.73 8.4357 0.03 394 2388 100.00 38.72 23.3270  
17 208 0.0020 0.0003 100.0 518.67 642.20 1589.75 1408.41 14.62 21.61 553.85 2388.03 9090.21 1.30 47.54 521.25 2388.08 8172.60 8.4291 0.03 393 2388 100.00 38.88 23.3964  
17 209 -0.0031 0.0002 100.0 518.67 642.85 1586.79 1399.69 14.62 21.61 553.35 2388.07 9096.93 1.30 47.41 521.12 2388.02 8167.80 8.4429 0.03 392 2388 100.00 38.67 23.2707  
17 210 -0.0014 0.0003 100.0 518.67 642.58 1597.16 1406.89 14.62 21.61 553.39 2388.06 9094.84 1.30 47.43 521.90 2388.03 8173.59 8.4259 0.03 393 2388 100.00 38.61 23.3856  
17 211 -0.0009 -0.0004 100.0 518.67 642.52 1589.79 1412.93 14.62 21.61 554.08 2388.05 9105.01 1.30 47.39 521.32 2388.05 8171.28 8.4380 0.03 393 2388 100.00 38.81 23.3380  
17 212 0.0006 -0.0002 100.0 518.67 642.56 1589.47 1413.36 14.62 21.61 553.56 2388.04 9098.46 1.30 47.60 521.11 2388.04 8173.93 8.4334 0.03 392 2388 100.00 38.68 23.3060  
17 213 -0.0019 0.0005 100.0 518.67 642.47 1587.09 1407.88 14.62 21.61 553.07 2388.03 9092.21 1.30 47.34 521.79 2388.07 8168.48 8.4359 0.03 395 2388 100.00 38.89 23.3755  
17 214 0.0002 -0.0000 100.0 518.67 643.01 1595.01 1414.55 14.62 21.61 553.74 2388.07 9095.88 1.30 47.51 521.34 2388.04 8175.45 8.4108 0.03 393 2388 100.00 38.74 23.1943  
17 215 0.0003 0.0005 100.0 518.67 642.74 1590.37 1410.19 14.62 21.61 553.33 2388.05 9097.75 1.30 47.41 521.55 2388.07 8171.84 8.4348 0.03 393 2388 100.00 38.80 23.1593  
17 216 -0.0023 -0.0001 100.0 518.67 642.73 1592.56 1417.78 14.62 21.61 552.61 2388.10 9102.26 1.30 47.37 521.14 2388.08 8173.32 8.4621 0.03 393 2388 100.00 38.69 23.1804  
17 217 0.0042 0.0001 100.0 518.67 642.81 1591.34 1409.40 14.62 21.61 553.14 2388.08 9110.76 1.30 47.49 521.12 2388.08 8173.79 8.4657 0.03 393 2388 100.00 38.78 23.2216  
17 218 0.0014 0.0005 100.0 518.67 642.69 1593.94 1409.23 14.62 21.61 553.28 2388.11 9095.79 1.30 47.56 521.72 2388.00 8174.14 8.4520 0.03 392 2388 100.00 39.10 23.2116  
17 219 -0.0006 0.0004 100.0 518.67 642.67 1588.20 1409.23 14.62 21.61 553.24 2388.06 9108.83 1.30 47.36 521.73 2388.02 8179.10 8.4623 0.03 394 2388 100.00 38.83 23.2798  
17 220 -0.0010 -0.0004 100.0 518.67 642.43 1593.96 1410.74 14.62 21.61 553.10 2388.06 9101.47 1.30 47.39 521.32 2388.10 8177.87 8.4338 0.03 394 2388 100.00 38.90 23.2437  
17 221 -0.0023 -0.0002 100.0 518.67 642.68 1589.89 1406.92 14.62 21.61 553.29 2388.05 9101.35 1.30 47.69 521.19 2388.05 8179.79 8.4421 0.03 393 2388 100.00 38.76 23.3312  
17 222 -0.0014 0.0003 100.0 518.67 643.30 1600.94 1406.96 14.62 21.61 553.75 2388.07 9103.45 1.30 47.67 521.29 2388.08 8177.60 8.4565 0.03 394 2388 100.00 38.82 23.1434  
17 223 0.0008 0.0002 100.0 518.67 642.79 1585.32 1409.63 14.62 21.61 553.95 2388.05 9102.63 1.30 47.42 521.24 2388.07 8177.14 8.4683 0.03 393 2388 100.00 38.85 23.3197  
17 224 -0.0040 0.0003 100.0 518.67 643.04 1594.78 1410.57 14.62 21.61 553.04 2388.11 9102.49 1.30 47.58 521.56 2388.10 8178.81 8.4641 0.03 395 2388 100.00 38.71 23.1333  
17 225 0.0010 -0.0004 100.0 518.67 643.68 1594.64 1409.17 14.62 21.61 552.61 2388.02 9102.69 1.30 47.58 521.44 2388.07 8185.75 8.4540 0.03 394 2388 100.00 38.76 23.1780  
17 226 -0.0024 0.0001 100.0 518.67 643.19 1587.67 1413.49 14.62 21.61 553.03 2388.10 9110.93 1.30 47.64 520.90 2388.08 8182.49 8.4153 0.03 395 2388 100.00 38.93 23.2297  
17 227 0.0001 0.0001 100.0 518.67 642.66 1591.11 1410.20 14.62 21.61 553.52 2388.07 9106.13 1.30 47.64 520.98 2388.07 8180.42 8.4643 0.03 395 2388 100.00 38.91 23.3120  
17 228 -0.0017 -0.0002 100.0 518.67 643.11 1588.27 1411.02 14.62 21.61 553.32 2388.08 9106.85 1.30 47.49 521.41 2388.03 8186.55 8.4544 0.03 395 2388 100.00 38.81 23.2811  
17 229 -0.0021 0.0004 100.0 518.67 642.91 1591.13 1413.03 14.62 21.61 553.83 2388.08 9101.28 1.30 47.57 521.04 2388.11 8176.37 8.4469 0.03 394 2388 100.00 38.77 23.2396  
17 230 -0.0017 -0.0002 100.0 518.67 643.10 1590.10 1411.74 14.62 21.61 553.68 2388.13 9118.46 1.30 47.53 520.89 2388.08 8185.48 8.4554 0.03 394 2388 100.00 38.79 23.1847  
17 231 0.0016 -0.0000 100.0 518.67 642.78 1597.89 1418.15 14.62 21.61 552.86 2388.07 9113.15 1.30 47.61 520.97 2388.03 8177.50 8.4632 0.03 395 2388 100.00 38.82 23.2340  
17 232 0.0027 0.0004 100.0 518.67 643.10 1591.59 1415.25 14.62 21.61 552.91 2388.08 9111.20 1.30 47.49 521.06 2388.10 8180.43 8.4124 0.03 395 2388 100.00 38.59 23.1387  
17 233 -0.0005 -0.0004 100.0 518.67 643.03 1595.48 1409.53 14.62 21.61 552.87 2388.08 9115.85 1.30 47.65 521.09 2388.03 8182.18 8.4475 0.03 396 2388 100.00 38.80 23.1826  
17 234 -0.0006 0.0001 100.0 518.67 642.82 1590.95 1417.87 14.62 21.61 552.88 2388.09 9113.78 1.30 47.45 521.15 2388.08 8189.65 8.4235 0.03 395 2388 100.00 38.75 23.1886  
17 235 -0.0008 0.0003 100.0 518.67 643.22 1595.63 1407.83 14.62 21.61 552.42 2388.09 9113.73 1.30 47.66 521.34 2388.04 8188.31 8.4754 0.03 395 2388 100.00 38.78 23.2613  
17 236 0.0026 0.0004 100.0 518.67 642.95 1600.40 1417.09 14.62 21.61 553.32 2388.08 9115.00 1.30 47.76 520.70 2388.12 8188.48 8.4505 0.03 394 2388 100.00 38.75 23.1692  
17 237 0.0014 0.0003 100.0 518.67 642.46 1592.09 1408.25 14.62 21.61 552.89 2388.05 9121.11 1.30 47.61 521.00 2388.09 8187.39 8.4465 0.03 395 2388 100.00 38.69 23.2524  
17 238 -0.0027 0.0001 100.0 518.67 643.00 1593.94 1418.85 14.62 21.61 553.18 2388.11 9122.28 1.30 47.67 521.37 2388.11 8190.03 8.4623 0.03 395 2388 100.00 38.68 23.1945  
17 239 -0.0002 -0.0001 100.0 518.67 642.56 1600.14 1422.99 14.62 21.61 552.88 2388.11 9120.69 1.30 47.75 521.23 2388.10 8195.00 8.4775 0.03 395 2388 100.00 38.60 23.2560  
17 240 -0.0009 -0.0004 100.0 518.67 643.17 1597.82 1418.71 14.62 21.61 553.42 2388.02 9117.44 1.30 47.67 520.91 2388.09 8188.03 8.4616 0.03 394 2388 100.00 38.79 23.2331  
17 241 0.0005 0.0001 100.0 518.67 642.96 1595.09 1415.02 14.62 21.61 553.21 2388.15 9124.95 1.30 47.65 521.59 2388.10 8190.96 8.4388 0.03 395 2388 100.00 38.89 23.1517  
17 242 -0.0008 -0.0002 100.0 518.67 643.41 1596.72 1419.30 14.62 21.61 552.89 2388.11 9122.21 1.30 47.66 521.08 2388.08 8194.79 8.4488 0.03 395 2388 100.00 38.66 23.2495  
17 243 -0.0038 0.0003 100.0 518.67 643.47 1595.79 1414.03 14.62 21.61 553.10 2388.07 9120.70 1.30 47.74 520.96 2388.06 8194.29 8.4590 0.03 395 2388 100.00 38.72 23.1161  
17 244 -0.0011 -0.0002 100.0 518.67 643.05 1595.27 1422.37 14.62 21.61 552.84 2388.10 9130.58 1.30 47.65 521.24 2388.09 8191.39 8.4635 0.03 396 2388 100.00 38.74 23.2356  
17 245 -0.0003 -0.0001 100.0 518.67 643.37 1595.23 1411.52 14.62 21.61 553.29 2388.05 9130.57 1.30 47.90 521.01 2388.10 8194.35 8.4702 0.03 392 2388 100.00 38.51 23.1402  
17 246 -0.0022 0.0001 100.0 518.67 642.62 1597.58 1419.60 14.62 21.61 552.84 2388.13 9134.62 1.30 47.66 520.75 2388.14 8194.51 8.4397 0.03 393 2388 100.00 38.74 23.2464  
17 247 0.0010 -0.0003 100.0 518.67 643.13 1597.55 1416.46 14.62 21.61 553.00 2388.11 9132.09 1.30 47.73 521.03 2388.09 8194.09 8.4916 0.03 395 2388 100.00 38.64 23.1700  
17 248 -0.0004 0.0003 100.0 518.67 642.72 1601.33 1412.80 14.62 21.61 553.08 2388.06 9130.51 1.30 47.82 520.56 2388.11 8198.92 8.4594 0.03 395 2388 100.00 38.65 23.1999  
17 249 -0.0060 -0.0003 100.0 518.67 643.05 1586.19 1421.61 14.62 21.61 552.98 2388.09 9128.99 1.30 47.96 521.15 2388.14 8205.17 8.4987 0.03 392 2388 100.00 38.79 23.1289  
17 250 -0.0013 -0.0004 100.0 518.67 643.21 1595.47 1415.21 14.62 21.61 552.59 2388.13 9129.91 1.30 47.69 520.53 2388.14 8199.63 8.4429 0.03 396 2388 100.00 38.72 23.1109  
17 251 -0.0007 0.0001 100.0 518.67 643.13 1592.38 1415.08 14.62 21.61 551.48 2388.16 9135.53 1.30 47.90 521.21 2388.15 8201.06 8.4902 0.03 395 2388 100.00 38.58 23.1594  
17 252 0.0015 -0.0001 100.0 518.67 642.91 1594.24 1414.83 14.62 21.61 552.46 2388.11 9133.97 1.30 47.71 520.57 2388.04 8202.06 8.4695 0.03 394 2388 100.00 38.64 23.1611  
17 253 0.0001 0.0004 100.0 518.67 643.22 1595.99 1418.95 14.62 21.61 552.99 2388.08 9131.17 1.30 47.79 520.90 2388.10 8201.95 8.4669 0.03 396 2388 100.00 38.50 23.1701  
17 254 -0.0000 0.0004 100.0 518.67 643.01 1596.56 1421.67 14.62 21.61 552.55 2388.06 9141.40 1.30 47.78 520.68 2388.11 8205.01 8.4561 0.03 396 2388 100.00 38.49 23.1806  
17 255 0.0010 -0.0000 100.0 518.67 643.06 1593.97 1421.43 14.62 21.61 552.41 2388.09 9136.55 1.30 47.90 520.42 2388.09 8208.51 8.4853 0.03 395 2388 100.00 38.56 23.1941  
17 256 -0.0021 -0.0002 100.0 518.67 643.20 1605.95 1421.93 14.62 21.61 553.17 2388.12 9143.08 1.30 47.88 520.53 2388.12 8208.09 8.5161 0.03 396 2388 100.00 38.52 23.1985  
17 257 0.0012 0.0004 100.0 518.67 644.09 1594.72 1419.53 14.62 21.61 552.62 2388.16 9142.44 1.30 47.85 520.70 2388.07 8206.35 8.4991 0.03 395 2388 100.00 38.47 23.1453  
17 258 0.0017 -0.0000 100.0 518.67 643.68 1602.79 1415.00 14.62 21.61 552.67 2388.10 9143.56 1.30 48.03 520.97 2388.09 8211.55 8.4594 0.03 396 2388 100.00 38.68 23.1426  
17 259 -0.0027 0.0002 100.0 518.67 643.27 1595.62 1428.30 14.62 21.61 552.52 2388.11 9144.67 1.30 47.95 520.84 2388.15 8209.68 8.4921 0.03 395 2388 100.00 38.38 23.1250  
17 260 -0.0012 0.0003 100.0 518.67 643.17 1599.31 1428.94 14.62 21.61 552.38 2388.14 9143.72 1.30 47.89 520.63 2388.16 8214.79 8.5113 0.03 396 2388 100.00 38.59 23.0846  
17 261 0.0031 -0.0004 100.0 518.67 643.87 1596.92 1421.20 14.62 21.61 552.01 2388.07 9144.18 1.30 47.87 520.61 2388.10 8212.81 8.4809 0.03 397 2388 100.00 38.58 22.9783  
17 262 -0.0012 -0.0001 100.0 518.67 643.28 1597.94 1418.06 14.62 21.61 552.13 2388.07 9151.57 1.30 47.95 519.98 2388.10 8214.79 8.4567 0.03 397 2388 100.00 38.42 23.0853  
17 263 0.0006 0.0004 100.0 518.67 643.65 1601.45 1416.22 14.62 21.61 551.81 2388.15 9152.72 1.30 48.16 520.57 2388.16 8215.01 8.4526 0.03 395 2388 100.00 38.59 23.0641  
17 264 -0.0030 -0.0004 100.0 518.67 643.62 1599.98 1427.41 14.62 21.61 552.61 2388.16 9159.03 1.30 47.89 520.74 2388.15 8222.00 8.4746 0.03 396 2388 100.00 38.53 23.1302  
17 265 -0.0001 -0.0004 100.0 518.67 643.64 1593.34 1429.20 14.62 21.61 552.59 2388.13 9162.76 1.30 47.88 520.83 2388.13 8224.72 8.4977 0.03 396 2388 100.00 38.48 23.1248  
17 266 0.0020 0.0002 100.0 518.67 643.81 1601.24 1427.81 14.62 21.61 551.47 2388.17 9162.87 1.30 47.98 520.13 2388.20 8218.51 8.4876 0.03 396 2388 100.00 38.65 23.0748  
17 267 0.0031 0.0004 100.0 518.67 643.51 1608.86 1421.63 14.62 21.61 551.75 2388.10 9151.90 1.30 47.93 520.84 2388.18 8215.02 8.5067 0.03 396 2388 100.00 38.44 23.1876  
17 268 -0.0020 0.0004 100.0 518.67 643.17 1603.62 1430.58 14.62 21.61 550.88 2388.15 9159.69 1.30 47.91 520.16 2388.10 8219.37 8.5400 0.03 396 2388 100.00 38.34 23.0910  
17 269 0.0026 -0.0002 100.0 518.67 643.73 1602.28 1430.87 14.62 21.61 552.20 2388.18 9162.15 1.30 48.14 520.54 2388.21 8226.28 8.4907 0.03 397 2388 100.00 38.49 23.0103  
17 270 0.0017 0.0000 100.0 518.67 643.33 1602.50 1424.06 14.62 21.61 552.19 2388.15 9171.89 1.30 47.93 520.24 2388.08 8227.50 8.5155 0.03 396 2388 100.00 38.44 23.1338  
17 271 0.0025 0.0002 100.0 518.67 643.55 1608.55 1433.02 14.62 21.61 552.18 2388.15 9175.55 1.30 48.09 520.52 2388.15 8228.00 8.4998 0.03 397 2388 100.00 38.44 23.0751  
17 272 -0.0014 0.0002 100.0 518.67 643.13 1605.43 1422.78 14.62 21.61 552.13 2388.17 9167.31 1.30 48.20 520.08 2388.13 8228.60 8.5318 0.03 395 2388 100.00 38.32 23.0667  
17 273 0.0031 0.0004 100.0 518.67 643.71 1602.12 1422.72 14.62 21.61 552.04 2388.14 9177.53 1.30 48.23 520.09 2388.13 8231.94 8.5549 0.03 397 2388 100.00 38.44 23.1137  
17 274 -0.0018 0.0000 100.0 518.67 643.58 1599.44 1420.47 14.62 21.61 551.96 2388.20 9172.47 1.30 48.09 519.77 2388.16 8232.28 8.5197 0.03 397 2388 100.00 38.52 23.0759  
17 275 -0.0003 0.0005 100.0 518.67 644.00 1601.52 1430.48 14.62 21.61 551.40 2388.13 9178.28 1.30 47.97 519.26 2388.15 8229.73 8.5472 0.03 398 2388 100.00 38.52 23.0818  
17 276 -0.0006 -0.0004 100.0 518.67 643.97 1599.82 1432.46 14.62 21.61 551.51 2388.14 9172.75 1.30 48.06 520.22 2388.12 8238.26 8.5171 0.03 397 2388 100.00 38.50 23.0517  
18 1 -0.0016 0.0005 100.0 518.67 642.49 1582.95 1401.60 14.62 21.61 554.59 2387.95 9061.30 1.30 47.19 521.41 2387.99 8142.80 8.3861 0.03 393 2388 100.00 39.06 23.4234  
18 2 -0.0006 0.0004 100.0 518.67 642.21 1589.39 1397.98 14.62 21.61 554.17 2388.01 9060.63 1.30 47.29 522.50 2388.01 8137.05 8.3788 0.03 391 2388 100.00 39.04 23.5772  
18 3 0.0029 0.0002 100.0 518.67 642.40 1590.51 1399.79 14.62 21.61 554.80 2388.04 9068.03 1.30 47.30 521.75 2388.02 8142.88 8.4153 0.03 390 2388 100.00 39.06 23.4450  
18 4 0.0071 -0.0000 100.0 518.67 642.28 1577.34 1393.92 14.62 21.61 553.56 2388.04 9051.60 1.30 47.29 521.63 2388.00 8139.74 8.3789 0.03 391 2388 100.00 39.18 23.3520  
18 5 0.0003 -0.0001 100.0 518.67 641.48 1585.59 1398.89 14.62 21.61 554.49 2388.03 9055.62 1.30 47.22 522.25 2388.04 8145.87 8.3908 0.03 392 2388 100.00 38.80 23.3086  
18 6 0.0011 -0.0002 100.0 518.67 641.86 1579.69 1403.80 14.62 21.61 554.48 2388.03 9055.43 1.30 47.31 522.63 2388.01 8145.33 8.4012 0.03 393 2388 100.00 38.97 23.3929  
18 7 -0.0001 0.0005 100.0 518.67 641.58 1584.09 1389.32 14.62 21.61 554.23 2388.01 9053.68 1.30 47.14 522.27 2388.05 8151.27 8.4312 0.03 392 2388 100.00 38.82 23.5667  
18 8 0.0017 -0.0004 100.0 518.67 642.20 1580.01 1396.59 14.62 21.60 554.63 2388.03 9060.91 1.30 47.26 522.65 2388.01 8139.75 8.3996 0.03 392 2388 100.00 38.96 23.4563  
18 9 0.0044 0.0005 100.0 518.67 641.96 1588.77 1401.73 14.62 21.61 554.35 2388.01 9060.59 1.30 47.19 522.31 2388.01 8138.58 8.4192 0.03 392 2388 100.00 38.98 23.4342  
18 10 -0.0034 0.0002 100.0 518.67 642.23 1584.24 1399.28 14.62 21.61 554.08 2388.01 9062.26 1.30 47.29 521.92 2387.96 8136.89 8.3727 0.03 391 2388 100.00 38.73 23.4260  
18 11 -0.0001 -0.0001 100.0 518.67 642.42 1579.74 1401.23 14.62 21.61 554.04 2388.06 9053.06 1.30 47.37 522.23 2387.98 8146.92 8.4150 0.03 392 2388 100.00 39.05 23.3028  
18 12 0.0005 -0.0003 100.0 518.67 642.28 1583.42 1397.06 14.62 21.61 553.72 2388.03 9063.68 1.30 47.21 522.25 2387.95 8145.60 8.3509 0.03 393 2388 100.00 39.00 23.4172  
18 13 -0.0025 0.0004 100.0 518.67 642.49 1590.54 1399.01 14.62 21.61 554.54 2387.95 9060.16 1.30 47.15 522.16 2388.01 8142.49 8.3868 0.03 391 2388 100.00 38.93 23.3905  
18 14 0.0003 -0.0001 100.0 518.67 641.74 1582.73 1395.77 14.62 21.61 554.42 2388.03 9056.56 1.30 47.24 522.19 2388.03 8141.01 8.4477 0.03 392 2388 100.00 39.18 23.4389  
18 15 -0.0021 -0.0004 100.0 518.67 642.25 1579.36 1393.54 14.62 21.61 554.83 2387.96 9058.21 1.30 47.18 521.83 2388.02 8148.24 8.3826 0.03 392 2388 100.00 39.08 23.4616  
18 16 0.0003 0.0002 100.0 518.67 641.90 1581.77 1402.19 14.62 21.61 554.45 2388.02 9061.22 1.30 47.38 522.01 2388.04 8138.28 8.4036 0.03 392 2388 100.00 39.04 23.3818  
18 17 -0.0034 -0.0002 100.0 518.67 641.87 1578.41 1405.99 14.62 21.61 554.00 2387.98 9064.13 1.30 47.30 522.51 2388.00 8142.71 8.3841 0.03 391 2388 100.00 39.12 23.4297  
18 18 -0.0005 0.0005 100.0 518.67 642.14 1583.75 1397.20 14.62 21.61 554.01 2387.96 9063.58 1.30 47.26 522.31 2387.99 8144.62 8.3987 0.03 392 2388 100.00 38.77 23.3747  
18 19 0.0003 -0.0004 100.0 518.67 641.89 1579.43 1394.13 14.62 21.61 555.27 2388.00 9060.08 1.30 47.30 522.19 2388.02 8139.11 8.4198 0.03 392 2388 100.00 39.18 23.3372  
18 20 0.0027 -0.0001 100.0 518.67 642.12 1587.86 1400.58 14.62 21.61 554.46 2388.07 9062.96 1.30 47.20 521.79 2388.01 8137.33 8.4425 0.03 392 2388 100.00 38.99 23.2882  
18 21 0.0024 -0.0002 100.0 518.67 642.08 1580.09 1400.02 14.62 21.61 554.87 2387.98 9061.76 1.30 47.17 522.17 2388.06 8143.89 8.3911 0.03 392 2388 100.00 39.14 23.4370  
18 22 0.0022 0.0004 100.0 518.67 641.98 1586.02 1398.50 14.62 21.61 554.14 2387.98 9054.75 1.30 47.25 522.53 2388.03 8137.53 8.3932 0.03 392 2388 100.00 39.23 23.3562  
18 23 0.0022 -0.0000 100.0 518.67 642.73 1583.22 1405.06 14.62 21.61 554.78 2388.01 9062.06 1.30 47.20 522.26 2388.01 8151.99 8.4113 0.03 394 2388 100.00 38.96 23.4336  
18 24 0.0013 0.0005 100.0 518.67 642.08 1580.53 1397.51 14.62 21.61 554.78 2388.04 9058.98 1.30 47.28 522.47 2388.07 8144.71 8.3805 0.03 392 2388 100.00 39.00 23.4425  
18 25 0.0000 0.0003 100.0 518.67 642.23 1589.57 1398.44 14.62 21.61 554.62 2388.05 9054.33 1.30 47.16 522.50 2388.03 8145.67 8.3688 0.03 392 2388 100.00 39.14 23.3008  
18 26 0.0015 0.0002 100.0 518.67 642.57 1585.89 1394.98 14.62 21.61 555.00 2387.99 9054.42 1.30 47.23 522.54 2388.05 8140.78 8.3995 0.03 392 2388 100.00 39.07 23.4793  
18 27 0.0036 -0.0004 100.0 518.67 642.25 1594.33 1400.33 14.62 21.61 554.76 2388.07 9066.59 1.30 47.13 521.93 2388.00 8141.69 8.3913 0.03 392 2388 100.00 38.99 23.3715  
18 28 -0.0007 0.0003 100.0 518.67 642.16 1580.08 1399.53 14.62 21.61 554.54 2388.02 9057.50 1.30 47.21 522.04 2387.96 8144.22 8.3794 0.03 390 2388 100.00 38.83 23.4025  
18 29 -0.0018 -0.0003 100.0 518.67 642.41 1585.02 1394.96 14.62 21.61 554.63 2388.06 9058.31 1.30 47.16 522.43 2387.97 8140.65 8.3925 0.03 392 2388 100.00 38.87 23.3274  
18 30 0.0014 -0.0001 100.0 518.67 642.00 1588.57 1395.56 14.62 21.61 554.90 2388.04 9056.76 1.30 47.20 522.37 2388.01 8139.62 8.3905 0.03 392 2388 100.00 39.18 23.3546  
18 31 0.0004 -0.0001 100.0 518.67 642.10 1592.26 1404.10 14.62 21.61 554.16 2387.99 9052.97 1.30 47.17 522.32 2388.03 8140.64 8.4052 0.03 391 2388 100.00 39.10 23.4109  
18 32 0.0035 -0.0002 100.0 518.67 641.98 1580.23 1394.26 14.62 21.61 554.44 2388.04 9059.76 1.30 47.18 522.64 2388.00 8140.52 8.4090 0.03 392 2388 100.00 39.00 23.4597  
18 33 0.0002 -0.0001 100.0 518.67 642.31 1580.60 1401.18 14.62 21.61 554.88 2388.01 9055.06 1.30 47.30 522.68 2388.03 8144.26 8.3906 0.03 391 2388 100.00 39.02 23.3475  
18 34 0.0001 0.0004 100.0 518.67 642.33 1583.00 1399.97 14.62 21.61 554.43 2388.00 9060.25 1.30 47.05 521.79 2388.02 8146.61 8.3703 0.03 392 2388 100.00 39.11 23.3317  
18 35 -0.0020 0.0004 100.0 518.67 642.47 1584.89 1394.36 14.62 21.61 554.48 2387.99 9060.66 1.30 47.18 522.44 2387.98 8147.20 8.4074 0.03 391 2388 100.00 38.84 23.3980  
18 36 0.0004 0.0005 100.0 518.67 642.06 1590.71 1399.61 14.62 21.61 553.99 2387.98 9065.70 1.30 47.23 522.56 2388.01 8140.15 8.4054 0.03 393 2388 100.00 39.09 23.2457  
18 37 -0.0033 0.0005 100.0 518.67 642.28 1587.03 1392.82 14.62 21.61 554.76 2388.01 9058.88 1.30 47.29 522.06 2388.03 8143.42 8.4062 0.03 392 2388 100.00 38.94 23.4860  
18 38 -0.0006 -0.0004 100.0 518.67 642.40 1584.49 1407.50 14.62 21.60 554.47 2388.08 9055.89 1.30 47.17 522.46 2388.00 8145.20 8.3683 0.03 390 2388 100.00 39.13 23.4201  
18 39 0.0009 -0.0002 100.0 518.67 642.73 1586.56 1404.80 14.62 21.61 554.24 2388.03 9068.33 1.30 47.36 521.72 2388.03 8140.06 8.4010 0.03 391 2388 100.00 39.13 23.4609  
18 40 -0.0007 0.0003 100.0 518.67 642.39 1586.54 1402.17 14.62 21.61 554.34 2388.04 9052.82 1.30 47.24 522.56 2387.98 8145.60 8.4039 0.03 392 2388 100.00 39.04 23.5294  
18 41 -0.0006 -0.0003 100.0 518.67 642.56 1582.41 1403.69 14.62 21.61 553.68 2388.01 9057.96 1.30 47.36 522.55 2388.06 8144.18 8.3846 0.03 392 2388 100.00 39.04 23.3992  
18 42 0.0033 -0.0005 100.0 518.67 642.02 1580.17 1391.59 14.62 21.61 554.32 2388.02 9061.08 1.30 47.29 522.36 2388.09 8144.16 8.3874 0.03 392 2388 100.00 39.13 23.4594  
18 43 -0.0016 0.0002 100.0 518.67 641.34 1584.50 1396.26 14.62 21.61 553.72 2388.03 9055.69 1.30 47.02 522.43 2388.08 8139.60 8.4054 0.03 393 2388 100.00 39.09 23.3709  
18 44 0.0008 0.0004 100.0 518.67 642.36 1589.34 1399.81 14.62 21.61 554.45 2388.01 9058.83 1.30 47.32 523.20 2387.99 8141.04 8.4213 0.03 394 2388 100.00 38.95 23.3803  
18 45 0.0017 -0.0003 100.0 518.67 642.12 1581.15 1397.54 14.62 21.61 554.12 2388.07 9060.09 1.30 47.26 522.77 2388.00 8142.67 8.4157 0.03 394 2388 100.00 38.96 23.3931  
18 46 0.0027 0.0001 100.0 518.67 642.28 1582.73 1404.38 14.62 21.61 554.60 2388.00 9065.97 1.30 47.38 522.16 2388.01 8138.26 8.4102 0.03 392 2388 100.00 39.03 23.4673  
18 47 0.0017 0.0001 100.0 518.67 642.38 1586.87 1395.33 14.62 21.61 553.60 2388.06 9059.82 1.30 47.32 522.54 2387.96 8142.39 8.4264 0.03 392 2388 100.00 39.02 23.4860  
18 48 0.0009 0.0001 100.0 518.67 642.44 1587.51 1406.53 14.62 21.61 554.48 2388.06 9063.21 1.30 47.08 522.56 2388.00 8145.27 8.3754 0.03 393 2388 100.00 39.01 23.3508  
18 49 0.0023 -0.0002 100.0 518.67 642.13 1582.46 1406.51 14.62 21.61 554.26 2388.01 9052.81 1.30 47.09 522.01 2388.02 8142.02 8.4200 0.03 392 2388 100.00 38.95 23.4727  
18 50 0.0006 0.0000 100.0 518.67 642.01 1586.29 1389.54 14.62 21.61 554.24 2387.97 9062.96 1.30 47.15 522.14 2388.00 8145.02 8.3921 0.03 392 2388 100.00 39.12 23.4438  
18 51 0.0017 -0.0000 100.0 518.67 642.62 1579.97 1394.35 14.62 21.61 554.70 2388.02 9061.00 1.30 47.21 522.25 2388.00 8143.79 8.4246 0.03 392 2388 100.00 38.98 23.4403  
18 52 -0.0006 -0.0002 100.0 518.67 641.76 1585.96 1395.27 14.62 21.61 554.05 2388.01 9051.44 1.30 47.22 522.25 2387.93 8146.10 8.4201 0.03 391 2388 100.00 38.95 23.4214  
18 53 0.0000 0.0001 100.0 518.67 642.21 1584.77 1397.47 14.62 21.61 553.82 2388.00 9066.81 1.30 47.36 522.72 2388.03 8141.10 8.4039 0.03 391 2388 100.00 39.06 23.4062  
18 54 -0.0024 0.0005 100.0 518.67 642.22 1585.77 1395.13 14.62 21.61 554.60 2388.01 9055.78 1.30 47.29 521.85 2388.04 8143.16 8.3783 0.03 391 2388 100.00 38.94 23.4104  
18 55 0.0001 0.0003 100.0 518.67 642.29 1576.47 1397.52 14.62 21.61 554.18 2388.12 9066.42 1.30 47.23 522.28 2388.05 8146.94 8.3870 0.03 392 2388 100.00 38.95 23.3158  
18 56 -0.0003 -0.0001 100.0 518.67 642.01 1581.79 1400.68 14.62 21.61 554.38 2388.01 9056.36 1.30 47.15 522.05 2388.02 8144.91 8.3600 0.03 392 2388 100.00 39.12 23.3274  
18 57 -0.0033 0.0003 100.0 518.67 642.32 1583.13 1402.57 14.62 21.61 554.41 2387.97 9065.29 1.30 47.33 522.37 2387.99 8140.55 8.3994 0.03 393 2388 100.00 39.06 23.3882  
18 58 -0.0041 -0.0001 100.0 518.67 641.86 1584.65 1398.06 14.62 21.61 553.89 2388.04 9055.44 1.30 47.28 522.52 2388.01 8141.41 8.4098 0.03 390 2388 100.00 38.98 23.3903  
18 59 0.0032 -0.0002 100.0 518.67 641.95 1583.05 1399.84 14.62 21.61 554.36 2388.07 9063.78 1.30 47.32 522.41 2387.98 8146.99 8.4420 0.03 391 2388 100.00 38.98 23.4238  
18 60 -0.0029 -0.0002 100.0 518.67 642.70 1584.03 1394.72 14.62 21.61 554.70 2387.96 9069.12 1.30 47.25 522.28 2388.02 8146.88 8.4094 0.03 393 2388 100.00 38.92 23.3480  
18 61 0.0002 -0.0003 100.0 518.67 641.99 1592.63 1403.36 14.62 21.61 554.64 2387.99 9066.86 1.30 47.32 522.03 2387.99 8138.71 8.4013 0.03 392 2388 100.00 39.03 23.3724  
18 62 0.0011 -0.0000 100.0 518.67 642.52 1584.72 1396.77 14.62 21.61 554.17 2388.03 9063.60 1.30 47.14 521.77 2387.98 8144.58 8.3968 0.03 390 2388 100.00 38.93 23.3002  
18 63 -0.0024 -0.0003 100.0 518.67 641.91 1581.59 1397.66 14.62 21.61 553.58 2388.04 9062.67 1.30 47.34 522.27 2388.06 8144.19 8.3693 0.03 392 2388 100.00 39.16 23.5160  
18 64 0.0041 -0.0001 100.0 518.67 642.20 1588.24 1406.35 14.62 21.61 554.35 2387.98 9061.77 1.30 47.19 522.04 2388.00 8143.95 8.3938 0.03 393 2388 100.00 39.00 23.3359  
18 65 -0.0006 0.0003 100.0 518.67 641.92 1592.11 1400.88 14.62 21.61 554.17 2388.05 9058.98 1.30 47.21 522.08 2387.98 8142.42 8.3843 0.03 393 2388 100.00 38.91 23.4608  
18 66 0.0014 0.0001 100.0 518.67 641.96 1586.68 1399.45 14.62 21.61 554.28 2387.99 9059.04 1.30 47.25 522.12 2388.03 8144.55 8.4302 0.03 392 2388 100.00 39.13 23.3676  
18 67 0.0029 -0.0004 100.0 518.67 642.16 1588.45 1401.89 14.62 21.61 553.96 2387.99 9063.93 1.30 47.12 521.90 2388.07 8151.83 8.4307 0.03 391 2388 100.00 38.97 23.3735  
18 68 -0.0053 -0.0004 100.0 518.67 642.05 1589.56 1400.97 14.62 21.61 554.17 2387.98 9064.48 1.30 47.37 522.23 2388.00 8143.85 8.4359 0.03 392 2388 100.00 39.01 23.4621  
18 69 0.0001 -0.0002 100.0 518.67 641.91 1581.06 1400.12 14.62 21.61 554.35 2388.03 9062.00 1.30 47.12 522.38 2388.04 8144.66 8.4231 0.03 391 2388 100.00 38.91 23.4357  
18 70 -0.0008 0.0004 100.0 518.67 641.90 1588.15 1403.54 14.62 21.61 554.31 2388.02 9071.02 1.30 47.07 521.73 2388.02 8144.13 8.3974 0.03 392 2388 100.00 38.76 23.3067  
18 71 -0.0032 -0.0003 100.0 518.67 642.10 1584.70 1400.82 14.62 21.61 553.87 2388.06 9067.44 1.30 47.16 522.34 2387.99 8142.78 8.3866 0.03 392 2388 100.00 38.96 23.3137  
18 72 -0.0015 -0.0000 100.0 518.67 642.24 1584.34 1391.78 14.62 21.61 554.78 2388.00 9061.30 1.30 47.15 522.43 2387.96 8147.88 8.4192 0.03 391 2388 100.00 39.22 23.4116  
18 73 0.0007 0.0000 100.0 518.67 641.97 1577.00 1391.66 14.62 21.61 554.74 2387.98 9059.19 1.30 47.35 521.82 2387.96 8143.60 8.3926 0.03 391 2388 100.00 39.09 23.4302  
18 74 -0.0033 0.0001 100.0 518.67 642.10 1584.06 1395.07 14.62 21.61 554.56 2388.03 9066.50 1.30 47.24 522.17 2388.03 8147.08 8.3808 0.03 392 2388 100.00 39.05 23.3216  
18 75 0.0003 0.0004 100.0 518.67 642.43 1576.32 1398.36 14.62 21.61 553.26 2388.05 9065.06 1.30 47.25 522.26 2388.02 8145.77 8.3971 0.03 392 2388 100.00 39.13 23.3983  
18 76 -0.0014 0.0000 100.0 518.67 641.89 1586.03 1397.41 14.62 21.61 554.11 2388.02 9066.66 1.30 47.29 521.88 2388.03 8150.18 8.3630 0.03 393 2388 100.00 38.89 23.2577  
18 77 0.0019 -0.0002 100.0 518.67 642.50 1583.75 1393.92 14.62 21.61 554.86 2387.99 9062.99 1.30 47.19 522.18 2388.01 8143.06 8.3599 0.03 392 2388 100.00 39.00 23.3231  
18 78 0.0001 -0.0005 100.0 518.67 642.12 1584.60 1400.50 14.62 21.61 553.98 2388.06 9062.32 1.30 47.23 522.25 2388.06 8143.12 8.3759 0.03 392 2388 100.00 39.01 23.3331  
18 79 0.0016 0.0002 100.0 518.67 642.17 1579.53 1399.94 14.62 21.61 554.66 2388.01 9069.09 1.30 47.36 522.02 2387.99 8147.75 8.3849 0.03 391 2388 100.00 39.13 23.3346  
18 80 0.0020 -0.0003 100.0 518.67 642.66 1593.04 1410.90 14.62 21.61 554.17 2388.05 9064.61 1.30 47.17 522.16 2388.01 8150.26 8.4060 0.03 392 2388 100.00 38.85 23.3668  
18 81 -0.0021 -0.0002 100.0 518.67 642.67 1582.84 1402.79 14.62 21.61 554.76 2388.07 9067.70 1.30 47.26 522.29 2388.01 8146.04 8.4095 0.03 391 2388 100.00 39.08 23.3978  
18 82 -0.0035 0.0005 100.0 518.67 642.07 1587.74 1399.22 14.62 21.61 553.91 2388.05 9066.58 1.30 47.09 521.69 2388.01 8150.88 8.4407 0.03 393 2388 100.00 39.03 23.2390  
18 83 -0.0009 0.0005 100.0 518.67 642.34 1592.64 1403.44 14.62 21.61 553.76 2388.00 9061.51 1.30 47.24 522.01 2388.03 8141.79 8.4416 0.03 393 2388 100.00 39.13 23.3372  
18 84 0.0015 -0.0004 100.0 518.67 642.09 1589.33 1397.41 14.62 21.61 554.04 2388.01 9059.15 1.30 47.09 522.14 2388.05 8150.99 8.4015 0.03 392 2388 100.00 38.95 23.4021  
18 85 -0.0049 -0.0002 100.0 518.67 642.09 1583.27 1401.56 14.62 21.61 553.94 2388.00 9070.16 1.30 47.30 522.37 2388.02 8151.00 8.4391 0.03 392 2388 100.00 38.78 23.3582  
18 86 0.0018 -0.0000 100.0 518.67 642.25 1591.30 1403.07 14.62 21.61 553.97 2388.00 9074.50 1.30 47.29 522.58 2388.00 8151.66 8.3878 0.03 392 2388 100.00 39.13 23.4095  
18 87 0.0014 0.0002 100.0 518.67 642.06 1582.49 1394.99 14.62 21.61 554.53 2388.00 9067.85 1.30 47.29 521.75 2388.04 8150.24 8.3919 0.03 391 2388 100.00 38.86 23.4634  
18 88 -0.0004 0.0000 100.0 518.67 641.84 1589.77 1401.22 14.62 21.61 554.32 2388.04 9066.53 1.30 47.15 522.07 2388.05 8149.67 8.4509 0.03 393 2388 100.00 39.04 23.3098  
18 89 -0.0032 -0.0001 100.0 518.67 642.38 1588.14 1400.59 14.62 21.61 553.94 2388.02 9073.43 1.30 47.12 521.81 2388.05 8145.37 8.4391 0.03 391 2388 100.00 39.04 23.4089  
18 90 -0.0008 0.0003 100.0 518.67 642.74 1586.97 1392.63 14.62 21.61 554.97 2388.03 9070.39 1.30 47.30 522.07 2388.06 8149.48 8.4299 0.03 393 2388 100.00 38.66 23.3423  
18 91 0.0040 -0.0000 100.0 518.67 642.48 1592.27 1400.36 14.62 21.61 554.23 2388.01 9062.35 1.30 47.30 522.02 2388.04 8147.01 8.3815 0.03 392 2388 100.00 38.99 23.4079  
18 92 0.0001 0.0005 100.0 518.67 642.55 1591.31 1401.38 14.62 21.61 553.38 2388.02 9071.41 1.30 47.34 522.51 2388.03 8147.31 8.4036 0.03 392 2388 100.00 38.98 23.4669  
18 93 -0.0002 0.0003 100.0 518.67 642.67 1584.95 1398.80 14.62 21.61 554.55 2388.04 9067.18 1.30 47.46 522.39 2388.05 8147.34 8.3889 0.03 393 2388 100.00 39.01 23.3003  
18 94 -0.0001 0.0004 100.0 518.67 641.73 1582.79 1393.97 14.62 21.61 554.63 2388.03 9054.87 1.30 47.21 522.12 2388.01 8148.90 8.3987 0.03 392 2388 100.00 38.92 23.4619  
18 95 -0.0010 0.0002 100.0 518.67 642.19 1580.10 1398.09 14.62 21.61 554.80 2387.98 9067.82 1.30 47.20 522.24 2387.99 8147.89 8.4083 0.03 392 2388 100.00 38.88 23.3255  
18 96 0.0007 0.0003 100.0 518.67 642.00 1587.19 1399.31 14.62 21.61 554.60 2388.02 9073.08 1.30 47.26 522.60 2387.99 8149.80 8.3757 0.03 392 2388 100.00 38.89 23.3862  
18 97 0.0003 -0.0001 100.0 518.67 642.18 1579.99 1400.55 14.62 21.61 554.65 2388.04 9075.47 1.30 47.25 522.25 2388.07 8150.02 8.3938 0.03 393 2388 100.00 39.06 23.3256  
18 98 0.0002 0.0005 100.0 518.67 642.54 1588.03 1399.20 14.62 21.61 554.23 2387.99 9066.57 1.30 47.32 521.76 2388.03 8150.84 8.4182 0.03 393 2388 100.00 39.06 23.3368  
18 99 0.0022 0.0001 100.0 518.67 642.51 1588.50 1400.65 14.62 21.61 553.98 2387.98 9071.09 1.30 47.28 522.54 2388.05 8150.79 8.4058 0.03 390 2388 100.00 39.03 23.3504  
18 100 -0.0002 0.0003 100.0 518.67 642.44 1585.30 1410.56 14.62 21.61 554.24 2388.01 9071.04 1.30 47.18 521.75 2388.03 8148.05 8.4235 0.03 394 2388 100.00 39.00 23.3536  
18 101 -0.0000 -0.0001 100.0 518.67 642.23 1591.29 1401.78 14.62 21.61 553.73 2388.06 9072.74 1.30 47.53 521.71 2388.00 8150.37 8.4380 0.03 392 2388 100.00 38.82 23.3480  
18 102 -0.0011 0.0004 100.0 518.67 641.74 1584.86 1399.41 14.62 21.61 554.16 2388.10 9074.80 1.30 47.16 522.17 2388.01 8151.84 8.4421 0.03 393 2388 100.00 39.00 23.3604  
18 103 -0.0009 -0.0003 100.0 518.67 642.59 1590.76 1395.61 14.62 21.61 553.59 2388.01 9076.23 1.30 47.39 521.69 2388.00 8153.20 8.4326 0.03 392 2388 100.00 38.87 23.5415  
18 104 0.0011 0.0001 100.0 518.67 642.15 1582.62 1398.49 14.62 21.61 554.37 2388.04 9075.65 1.30 47.40 521.90 2388.04 8153.73 8.4134 0.03 391 2388 100.00 38.86 23.2726  
18 105 -0.0028 0.0001 100.0 518.67 641.84 1589.47 1401.67 14.62 21.61 554.01 2387.98 9070.15 1.30 47.34 521.43 2388.00 8152.02 8.4446 0.03 392 2388 100.00 38.89 23.5060  
18 106 0.0010 -0.0001 100.0 518.67 642.35 1591.63 1399.96 14.62 21.61 553.69 2387.99 9075.77 1.30 47.29 522.03 2388.03 8148.38 8.4204 0.03 393 2388 100.00 38.88 23.3657  
18 107 0.0001 -0.0002 100.0 518.67 642.79 1591.51 1410.85 14.62 21.61 553.44 2388.03 9076.21 1.30 47.27 522.00 2388.03 8149.43 8.4153 0.03 392 2388 100.00 39.22 23.4117  
18 108 -0.0033 -0.0002 100.0 518.67 642.49 1590.90 1409.16 14.62 21.61 553.74 2388.03 9068.56 1.30 47.24 521.83 2388.01 8152.59 8.4134 0.03 394 2388 100.00 39.06 23.2886  
18 109 0.0019 -0.0001 100.0 518.67 642.27 1590.55 1392.80 14.62 21.61 554.23 2387.95 9077.08 1.30 47.27 522.48 2387.94 8154.50 8.4141 0.03 392 2388 100.00 39.09 23.4017  
18 110 -0.0011 0.0004 100.0 518.67 642.55 1586.44 1405.16 14.62 21.61 553.14 2387.98 9068.96 1.30 47.37 522.09 2388.02 8159.23 8.4556 0.03 393 2388 100.00 38.96 23.3786  
18 111 -0.0002 -0.0003 100.0 518.67 642.53 1582.44 1401.75 14.62 21.61 553.44 2388.05 9077.40 1.30 47.28 522.57 2388.03 8151.32 8.3795 0.03 391 2388 100.00 38.76 23.3086  
18 112 0.0005 -0.0000 100.0 518.67 642.34 1579.35 1404.30 14.62 21.61 554.25 2388.06 9076.84 1.30 47.34 521.88 2388.03 8149.43 8.3810 0.03 391 2388 100.00 38.92 23.3279  
18 113 0.0008 -0.0003 100.0 518.67 642.69 1587.61 1403.82 14.62 21.61 554.02 2388.04 9079.85 1.30 47.34 522.39 2388.06 8153.27 8.4331 0.03 392 2388 100.00 39.01 23.3641  
18 114 0.0021 -0.0002 100.0 518.67 642.23 1587.46 1404.07 14.62 21.61 553.42 2388.02 9073.91 1.30 47.34 521.86 2388.01 8157.48 8.4375 0.03 392 2388 100.00 38.94 23.4542  
18 115 0.0004 0.0004 100.0 518.67 641.71 1591.35 1406.50 14.62 21.61 554.13 2388.04 9078.32 1.30 47.44 522.02 2388.05 8152.87 8.4052 0.03 392 2388 100.00 38.99 23.2573  
18 116 -0.0001 0.0002 100.0 518.67 642.19 1583.87 1410.57 14.62 21.61 553.62 2387.94 9074.96 1.30 47.25 521.71 2388.03 8154.75 8.4440 0.03 391 2388 100.00 38.90 23.3951  
18 117 -0.0022 0.0004 100.0 518.67 642.06 1583.79 1404.78 14.62 21.61 553.90 2387.99 9080.08 1.30 47.23 522.31 2388.04 8159.92 8.4498 0.03 392 2388 100.00 38.99 23.3608  
18 118 -0.0005 0.0004 100.0 518.67 642.43 1589.58 1397.30 14.62 21.61 554.27 2388.02 9083.68 1.30 47.46 521.13 2388.02 8154.70 8.4467 0.03 391 2388 100.00 38.93 23.3890  
18 119 0.0029 -0.0002 100.0 518.67 641.90 1592.46 1404.23 14.62 21.61 554.56 2388.05 9076.60 1.30 47.40 522.04 2387.97 8153.04 8.4354 0.03 392 2388 100.00 38.86 23.4318  
18 120 -0.0013 0.0003 100.0 518.67 642.21 1592.07 1405.99 14.62 21.61 554.22 2387.98 9070.94 1.30 47.22 522.23 2387.98 8151.87 8.4292 0.03 393 2388 100.00 39.03 23.3621  
18 121 0.0005 0.0003 100.0 518.67 642.52 1586.50 1399.33 14.62 21.60 554.09 2388.04 9086.72 1.30 47.36 521.65 2388.00 8162.33 8.4074 0.03 391 2388 100.00 38.89 23.3686  
18 122 0.0003 -0.0001 100.0 518.67 642.86 1587.74 1400.36 14.62 21.61 553.72 2388.01 9081.22 1.30 47.11 521.92 2388.02 8158.84 8.4184 0.03 394 2388 100.00 39.06 23.4212  
18 123 -0.0019 -0.0002 100.0 518.67 642.57 1582.27 1394.88 14.62 21.61 554.33 2388.02 9079.59 1.30 47.37 522.52 2388.00 8156.98 8.4051 0.03 391 2388 100.00 38.92 23.3722  
18 124 0.0008 -0.0002 100.0 518.67 642.21 1593.40 1400.11 14.62 21.61 554.02 2388.07 9079.07 1.30 47.30 521.88 2388.06 8160.46 8.3898 0.03 392 2388 100.00 39.10 23.3311  
18 125 0.0001 -0.0002 100.0 518.67 642.00 1588.58 1398.29 14.62 21.61 554.20 2388.00 9076.47 1.30 47.24 521.79 2388.03 8159.29 8.3991 0.03 393 2388 100.00 38.87 23.4273  
18 126 -0.0008 0.0003 100.0 518.67 642.37 1590.08 1396.30 14.62 21.61 554.87 2388.04 9092.30 1.30 47.37 522.07 2388.09 8155.81 8.4042 0.03 392 2388 100.00 38.99 23.3313  
18 127 0.0039 -0.0004 100.0 518.67 642.12 1589.53 1407.98 14.62 21.61 554.75 2388.02 9080.88 1.30 47.57 521.78 2388.00 8161.59 8.4641 0.03 393 2388 100.00 38.96 23.2870  
18 128 -0.0011 -0.0001 100.0 518.67 642.14 1591.40 1397.89 14.62 21.60 554.52 2388.01 9087.00 1.30 47.35 521.88 2388.04 8157.94 8.4255 0.03 392 2388 100.00 38.67 23.3941  
18 129 -0.0005 0.0005 100.0 518.67 642.37 1593.56 1406.09 14.62 21.61 553.52 2388.01 9089.55 1.30 47.42 521.94 2388.07 8158.25 8.4045 0.03 391 2388 100.00 38.93 23.2507  
18 130 0.0018 0.0002 100.0 518.67 642.77 1594.14 1398.72 14.62 21.61 553.87 2388.03 9085.89 1.30 47.34 522.32 2388.04 8163.91 8.4203 0.03 393 2388 100.00 38.90 23.3142  
18 131 0.0001 0.0003 100.0 518.67 643.09 1591.11 1410.53 14.62 21.61 553.25 2388.02 9085.29 1.30 47.26 521.97 2387.96 8158.89 8.4357 0.03 393 2388 100.00 38.92 23.2572  
18 132 0.0033 0.0005 100.0 518.67 642.82 1588.54 1399.38 14.62 21.61 554.37 2388.00 9086.05 1.30 47.43 521.45 2388.00 8158.05 8.4232 0.03 393 2388 100.00 38.76 23.3160  
18 133 0.0030 -0.0002 100.0 518.67 642.66 1588.81 1405.97 14.62 21.61 553.88 2388.00 9089.27 1.30 47.22 522.10 2388.06 8167.50 8.4674 0.03 392 2388 100.00 38.79 23.3347  
18 134 -0.0000 0.0005 100.0 518.67 642.60 1582.54 1403.88 14.62 21.61 553.83 2388.03 9075.85 1.30 47.44 522.06 2387.99 8168.97 8.4524 0.03 393 2388 100.00 38.83 23.3867  
18 135 -0.0013 -0.0001 100.0 518.67 642.54 1585.67 1405.34 14.62 21.61 553.81 2388.06 9092.27 1.30 47.41 521.66 2388.05 8164.45 8.4401 0.03 392 2388 100.00 38.91 23.3456  
18 136 -0.0028 0.0002 100.0 518.67 642.32 1587.62 1403.88 14.62 21.61 553.71 2388.07 9089.94 1.30 47.49 522.33 2388.02 8172.35 8.4293 0.03 395 2388 100.00 38.95 23.3646  
18 137 0.0028 0.0000 100.0 518.67 642.74 1594.35 1400.15 14.62 21.61 553.68 2388.02 9087.47 1.30 47.54 522.04 2388.06 8164.93 8.4317 0.03 393 2388 100.00 38.89 23.3933  
18 138 0.0021 -0.0000 100.0 518.67 642.59 1588.95 1409.01 14.62 21.61 553.55 2388.01 9088.94 1.30 47.20 522.07 2387.99 8164.69 8.4681 0.03 394 2388 100.00 38.93 23.2783  
18 139 -0.0006 0.0002 100.0 518.67 642.44 1591.67 1397.75 14.62 21.61 553.03 2388.02 9092.44 1.30 47.35 522.03 2388.03 8163.40 8.4336 0.03 394 2388 100.00 38.71 23.3199  
18 140 0.0035 -0.0001 100.0 518.67 642.02 1590.42 1402.13 14.62 21.61 553.05 2388.06 9089.35 1.30 47.42 521.68 2387.99 8172.83 8.4339 0.03 394 2388 100.00 38.85 23.3742  
18 141 0.0021 0.0004 100.0 518.67 642.42 1588.93 1403.87 14.62 21.61 554.45 2388.00 9100.59 1.30 47.48 521.57 2388.05 8167.23 8.4279 0.03 392 2388 100.00 38.98 23.2611  
18 142 0.0005 0.0004 100.0 518.67 642.57 1589.41 1410.80 14.62 21.61 553.60 2388.01 9090.16 1.30 47.44 521.71 2388.00 8171.65 8.4321 0.03 392 2388 100.00 38.78 23.3550  
18 143 -0.0035 -0.0001 100.0 518.67 643.27 1589.81 1408.32 14.62 21.61 553.74 2388.00 9093.80 1.30 47.40 521.07 2388.04 8174.22 8.4616 0.03 392 2388 100.00 38.96 23.2704  
18 144 0.0002 -0.0000 100.0 518.67 642.94 1585.94 1411.93 14.62 21.61 553.55 2388.03 9099.54 1.30 47.54 521.96 2388.00 8175.42 8.4174 0.03 393 2388 100.00 38.98 23.4092  
18 145 -0.0025 0.0002 100.0 518.67 642.97 1591.89 1405.28 14.62 21.61 553.79 2388.05 9087.61 1.30 47.49 521.62 2388.01 8173.12 8.4263 0.03 393 2388 100.00 38.63 23.3455  
18 146 -0.0036 0.0002 100.0 518.67 642.69 1589.10 1414.44 14.62 21.61 554.14 2387.99 9098.27 1.30 47.31 521.58 2388.04 8177.71 8.4438 0.03 394 2388 100.00 38.91 23.2522  
18 147 -0.0013 -0.0002 100.0 518.67 642.37 1592.68 1404.30 14.62 21.61 553.39 2388.06 9097.38 1.30 47.56 522.06 2388.06 8179.63 8.3921 0.03 393 2388 100.00 38.91 23.3401  
18 148 0.0002 -0.0002 100.0 518.67 641.91 1589.12 1404.57 14.62 21.61 554.06 2388.01 9102.28 1.30 47.38 521.35 2388.10 8174.80 8.4605 0.03 393 2388 100.00 38.96 23.2572  
18 149 0.0020 -0.0003 100.0 518.67 642.87 1585.97 1402.33 14.62 21.61 554.15 2388.05 9105.01 1.30 47.42 520.97 2388.05 8175.79 8.4081 0.03 393 2388 100.00 38.76 23.3390  
18 150 -0.0036 0.0004 100.0 518.67 642.45 1586.50 1403.39 14.62 21.61 553.30 2388.02 9106.11 1.30 47.35 521.20 2388.02 8177.40 8.4321 0.03 395 2388 100.00 38.86 23.3118  
18 151 0.0002 0.0002 100.0 518.67 642.33 1593.51 1412.38 14.62 21.61 552.74 2388.01 9111.26 1.30 47.45 522.04 2387.99 8173.89 8.4355 0.03 393 2388 100.00 38.86 23.2500  
18 152 -0.0000 -0.0001 100.0 518.67 642.44 1591.49 1403.22 14.62 21.61 554.39 2388.01 9109.02 1.30 47.56 521.85 2388.00 8179.07 8.4385 0.03 393 2388 100.00 38.82 23.3116  
18 153 0.0027 -0.0002 100.0 518.67 642.67 1586.35 1410.05 14.62 21.61 553.82 2388.02 9106.32 1.30 47.56 521.92 2388.03 8180.41 8.4785 0.03 393 2388 100.00 38.95 23.1902  
18 154 -0.0023 0.0003 100.0 518.67 642.83 1587.07 1406.50 14.62 21.61 554.69 2388.01 9103.20 1.30 47.47 522.03 2388.03 8185.69 8.4757 0.03 393 2388 100.00 38.85 23.3986  
18 155 -0.0031 0.0002 100.0 518.67 642.82 1597.04 1405.39 14.62 21.61 554.19 2388.04 9103.76 1.30 47.59 520.84 2388.04 8176.98 8.4184 0.03 394 2388 100.00 38.67 23.2971  
18 156 0.0010 -0.0004 100.0 518.67 642.56 1591.75 1411.09 14.62 21.61 553.42 2387.98 9111.38 1.30 47.63 521.97 2388.02 8181.79 8.4523 0.03 393 2388 100.00 38.66 23.3277  
18 157 0.0040 0.0003 100.0 518.67 642.62 1591.55 1406.17 14.62 21.61 553.09 2388.06 9106.38 1.30 47.67 521.49 2388.01 8182.29 8.4395 0.03 392 2388 100.00 38.70 23.3202  
18 158 -0.0050 -0.0003 100.0 518.67 642.37 1587.54 1409.14 14.62 21.61 553.73 2388.05 9118.47 1.30 47.63 521.45 2388.07 8189.74 8.4415 0.03 395 2388 100.00 38.96 23.3307  
18 159 -0.0003 0.0003 100.0 518.67 642.95 1591.89 1401.17 14.62 21.61 553.84 2388.06 9115.33 1.30 47.50 521.73 2388.03 8187.98 8.4320 0.03 393 2388 100.00 38.87 23.2662  
18 160 -0.0023 0.0003 100.0 518.67 642.97 1595.36 1411.22 14.62 21.61 554.10 2388.07 9114.60 1.30 47.60 521.85 2388.00 8190.29 8.4822 0.03 395 2388 100.00 38.83 23.3800  
18 161 -0.0005 -0.0000 100.0 518.67 642.73 1584.91 1417.65 14.62 21.61 552.67 2388.08 9119.80 1.30 47.70 521.44 2387.99 8189.39 8.4350 0.03 394 2388 100.00 38.89 23.2671  
18 162 0.0007 0.0001 100.0 518.67 642.49 1591.60 1407.02 14.62 21.61 553.83 2388.08 9116.88 1.30 47.68 521.47 2388.09 8197.72 8.4515 0.03 392 2388 100.00 38.95 23.2158  
18 163 0.0043 0.0005 100.0 518.67 642.85 1592.58 1416.27 14.62 21.61 553.45 2388.01 9127.41 1.30 47.38 521.49 2388.04 8194.99 8.4483 0.03 394 2388 100.00 38.71 23.1824  
18 164 -0.0022 0.0005 100.0 518.67 642.41 1590.17 1410.04 14.62 21.61 553.66 2388.02 9123.31 1.30 47.47 521.63 2388.09 8194.15 8.4433 0.03 395 2388 100.00 38.83 23.2063  
18 165 0.0002 0.0005 100.0 518.67 643.06 1598.42 1408.19 14.62 21.61 553.28 2388.03 9122.87 1.30 47.76 521.42 2388.07 8199.62 8.4836 0.03 396 2388 100.00 38.72 23.3115  
18 166 -0.0002 0.0004 100.0 518.67 642.64 1591.74 1414.90 14.62 21.61 554.00 2388.07 9128.98 1.30 47.84 521.97 2388.05 8203.99 8.4689 0.03 395 2388 100.00 38.69 23.2631  
18 167 0.0013 -0.0002 100.0 518.67 642.34 1591.00 1416.13 14.62 21.61 552.71 2388.05 9127.39 1.30 47.60 521.83 2388.02 8201.57 8.4617 0.03 393 2388 100.00 38.52 23.3384  
18 168 0.0014 -0.0001 100.0 518.67 642.39 1596.24 1403.83 14.62 21.61 553.79 2388.08 9131.95 1.30 47.67 521.57 2388.06 8206.50 8.4355 0.03 394 2388 100.00 38.85 23.2874  
18 169 -0.0022 -0.0003 100.0 518.67 642.92 1598.65 1409.68 14.62 21.61 553.57 2388.06 9136.60 1.30 47.57 521.64 2388.06 8200.79 8.4708 0.03 394 2388 100.00 38.55 23.1785  
18 170 0.0024 -0.0001 100.0 518.67 643.04 1587.75 1411.21 14.62 21.61 554.36 2388.00 9140.45 1.30 47.58 521.14 2388.05 8209.95 8.4543 0.03 394 2388 100.00 38.76 23.1904  
18 171 -0.0010 -0.0002 100.0 518.67 642.84 1589.10 1412.38 14.62 21.61 552.88 2388.03 9148.32 1.30 47.53 520.76 2388.10 8207.89 8.4662 0.03 394 2388 100.00 38.74 23.2531  
18 172 0.0058 -0.0003 100.0 518.67 643.47 1600.63 1406.05 14.62 21.61 553.15 2388.06 9143.07 1.30 47.82 521.35 2388.05 8211.40 8.4363 0.03 394 2388 100.00 38.85 23.2209  
18 173 -0.0001 0.0003 100.0 518.67 642.66 1596.12 1419.76 14.62 21.61 553.16 2388.05 9138.56 1.30 47.65 521.47 2388.12 8209.65 8.4577 0.03 394 2388 100.00 38.72 23.2467  
18 174 0.0033 -0.0001 100.0 518.67 642.79 1595.67 1416.74 14.62 21.61 553.04 2388.08 9152.07 1.30 47.78 520.73 2388.02 8215.43 8.4754 0.03 397 2388 100.00 38.90 23.2433  
18 175 0.0030 0.0003 100.0 518.67 642.76 1594.37 1422.39 14.62 21.61 553.40 2388.05 9155.35 1.30 47.72 521.27 2388.12 8215.51 8.4475 0.03 395 2388 100.00 38.72 23.2019  
18 176 0.0011 0.0003 100.0 518.67 643.09 1596.47 1415.26 14.62 21.61 554.07 2388.08 9150.63 1.30 47.81 521.36 2388.08 8215.50 8.4680 0.03 395 2388 100.00 38.82 23.2493  
18 177 0.0006 -0.0004 100.0 518.67 643.11 1602.30 1416.38 14.62 21.61 552.85 2388.03 9157.14 1.30 47.65 521.45 2388.12 8218.26 8.4567 0.03 396 2388 100.00 38.81 23.1773  
18 178 0.0009 -0.0004 100.0 518.67 642.74 1599.44 1417.74 14.62 21.61 552.88 2388.12 9157.33 1.30 47.78 520.84 2388.11 8225.98 8.5067 0.03 396 2388 100.00 38.67 23.1483  
18 179 0.0014 -0.0001 100.0 518.67 642.22 1601.10 1417.03 14.62 21.61 553.44 2388.07 9157.23 1.30 47.58 521.10 2388.08 8226.08 8.5244 0.03 395 2388 100.00 38.80 23.1702  
18 180 0.0022 -0.0000 100.0 518.67 642.60 1602.68 1424.29 14.62 21.61 553.14 2388.08 9162.42 1.30 47.76 520.89 2388.06 8229.02 8.4783 0.03 396 2388 100.00 38.63 23.2429  
18 181 0.0016 -0.0001 100.0 518.67 643.33 1600.23 1422.16 14.62 21.61 551.94 2388.12 9167.49 1.30 47.91 520.94 2388.14 8227.06 8.4915 0.03 396 2388 100.00 38.49 23.0976  
18 182 0.0031 -0.0002 100.0 518.67 643.06 1608.95 1417.20 14.62 21.61 552.84 2388.08 9170.17 1.30 47.81 520.56 2388.07 8228.09 8.5002 0.03 395 2388 100.00 38.74 23.1709  
18 183 -0.0032 -0.0001 100.0 518.67 643.16 1599.22 1416.60 14.62 21.61 552.92 2388.04 9171.68 1.30 47.85 520.77 2388.15 8243.30 8.4876 0.03 396 2388 100.00 38.51 23.0937  
18 184 0.0024 -0.0003 100.0 518.67 643.56 1604.92 1416.38 14.62 21.61 552.45 2388.12 9174.90 1.30 47.88 520.47 2388.12 8237.12 8.5388 0.03 396 2388 100.00 38.67 23.0863  
18 185 -0.0001 -0.0002 100.0 518.67 643.06 1601.27 1417.87 14.62 21.61 552.25 2388.13 9178.75 1.30 47.63 521.06 2388.15 8243.72 8.4848 0.03 395 2388 100.00 38.65 23.1556  
18 186 0.0016 0.0001 100.0 518.67 643.85 1597.23 1425.43 14.62 21.61 552.58 2388.10 9191.36 1.30 47.99 520.33 2388.16 8245.88 8.4843 0.03 394 2388 100.00 38.60 23.0816  
18 187 -0.0006 -0.0002 100.0 518.67 643.17 1600.39 1422.43 14.62 21.61 551.82 2388.13 9177.82 1.30 48.15 520.23 2388.12 8248.18 8.4426 0.03 396 2388 100.00 38.61 23.0819  
18 188 0.0011 0.0001 100.0 518.67 643.17 1602.00 1428.31 14.62 21.61 552.77 2388.09 9187.67 1.30 47.77 520.49 2388.09 8253.97 8.4999 0.03 395 2388 100.00 38.57 23.2292  
18 189 -0.0001 -0.0004 100.0 518.67 643.11 1601.04 1433.02 14.62 21.61 552.09 2388.13 9195.53 1.30 47.93 521.03 2388.10 8252.18 8.4955 0.03 396 2388 100.00 38.58 23.1173  
18 190 0.0020 -0.0003 100.0 518.67 643.39 1603.13 1424.21 14.62 21.61 551.39 2388.10 9196.30 1.30 47.97 520.14 2388.11 8263.06 8.5376 0.03 397 2388 100.00 38.45 23.0872  
18 191 -0.0007 -0.0001 100.0 518.67 643.59 1606.51 1423.47 14.62 21.61 551.58 2388.12 9206.21 1.30 47.87 520.25 2388.13 8260.29 8.5102 0.03 396 2388 100.00 38.65 23.1001  
18 192 -0.0018 -0.0004 100.0 518.67 643.23 1602.92 1426.15 14.62 21.61 552.23 2388.14 9204.44 1.30 48.10 520.53 2388.18 8268.81 8.5372 0.03 397 2388 100.00 38.30 22.9841  
18 193 0.0003 0.0001 100.0 518.67 643.89 1603.03 1423.65 14.62 21.61 552.22 2388.20 9210.95 1.30 48.30 520.36 2388.15 8273.15 8.5429 0.03 396 2388 100.00 38.31 23.1555  
18 194 0.0003 0.0004 100.0 518.67 644.05 1609.52 1423.44 14.62 21.61 551.52 2388.13 9223.56 1.30 48.14 520.23 2388.12 8269.40 8.4945 0.03 397 2388 100.00 38.58 23.0109  
18 195 -0.0029 -0.0001 100.0 518.67 643.93 1601.00 1428.08 14.62 21.61 551.43 2388.44 9224.53 1.30 48.01 519.44 2388.39 8282.50 8.5132 0.03 398 2388 100.00 38.50 23.0304  
19 1 0.0045 -0.0000 100.0 518.67 642.55 1589.99 1411.09 14.62 21.61 553.09 2388.17 9048.73 1.30 47.64 521.86 2388.07 8122.16 8.4148 0.03 392 2388 100.00 38.76 23.2468  
19 2 -0.0010 0.0001 100.0 518.67 642.82 1587.77 1411.04 14.62 21.61 553.05 2388.10 9040.04 1.30 47.46 521.31 2388.14 8123.07 8.4086 0.03 392 2388 100.00 38.83 23.2836  
19 3 -0.0010 0.0004 100.0 518.67 643.37 1587.33 1407.56 14.62 21.61 553.31 2388.16 9044.78 1.30 47.46 521.74 2388.12 8121.69 8.4316 0.03 392 2388 100.00 38.69 23.2071  
19 4 0.0014 0.0002 100.0 518.67 642.53 1590.93 1412.13 14.62 21.61 553.19 2388.13 9044.46 1.30 47.55 521.60 2388.12 8123.21 8.4634 0.03 393 2388 100.00 38.81 23.2752  
19 5 -0.0005 -0.0004 100.0 518.67 642.41 1588.13 1407.64 14.62 21.61 553.30 2388.18 9041.06 1.30 47.53 521.21 2388.11 8127.37 8.4570 0.03 393 2388 100.00 38.79 23.2524  
19 6 0.0034 0.0004 100.0 518.67 642.85 1596.95 1406.78 14.62 21.61 553.57 2388.11 9047.72 1.30 47.44 521.57 2388.15 8122.88 8.4274 0.03 394 2388 100.00 38.73 23.2550  
19 7 -0.0011 0.0005 100.0 518.67 642.72 1587.07 1407.37 14.62 21.61 553.25 2388.15 9041.85 1.30 47.66 521.67 2388.14 8127.66 8.4279 0.03 391 2388 100.00 38.93 23.3098  
19 8 -0.0005 -0.0002 100.0 518.67 642.64 1590.03 1407.13 14.62 21.61 553.43 2388.11 9051.09 1.30 47.48 520.70 2388.11 8130.10 8.4393 0.03 393 2388 100.00 38.71 23.3006  
19 9 -0.0023 -0.0002 100.0 518.67 643.04 1591.23 1409.11 14.62 21.61 553.43 2388.16 9045.26 1.30 47.59 521.44 2388.13 8123.08 8.4269 0.03 394 2388 100.00 38.92 23.2344  
19 10 -0.0026 -0.0004 100.0 518.67 642.54 1588.75 1404.89 14.62 21.61 553.97 2388.05 9046.27 1.30 47.56 521.52 2388.16 8131.80 8.4081 0.03 393 2388 100.00 38.98 23.2501  
19 11 0.0029 -0.0005 100.0 518.67 643.13 1593.97 1410.49 14.62 21.61 552.85 2388.16 9049.79 1.30 47.57 521.81 2388.14 8128.15 8.4605 0.03 393 2388 100.00 38.71 23.3284  
19 12 -0.0014 0.0001 100.0 518.67 643.10 1594.98 1422.97 14.62 21.61 553.70 2388.15 9050.68 1.30 47.61 521.15 2388.12 8123.19 8.4289 0.03 394 2388 100.00 38.77 23.2868  
19 13 0.0009 -0.0004 100.0 518.67 642.35 1587.05 1406.18 14.62 21.61 553.82 2388.01 9047.32 1.30 47.60 521.68 2388.14 8129.49 8.4508 0.03 395 2388 100.00 38.99 23.2731  
19 14 0.0010 -0.0005 100.0 518.67 643.21 1590.10 1403.15 14.62 21.61 553.27 2388.11 9049.95 1.30 47.58 521.33 2388.14 8123.11 8.4180 0.03 394 2388 100.00 38.70 23.2526  
19 15 -0.0008 0.0005 100.0 518.67 642.75 1594.28 1407.62 14.62 21.61 553.73 2388.13 9043.36 1.30 47.69 521.03 2388.13 8123.24 8.4211 0.03 393 2388 100.00 38.77 23.2853  
19 16 -0.0022 0.0002 100.0 518.67 642.20 1593.11 1407.83 14.62 21.61 553.02 2388.15 9040.91 1.30 47.49 521.47 2388.09 8129.92 8.4313 0.03 395 2388 100.00 38.75 23.3046  
19 17 0.0005 0.0001 100.0 518.67 642.53 1591.36 1406.05 14.62 21.61 552.47 2388.15 9049.25 1.30 47.62 521.90 2388.12 8129.27 8.4350 0.03 392 2388 100.00 38.78 23.2081  
19 18 0.0041 -0.0004 100.0 518.67 643.17 1588.99 1410.25 14.62 21.61 552.80 2388.14 9050.18 1.30 47.40 521.02 2388.11 8121.92 8.3976 0.03 393 2388 100.00 38.97 23.2632  
19 19 0.0036 0.0001 100.0 518.67 642.45 1594.35 1409.71 14.62 21.61 553.10 2388.15 9046.53 1.30 47.59 520.60 2388.13 8127.43 8.4309 0.03 395 2388 100.00 38.66 23.3521  
19 20 0.0009 -0.0003 100.0 518.67 642.70 1588.53 1413.70 14.62 21.61 553.20 2388.14 9045.11 1.30 47.71 521.52 2388.09 8128.17 8.4356 0.03 393 2388 100.00 38.98 23.3257  
19 21 0.0019 -0.0004 100.0 518.67 642.76 1592.13 1399.69 14.62 21.61 553.46 2388.12 9050.97 1.30 47.48 521.35 2388.13 8127.15 8.4498 0.03 393 2388 100.00 38.83 23.3240  
19 22 -0.0012 0.0003 100.0 518.67 642.23 1589.77 1409.84 14.62 21.61 553.60 2388.13 9045.20 1.30 47.38 522.09 2388.07 8129.42 8.4375 0.03 394 2388 100.00 38.92 23.3018  
19 23 -0.0009 -0.0000 100.0 518.67 642.73 1596.05 1404.17 14.62 21.61 553.10 2388.17 9052.78 1.30 47.41 521.02 2388.16 8129.11 8.4710 0.03 392 2388 100.00 38.71 23.3013  
19 24 -0.0013 -0.0002 100.0 518.67 642.90 1592.19 1407.48 14.62 21.61 553.64 2388.13 9037.45 1.30 47.74 521.49 2388.13 8122.86 8.4323 0.03 392 2388 100.00 38.97 23.3265  
19 25 -0.0002 -0.0003 100.0 518.67 642.67 1584.52 1406.04 14.62 21.61 553.08 2388.14 9038.15 1.30 47.63 521.64 2388.12 8124.72 8.4403 0.03 392 2388 100.00 38.70 23.3463  
19 26 0.0029 -0.0004 100.0 518.67 642.37 1588.86 1411.93 14.62 21.61 553.96 2388.11 9046.50 1.30 47.44 521.48 2388.15 8123.29 8.4408 0.03 393 2388 100.00 38.86 23.2728  
19 27 -0.0028 -0.0001 100.0 518.67 642.95 1585.16 1406.91 14.62 21.61 553.47 2388.14 9044.31 1.30 47.49 521.18 2388.13 8137.19 8.4714 0.03 393 2388 100.00 38.76 23.3233  
19 28 -0.0008 -0.0004 100.0 518.67 642.07 1581.79 1412.55 14.62 21.61 553.45 2388.11 9046.86 1.30 47.37 521.71 2388.18 8129.24 8.4498 0.03 393 2388 100.00 38.86 23.3038  
19 29 0.0010 -0.0003 100.0 518.67 641.91 1589.32 1410.98 14.62 21.61 553.37 2388.18 9043.34 1.30 47.53 521.44 2388.17 8118.97 8.4473 0.03 392 2388 100.00 38.85 23.3194  
19 30 0.0022 -0.0001 100.0 518.67 642.54 1588.02 1415.56 14.62 21.61 553.10 2388.15 9051.33 1.30 47.62 521.24 2388.14 8124.29 8.4650 0.03 393 2388 100.00 39.02 23.2854  
19 31 0.0014 0.0004 100.0 518.67 642.69 1589.83 1404.50 14.62 21.61 552.40 2388.13 9048.67 1.30 47.71 521.43 2388.11 8130.10 8.4278 0.03 393 2388 100.00 38.82 23.2491  
19 32 0.0018 0.0001 100.0 518.67 642.85 1591.33 1411.99 14.62 21.61 553.26 2388.15 9042.80 1.30 47.73 521.18 2388.17 8124.35 8.4751 0.03 395 2388 100.00 38.74 23.2388  
19 33 -0.0014 -0.0004 100.0 518.67 642.96 1591.64 1407.84 14.62 21.61 553.20 2388.12 9047.34 1.30 47.79 521.13 2388.12 8134.21 8.4267 0.03 393 2388 100.00 38.80 23.2431  
19 34 0.0038 0.0003 100.0 518.67 642.62 1592.08 1409.47 14.62 21.61 553.24 2388.15 9039.19 1.30 47.75 521.44 2388.12 8127.39 8.4395 0.03 393 2388 100.00 38.60 23.2897  
19 35 0.0004 -0.0003 100.0 518.67 642.65 1589.06 1413.73 14.62 21.61 553.09 2388.13 9047.18 1.30 47.56 521.68 2388.16 8126.74 8.4146 0.03 393 2388 100.00 38.68 23.2405  
19 36 0.0016 0.0005 100.0 518.67 642.83 1598.57 1412.15 14.62 21.61 553.19 2388.10 9054.32 1.30 47.57 521.34 2388.13 8126.12 8.4659 0.03 392 2388 100.00 38.94 23.2373  
19 37 0.0007 0.0001 100.0 518.67 642.86 1586.82 1412.13 14.62 21.61 553.31 2388.11 9040.70 1.30 47.56 521.05 2388.14 8123.86 8.4576 0.03 394 2388 100.00 38.83 23.2959  
19 38 -0.0000 0.0003 100.0 518.67 642.85 1590.06 1410.74 14.62 21.61 553.30 2388.11 9047.23 1.30 47.44 521.35 2388.16 8125.61 8.4386 0.03 393 2388 100.00 38.79 23.2437  
19 39 0.0021 0.0001 100.0 518.67 642.23 1586.95 1413.22 14.62 21.61 553.40 2388.19 9047.40 1.30 47.60 521.21 2388.12 8125.02 8.4037 0.03 394 2388 100.00 38.85 23.3472  
19 40 -0.0002 -0.0004 100.0 518.67 642.89 1593.28 1411.83 14.62 21.61 552.94 2388.14 9040.46 1.30 47.53 521.67 2388.11 8122.23 8.4110 0.03 393 2388 100.00 38.82 23.2606  
19 41 0.0017 0.0004 100.0 518.67 642.98 1591.07 1410.28 14.62 21.61 553.03 2388.11 9036.85 1.30 47.55 521.21 2388.14 8127.81 8.4308 0.03 394 2388 100.00 38.93 23.3649  
19 42 -0.0000 -0.0001 100.0 518.67 642.74 1591.26 1409.68 14.62 21.61 553.44 2388.11 9044.78 1.30 47.51 521.65 2388.10 8125.62 8.4375 0.03 394 2388 100.00 38.73 23.2848  
19 43 0.0017 -0.0001 100.0 518.67 642.72 1588.17 1405.46 14.62 21.61 553.31 2388.17 9041.96 1.30 47.66 521.44 2388.17 8130.82 8.4716 0.03 394 2388 100.00 38.82 23.3131  
19 44 -0.0006 0.0004 100.0 518.67 642.03 1589.56 1413.29 14.62 21.61 553.30 2388.07 9042.69 1.30 47.52 520.93 2388.11 8121.09 8.4691 0.03 393 2388 100.00 38.83 23.3636  
19 45 0.0023 -0.0004 100.0 518.67 642.40 1592.17 1414.19 14.62 21.61 553.32 2388.14 9047.32 1.30 47.57 521.93 2388.16 8131.28 8.4268 0.03 394 2388 100.00 38.74 23.1953  
19 46 0.0037 -0.0001 100.0 518.67 642.68 1587.13 1412.07 14.62 21.61 553.01 2388.18 9044.62 1.30 47.75 521.25 2388.12 8128.12 8.4610 0.03 393 2388 100.00 38.90 23.3367  
19 47 0.0006 -0.0003 100.0 518.67 642.58 1592.34 1407.34 14.62 21.61 552.54 2388.13 9047.61 1.30 47.54 521.04 2388.16 8124.80 8.4621 0.03 392 2388 100.00 38.87 23.2939  
19 48 0.0002 0.0000 100.0 518.67 642.73 1594.93 1418.49 14.62 21.61 553.05 2388.14 9039.34 1.30 47.56 521.45 2388.18 8124.92 8.4430 0.03 392 2388 100.00 38.79 23.3338  
19 49 -0.0029 0.0004 100.0 518.67 642.76 1589.66 1407.59 14.62 21.61 552.81 2388.19 9047.18 1.30 47.72 520.89 2388.14 8124.99 8.4381 0.03 393 2388 100.00 38.88 23.3476  
19 50 -0.0007 -0.0004 100.0 518.67 642.77 1593.96 1415.17 14.62 21.61 553.30 2388.19 9047.16 1.30 47.57 521.39 2388.16 8127.71 8.4007 0.03 395 2388 100.00 38.96 23.2549  
19 51 -0.0011 0.0002 100.0 518.67 642.51 1589.74 1413.70 14.62 21.61 553.54 2388.11 9049.71 1.30 47.47 521.43 2388.16 8126.26 8.4484 0.03 394 2388 100.00 38.96 23.2234  
19 52 -0.0033 -0.0001 100.0 518.67 642.43 1593.84 1407.06 14.62 21.61 552.69 2388.15 9047.99 1.30 47.64 521.80 2388.15 8120.86 8.4823 0.03 394 2388 100.00 38.81 23.3347  
19 53 -0.0012 0.0001 100.0 518.67 643.06 1595.02 1409.99 14.62 21.61 553.04 2388.10 9046.45 1.30 47.65 521.22 2388.18 8119.83 8.4307 0.03 395 2388 100.00 38.74 23.2343  
19 54 0.0003 -0.0003 100.0 518.67 642.79 1597.75 1413.44 14.62 21.61 552.63 2388.18 9035.93 1.30 47.71 521.57 2388.16 8126.63 8.4485 0.03 393 2388 100.00 38.77 23.2657  
19 55 -0.0026 0.0003 100.0 518.67 642.69 1596.13 1409.11 14.62 21.61 552.96 2388.17 9045.32 1.30 47.83 521.52 2388.14 8129.40 8.4162 0.03 393 2388 100.00 38.78 23.2501  
19 56 -0.0008 0.0003 100.0 518.67 642.86 1583.82 1415.05 14.62 21.61 553.37 2388.10 9049.73 1.30 47.56 521.22 2388.10 8122.56 8.4502 0.03 393 2388 100.00 38.83 23.2757  
19 57 0.0002 0.0004 100.0 518.67 642.85 1591.29 1410.83 14.62 21.61 552.80 2388.13 9038.94 1.30 47.52 520.98 2388.10 8121.89 8.4327 0.03 393 2388 100.00 38.97 23.2607  
19 58 0.0006 -0.0003 100.0 518.67 642.74 1592.60 1408.77 14.62 21.61 553.11 2388.12 9041.99 1.30 47.69 520.88 2388.19 8121.49 8.4629 0.03 395 2388 100.00 38.87 23.2729  
19 59 -0.0003 -0.0003 100.0 518.67 642.67 1591.80 1411.34 14.62 21.61 552.81 2388.13 9052.59 1.30 47.52 521.04 2388.15 8129.51 8.4765 0.03 394 2388 100.00 38.87 23.3375  
19 60 -0.0049 -0.0004 100.0 518.67 642.68 1587.38 1410.58 14.62 21.61 552.91 2388.15 9041.58 1.30 47.73 520.76 2388.14 8121.62 8.4315 0.03 394 2388 100.00 38.64 23.3252  
19 61 0.0025 -0.0002 100.0 518.67 642.49 1593.31 1417.80 14.62 21.61 553.16 2388.18 9051.72 1.30 47.65 521.04 2388.11 8124.94 8.4434 0.03 394 2388 100.00 38.96 23.2856  
19 62 0.0039 -0.0001 100.0 518.67 642.28 1590.47 1408.57 14.62 21.61 552.73 2388.08 9038.06 1.30 47.77 520.80 2388.11 8117.78 8.4276 0.03 394 2388 100.00 38.69 23.2194  
19 63 -0.0008 0.0002 100.0 518.67 642.36 1591.45 1406.06 14.62 21.61 553.26 2388.13 9049.42 1.30 47.63 521.12 2388.15 8124.30 8.4876 0.03 394 2388 100.00 38.74 23.2116  
19 64 -0.0006 -0.0004 100.0 518.67 643.01 1581.87 1409.48 14.62 21.61 553.76 2388.13 9055.91 1.30 47.48 520.99 2388.13 8126.75 8.4468 0.03 391 2388 100.00 38.75 23.3097  
19 65 0.0028 0.0002 100.0 518.67 642.84 1597.85 1408.12 14.62 21.61 552.79 2388.10 9048.84 1.30 47.68 521.77 2388.13 8122.62 8.4475 0.03 393 2388 100.00 38.84 23.3028  
19 66 -0.0014 0.0002 100.0 518.67 643.15 1585.97 1411.13 14.62 21.61 553.99 2388.18 9043.59 1.30 47.61 521.04 2388.05 8128.72 8.4398 0.03 393 2388 100.00 38.73 23.2549  
19 67 -0.0032 0.0002 100.0 518.67 642.55 1591.70 1410.70 14.62 21.61 552.19 2388.16 9050.44 1.30 47.68 520.94 2388.17 8124.91 8.4210 0.03 394 2388 100.00 38.76 23.2641  
19 68 0.0027 0.0004 100.0 518.67 642.65 1586.14 1405.31 14.62 21.61 553.75 2388.12 9043.07 1.30 47.60 521.07 2388.18 8127.38 8.4522 0.03 394 2388 100.00 38.67 23.3544  
19 69 -0.0013 0.0002 100.0 518.67 642.80 1601.78 1411.62 14.62 21.61 553.80 2388.11 9049.03 1.30 47.42 521.02 2388.14 8128.36 8.4255 0.03 393 2388 100.00 38.60 23.2372  
19 70 -0.0020 -0.0001 100.0 518.67 642.64 1593.92 1409.27 14.62 21.61 553.40 2388.13 9039.49 1.30 47.62 521.27 2388.12 8122.48 8.4017 0.03 392 2388 100.00 38.70 23.3041  
19 71 -0.0032 -0.0002 100.0 518.67 643.33 1590.68 1410.85 14.62 21.61 553.06 2388.12 9046.11 1.30 47.70 521.04 2388.14 8129.39 8.4520 0.03 393 2388 100.00 38.72 23.3074  
19 72 0.0007 0.0003 100.0 518.67 643.07 1592.08 1417.08 14.62 21.61 552.72 2388.18 9037.01 1.30 47.55 520.95 2388.12 8124.72 8.4253 0.03 393 2388 100.00 38.75 23.2404  
19 73 -0.0005 -0.0001 100.0 518.67 643.18 1583.11 1412.83 14.62 21.61 552.71 2388.14 9046.05 1.30 47.65 521.13 2388.13 8125.86 8.4680 0.03 393 2388 100.00 38.71 23.4029  
19 74 -0.0015 -0.0000 100.0 518.67 642.57 1595.49 1409.74 14.62 21.61 553.52 2388.15 9046.24 1.30 47.77 521.07 2388.12 8126.89 8.4727 0.03 394 2388 100.00 39.05 23.2137  
19 75 0.0010 0.0005 100.0 518.67 643.17 1590.45 1408.82 14.62 21.61 553.69 2388.18 9050.40 1.30 47.69 521.28 2388.18 8127.19 8.4515 0.03 394 2388 100.00 38.58 23.3202  
19 76 0.0029 0.0001 100.0 518.67 643.09 1585.28 1410.25 14.62 21.61 552.86 2388.22 9048.83 1.30 47.57 521.01 2388.15 8128.93 8.4145 0.03 394 2388 100.00 38.72 23.3368  
19 77 -0.0028 -0.0001 100.0 518.67 642.90 1595.62 1414.26 14.62 21.61 553.04 2388.15 9037.13 1.30 47.73 521.20 2388.17 8127.89 8.4324 0.03 395 2388 100.00 38.90 23.2269  
19 78 -0.0010 0.0005 100.0 518.67 642.84 1589.09 1411.63 14.62 21.61 553.35 2388.10 9042.39 1.30 47.76 521.92 2388.13 8128.45 8.4589 0.03 395 2388 100.00 38.69 23.2324  
19 79 0.0036 -0.0001 100.0 518.67 643.02 1593.79 1404.56 14.62 21.61 552.45 2388.18 9047.36 1.30 47.40 521.31 2388.15 8124.30 8.4235 0.03 393 2388 100.00 38.66 23.2652  
19 80 0.0031 -0.0002 100.0 518.67 642.67 1597.33 1416.52 14.62 21.61 553.25 2388.16 9047.15 1.30 47.60 520.81 2388.19 8126.07 8.4338 0.03 394 2388 100.00 38.61 23.2186  
19 81 0.0010 -0.0004 100.0 518.67 644.12 1601.29 1420.90 14.62 21.61 553.43 2388.15 9051.14 1.30 47.57 521.58 2388.18 8125.55 8.4484 0.03 393 2388 100.00 38.82 23.1910  
19 82 -0.0033 -0.0003 100.0 518.67 642.98 1598.06 1410.12 14.62 21.61 552.83 2388.18 9046.23 1.30 47.46 521.30 2388.11 8127.91 8.4622 0.03 394 2388 100.00 38.72 23.3299  
19 83 0.0038 0.0001 100.0 518.67 642.67 1595.65 1405.56 14.62 21.61 552.79 2388.19 9049.09 1.30 47.65 520.89 2388.20 8121.73 8.3989 0.03 394 2388 100.00 38.70 23.1632  
19 84 0.0010 0.0004 100.0 518.67 642.76 1591.22 1414.02 14.62 21.61 553.51 2388.16 9047.47 1.30 47.63 520.80 2388.15 8126.84 8.4648 0.03 395 2388 100.00 38.82 23.1799  
19 85 -0.0005 0.0001 100.0 518.67 643.04 1590.63 1409.01 14.62 21.61 553.73 2388.12 9046.11 1.30 47.87 520.45 2388.23 8124.62 8.4470 0.03 393 2388 100.00 38.76 23.2447  
19 86 0.0015 0.0005 100.0 518.67 643.01 1590.10 1410.08 14.62 21.61 553.13 2388.16 9041.66 1.30 47.59 521.03 2388.20 8131.25 8.4399 0.03 393 2388 100.00 38.79 23.2445  
19 87 -0.0027 0.0004 100.0 518.67 642.75 1595.77 1416.18 14.62 21.61 553.24 2388.17 9044.93 1.30 47.50 521.38 2388.16 8122.96 8.4614 0.03 394 2388 100.00 38.72 23.2340  
19 88 0.0021 -0.0000 100.0 518.67 642.94 1589.10 1416.46 14.62 21.61 552.59 2388.20 9047.07 1.30 47.64 521.19 2388.13 8128.69 8.4559 0.03 395 2388 100.00 38.72 23.2013  
19 89 0.0006 -0.0002 100.0 518.67 642.77 1592.83 1420.29 14.62 21.61 551.72 2388.14 9043.34 1.30 47.71 520.66 2388.16 8129.13 8.4657 0.03 394 2388 100.00 38.52 23.2285  
19 90 0.0036 -0.0004 100.0 518.67 642.81 1593.35 1411.48 14.62 21.61 552.63 2388.14 9051.66 1.30 47.70 521.32 2388.16 8123.63 8.4397 0.03 393 2388 100.00 38.75 23.2118  
19 91 -0.0006 0.0004 100.0 518.67 643.10 1589.44 1412.80 14.62 21.61 552.66 2388.13 9045.01 1.30 47.88 521.19 2388.14 8130.99 8.4723 0.03 394 2388 100.00 38.95 23.2277  
19 92 0.0036 -0.0004 100.0 518.67 642.78 1595.75 1410.56 14.62 21.61 553.11 2388.18 9041.85 1.30 47.70 521.09 2388.19 8127.87 8.4285 0.03 394 2388 100.00 38.82 23.2234  
19 93 -0.0027 0.0002 100.0 518.67 642.90 1593.94 1409.66 14.62 21.61 553.00 2388.19 9050.15 1.30 47.60 520.43 2388.22 8128.23 8.4571 0.03 393 2388 100.00 38.80 23.2608  
19 94 -0.0005 0.0004 100.0 518.67 643.66 1597.84 1418.85 14.62 21.61 553.44 2388.20 9045.53 1.30 47.75 521.30 2388.20 8126.32 8.4690 0.03 394 2388 100.00 38.70 23.1863  
19 95 -0.0013 0.0002 100.0 518.67 643.08 1595.72 1414.33 14.62 21.61 552.45 2388.21 9049.85 1.30 47.68 520.56 2388.18 8124.27 8.4677 0.03 394 2388 100.00 38.66 23.3249  
19 96 -0.0016 -0.0000 100.0 518.67 643.05 1598.49 1415.37 14.62 21.61 552.67 2388.19 9043.79 1.30 47.89 521.27 2388.19 8125.26 8.4674 0.03 395 2388 100.00 38.70 23.1194  
19 97 -0.0029 -0.0005 100.0 518.67 643.21 1593.51 1409.89 14.62 21.61 552.27 2388.17 9041.22 1.30 47.96 521.32 2388.21 8127.97 8.4809 0.03 395 2388 100.00 38.61 23.2867  
19 98 0.0031 0.0001 100.0 518.67 643.26 1594.33 1412.37 14.62 21.61 552.59 2388.17 9050.72 1.30 47.66 521.23 2388.22 8130.42 8.4436 0.03 393 2388 100.00 38.65 23.3202  
19 99 0.0007 -0.0003 100.0 518.67 642.98 1594.07 1410.87 14.62 21.61 552.97 2388.20 9042.49 1.30 47.79 521.36 2388.16 8126.63 8.4510 0.03 394 2388 100.00 38.71 23.2509  
19 100 -0.0021 -0.0004 100.0 518.67 643.21 1602.29 1413.53 14.62 21.61 552.94 2388.16 9053.67 1.30 47.67 520.43 2388.20 8126.99 8.4545 0.03 393 2388 100.00 38.71 23.2006  
19 101 -0.0019 0.0002 100.0 518.67 643.21 1596.30 1416.79 14.62 21.61 552.75 2388.20 9043.18 1.30 47.73 520.67 2388.18 8125.22 8.4078 0.03 393 2388 100.00 38.80 23.3293  
19 102 0.0009 -0.0002 100.0 518.67 643.00 1591.51 1412.90 14.62 21.61 552.77 2388.20 9047.64 1.30 47.78 520.63 2388.09 8121.74 8.4626 0.03 394 2388 100.00 38.83 23.2054  
19 103 0.0031 -0.0000 100.0 518.67 642.36 1595.30 1415.31 14.62 21.61 553.75 2388.15 9047.57 1.30 47.63 521.03 2388.15 8125.57 8.4862 0.03 395 2388 100.00 38.74 23.2268  
19 104 -0.0000 -0.0001 100.0 518.67 643.14 1588.39 1415.89 14.62 21.61 552.69 2388.16 9048.64 1.30 47.79 521.06 2388.23 8118.63 8.5036 0.03 392 2388 100.00 38.57 23.2781  
19 105 0.0039 0.0003 100.0 518.67 642.86 1591.80 1414.04 14.62 21.61 552.58 2388.15 9042.41 1.30 47.88 520.78 2388.16 8120.39 8.4978 0.03 394 2388 100.00 38.59 23.1176  
19 106 0.0024 0.0001 100.0 518.67 642.86 1603.02 1416.23 14.62 21.61 552.85 2388.18 9042.54 1.30 47.71 520.46 2388.15 8127.82 8.4865 0.03 393 2388 100.00 38.50 23.1649  
19 107 -0.0004 -0.0002 100.0 518.67 643.23 1593.86 1416.08 14.62 21.61 552.99 2388.17 9044.79 1.30 47.81 521.26 2388.13 8123.46 8.4806 0.03 393 2388 100.00 38.76 23.1997  
19 108 0.0004 -0.0000 100.0 518.67 642.56 1590.57 1411.25 14.62 21.61 551.81 2388.16 9049.78 1.30 47.72 520.72 2388.12 8119.37 8.4685 0.03 395 2388 100.00 38.79 23.2061  
19 109 -0.0007 0.0005 100.0 518.67 642.96 1596.82 1411.54 14.62 21.61 552.93 2388.16 9043.24 1.30 47.76 521.01 2388.21 8120.92 8.4792 0.03 394 2388 100.00 38.62 23.1424  
19 110 -0.0019 0.0004 100.0 518.67 643.32 1596.73 1415.70 14.62 21.61 552.47 2388.18 9049.81 1.30 47.81 520.81 2388.17 8124.55 8.4965 0.03 395 2388 100.00 38.73 23.2228  
19 111 -0.0042 -0.0004 100.0 518.67 643.27 1595.25 1419.58 14.62 21.61 552.76 2388.17 9042.70 1.30 47.87 520.88 2388.21 8125.12 8.4634 0.03 395 2388 100.00 38.80 23.1583  
19 112 -0.0000 0.0002 100.0 518.67 643.15 1605.35 1417.79 14.62 21.61 552.22 2388.23 9044.37 1.30 47.86 521.07 2388.22 8126.73 8.4829 0.03 395 2388 100.00 38.66 23.2076  
19 113 0.0006 0.0003 100.0 518.67 643.76 1600.85 1412.57 14.62 21.61 552.07 2388.19 9050.96 1.30 47.54 521.17 2388.21 8122.06 8.4688 0.03 394 2388 100.00 38.65 23.1186  
19 114 0.0005 0.0002 100.0 518.67 643.37 1596.40 1422.40 14.62 21.61 552.66 2388.18 9051.24 1.30 47.92 520.94 2388.27 8130.55 8.5157 0.03 394 2388 100.00 38.74 23.2054  
19 115 0.0010 0.0004 100.0 518.67 642.86 1597.55 1416.77 14.62 21.61 553.55 2388.25 9046.04 1.30 47.77 520.56 2388.13 8125.83 8.4464 0.03 394 2388 100.00 38.68 23.2296  
19 116 0.0023 -0.0003 100.0 518.67 642.72 1587.14 1415.88 14.62 21.61 552.24 2388.20 9043.53 1.30 47.81 521.09 2388.20 8122.00 8.4579 0.03 394 2388 100.00 38.74 23.1796  
19 117 0.0008 -0.0005 100.0 518.67 642.67 1592.63 1418.86 14.62 21.61 552.53 2388.20 9043.05 1.30 47.59 521.19 2388.22 8126.76 8.4721 0.03 395 2388 100.00 38.76 23.2648  
19 118 -0.0028 0.0002 100.0 518.67 643.06 1601.12 1417.01 14.62 21.61 552.52 2388.24 9043.92 1.30 47.80 520.52 2388.14 8123.42 8.4841 0.03 394 2388 100.00 38.62 23.2050  
19 119 0.0021 -0.0003 100.0 518.67 642.99 1597.58 1415.64 14.62 21.61 552.23 2388.22 9043.35 1.30 47.78 520.67 2388.23 8123.34 8.4820 0.03 393 2388 100.00 38.67 23.0846  
19 120 -0.0002 -0.0003 100.0 518.67 643.44 1590.10 1416.67 14.62 21.61 552.56 2388.24 9047.00 1.30 47.77 520.30 2388.25 8125.07 8.4613 0.03 392 2388 100.00 38.46 23.2771  
19 121 0.0014 -0.0002 100.0 518.67 643.20 1600.66 1416.42 14.62 21.61 551.56 2388.25 9043.40 1.30 47.82 520.32 2388.18 8126.16 8.4850 0.03 395 2388 100.00 38.64 23.1826  
19 122 -0.0009 -0.0004 100.0 518.67 643.91 1587.38 1417.15 14.62 21.61 551.98 2388.20 9046.68 1.30 47.85 520.52 2388.20 8123.54 8.5054 0.03 396 2388 100.00 38.51 23.2121  
19 123 -0.0002 0.0000 100.0 518.67 642.49 1598.16 1421.98 14.62 21.61 552.20 2388.20 9045.76 1.30 47.99 520.78 2388.19 8118.53 8.4379 0.03 395 2388 100.00 38.59 23.1310  
19 124 0.0024 -0.0001 100.0 518.67 642.90 1595.48 1419.84 14.62 21.61 551.84 2388.26 9040.32 1.30 47.80 520.08 2388.21 8121.37 8.4868 0.03 393 2388 100.00 38.60 23.0959  
19 125 0.0003 -0.0003 100.0 518.67 643.61 1596.71 1419.75 14.62 21.61 551.93 2388.19 9046.72 1.30 47.98 520.40 2388.19 8123.15 8.4764 0.03 394 2388 100.00 38.59 23.2692  
19 126 -0.0001 -0.0001 100.0 518.67 643.09 1598.24 1421.15 14.62 21.61 552.34 2388.20 9044.99 1.30 47.82 520.94 2388.20 8119.96 8.4877 0.03 394 2388 100.00 38.55 23.2356  
19 127 0.0010 0.0000 100.0 518.67 643.25 1596.18 1419.81 14.62 21.61 552.68 2388.19 9048.67 1.30 48.00 520.57 2388.19 8126.59 8.4791 0.03 393 2388 100.00 38.62 23.2953  
19 128 0.0023 -0.0003 100.0 518.67 643.18 1603.68 1419.46 14.62 21.61 552.27 2388.25 9045.36 1.30 48.07 520.29 2388.20 8120.53 8.4803 0.03 395 2388 100.00 38.56 23.1868  
19 129 0.0018 0.0004 100.0 518.67 643.44 1589.42 1420.91 14.62 21.61 552.27 2388.19 9043.52 1.30 47.94 520.86 2388.19 8123.83 8.4572 0.03 394 2388 100.00 38.51 23.2079  
19 130 -0.0017 -0.0004 100.0 518.67 643.41 1595.04 1418.48 14.62 21.61 551.90 2388.24 9043.58 1.30 47.86 520.32 2388.24 8128.96 8.4336 0.03 396 2388 100.00 38.69 23.1258  
19 131 0.0015 0.0004 100.0 518.67 642.98 1594.07 1420.61 14.62 21.61 552.27 2388.27 9043.10 1.30 47.93 520.56 2388.20 8121.11 8.4633 0.03 394 2388 100.00 38.46 23.2253  
19 132 0.0015 0.0001 100.0 518.67 643.39 1592.53 1420.91 14.62 21.61 552.05 2388.28 9051.51 1.30 48.00 520.52 2388.21 8120.31 8.4731 0.03 395 2388 100.00 38.51 23.0466  
19 133 0.0035 -0.0004 100.0 518.67 643.07 1593.66 1418.44 14.62 21.61 551.74 2388.25 9045.48 1.30 47.89 520.36 2388.28 8117.57 8.4726 0.03 395 2388 100.00 38.55 23.1752  
19 134 0.0006 0.0003 100.0 518.67 643.46 1600.85 1413.51 14.62 21.61 551.68 2388.29 9040.27 1.30 47.85 519.70 2388.22 8119.16 8.4955 0.03 393 2388 100.00 38.53 23.0666  
19 135 0.0025 0.0000 100.0 518.67 643.13 1598.99 1425.20 14.62 21.61 552.94 2388.25 9042.27 1.30 47.88 519.73 2388.24 8120.63 8.4988 0.03 396 2388 100.00 38.49 23.2025  
19 136 0.0025 -0.0003 100.0 518.67 642.92 1597.09 1422.71 14.62 21.61 551.76 2388.29 9040.21 1.30 47.79 520.25 2388.22 8119.66 8.5123 0.03 397 2388 100.00 38.53 23.2237  
19 137 -0.0010 -0.0002 100.0 518.67 643.28 1594.50 1428.05 14.62 21.61 552.25 2388.27 9047.28 1.30 47.80 519.62 2388.23 8116.79 8.4547 0.03 395 2388 100.00 38.44 23.0693  
19 138 0.0020 -0.0002 100.0 518.67 643.11 1598.76 1423.31 14.62 21.61 552.20 2388.21 9041.60 1.30 47.95 520.11 2388.31 8118.35 8.5150 0.03 397 2388 100.00 38.72 23.1610  
19 139 0.0017 0.0004 100.0 518.67 643.54 1601.65 1425.36 14.62 21.61 550.69 2388.23 9043.92 1.30 47.96 520.29 2388.27 8121.34 8.4808 0.03 396 2388 100.00 38.60 22.9693  
19 140 -0.0004 -0.0000 100.0 518.67 643.32 1597.76 1417.45 14.62 21.61 551.81 2388.27 9040.71 1.30 48.17 519.93 2388.26 8121.99 8.4837 0.03 395 2388 100.00 38.58 23.0929  
19 141 -0.0042 -0.0003 100.0 518.67 643.23 1599.42 1421.72 14.62 21.61 551.78 2388.28 9041.85 1.30 47.92 520.41 2388.22 8120.20 8.4640 0.03 393 2388 100.00 38.64 23.1695  
19 142 -0.0008 -0.0000 100.0 518.67 643.65 1592.36 1416.28 14.62 21.61 551.36 2388.24 9041.98 1.30 47.96 519.93 2388.27 8119.97 8.4703 0.03 396 2388 100.00 38.57 23.2697  
19 143 -0.0006 0.0004 100.0 518.67 643.80 1599.10 1427.12 14.62 21.61 551.58 2388.25 9053.57 1.30 48.06 519.76 2388.30 8127.73 8.4631 0.03 395 2388 100.00 38.66 23.1593  
19 144 0.0015 -0.0005 100.0 518.67 643.68 1590.73 1425.19 14.62 21.61 551.58 2388.33 9038.57 1.30 47.97 520.04 2388.23 8121.40 8.5121 0.03 395 2388 100.00 38.55 23.2047  
19 145 -0.0005 0.0003 100.0 518.67 642.79 1597.69 1421.19 14.62 21.61 551.96 2388.31 9042.60 1.30 48.08 519.46 2388.19 8116.09 8.4982 0.03 393 2388 100.00 38.55 23.1480  
19 146 -0.0020 0.0003 100.0 518.67 643.03 1605.27 1424.03 14.62 21.61 552.16 2388.31 9043.71 1.30 48.18 519.52 2388.32 8116.25 8.5210 0.03 395 2388 100.00 38.49 23.0104  
19 147 0.0006 -0.0002 100.0 518.67 643.48 1604.18 1420.42 14.62 21.61 551.83 2388.28 9043.25 1.30 48.24 519.85 2388.26 8117.55 8.5010 0.03 396 2388 100.00 38.54 23.1683  
19 148 -0.0021 -0.0001 100.0 518.67 643.01 1605.53 1425.86 14.62 21.61 551.93 2388.32 9044.33 1.30 48.05 520.43 2388.27 8115.67 8.5190 0.03 398 2388 100.00 38.62 23.0838  
19 149 0.0016 -0.0002 100.0 518.67 643.57 1604.98 1421.34 14.62 21.61 551.76 2388.32 9044.55 1.30 48.00 519.30 2388.30 8123.56 8.5168 0.03 397 2388 100.00 38.43 23.1173  
19 150 0.0002 0.0001 100.0 518.67 643.51 1604.42 1431.34 14.62 21.61 551.38 2388.26 9042.26 1.30 48.14 519.79 2388.29 8119.07 8.4934 0.03 395 2388 100.00 38.50 23.1234  
19 151 -0.0009 0.0001 100.0 518.67 643.94 1603.13 1431.72 14.62 21.61 551.40 2388.32 9043.20 1.30 48.09 519.82 2388.30 8119.25 8.4940 0.03 397 2388 100.00 38.52 23.0814  
19 152 -0.0012 -0.0004 100.0 518.67 643.66 1603.80 1431.30 14.62 21.61 552.20 2388.30 9046.71 1.30 48.16 519.79 2388.26 8122.00 8.4974 0.03 395 2388 100.00 38.58 23.0703  
19 153 0.0014 0.0004 100.0 518.67 643.45 1596.48 1427.77 14.62 21.61 550.73 2388.25 9042.05 1.30 48.14 519.62 2388.31 8116.73 8.5113 0.03 396 2388 100.00 38.60 23.1006  
19 154 0.0051 0.0003 100.0 518.67 643.99 1600.85 1426.73 14.62 21.61 551.33 2388.27 9042.01 1.30 48.14 519.80 2388.29 8117.70 8.5145 0.03 397 2388 100.00 38.55 23.0470  
19 155 0.0019 0.0000 100.0 518.67 642.92 1601.97 1433.78 14.62 21.61 551.24 2388.31 9041.73 1.30 48.15 519.45 2388.26 8118.91 8.5215 0.03 395 2388 100.00 38.23 23.0530  
19 156 -0.0029 -0.0002 100.0 518.67 643.44 1601.17 1430.45 14.62 21.61 550.90 2388.27 9035.58 1.30 48.14 519.67 2388.27 8120.36 8.5380 0.03 396 2388 100.00 38.47 23.0858  
19 157 0.0026 0.0000 100.0 518.67 643.43 1597.38 1426.98 14.62 21.61 551.22 2388.28 9042.20 1.30 48.01 519.50 2388.29 8112.87 8.5381 0.03 395 2388 100.00 38.16 23.0758  
19 158 -0.0009 0.0004 100.0 518.67 643.34 1605.58 1433.97 14.62 21.61 550.84 2388.30 9051.89 1.30 48.23 519.22 2388.33 8117.14 8.5343 0.03 396 2388 100.00 38.28 22.9405  
20 1 0.0023 0.0002 100.0 518.67 643.00 1589.87 1404.30 14.62 21.61 553.44 2388.10 9063.70 1.30 47.56 521.93 2388.02 8136.61 8.4498 0.03 391 2388 100.00 38.88 23.2767  
20 2 0.0002 0.0000 100.0 518.67 642.72 1588.75 1406.60 14.62 21.61 553.77 2388.13 9055.40 1.30 47.67 520.66 2388.06 8136.47 8.4217 0.03 393 2388 100.00 38.79 23.2626  
20 3 -0.0010 -0.0001 100.0 518.67 642.90 1587.31 1404.30 14.62 21.61 552.91 2388.05 9055.83 1.30 47.49 521.14 2388.07 8136.89 8.4432 0.03 391 2388 100.00 38.79 23.2760  
20 4 0.0013 -0.0000 100.0 518.67 642.42 1583.00 1417.06 14.62 21.61 553.69 2388.04 9057.87 1.30 47.61 521.63 2388.09 8133.40 8.4390 0.03 393 2388 100.00 38.87 23.2784  
20 5 -0.0009 -0.0003 100.0 518.67 642.55 1585.71 1406.90 14.62 21.61 553.06 2388.06 9054.13 1.30 47.55 521.48 2388.09 8135.61 8.4171 0.03 392 2388 100.00 38.88 23.2748  
20 6 0.0010 -0.0003 100.0 518.67 643.16 1586.19 1403.67 14.62 21.61 552.42 2388.07 9054.09 1.30 47.48 521.62 2388.05 8130.93 8.4453 0.03 393 2388 100.00 38.82 23.3133  
20 7 0.0014 0.0004 100.0 518.67 642.44 1583.76 1404.13 14.62 21.61 554.40 2388.07 9058.45 1.30 47.56 521.07 2388.08 8142.14 8.4528 0.03 392 2388 100.00 38.94 23.2666  
20 8 -0.0017 -0.0005 100.0 518.67 642.66 1589.12 1408.09 14.62 21.61 553.43 2388.11 9051.23 1.30 47.46 521.09 2388.06 8132.59 8.4364 0.03 392 2388 100.00 38.79 23.2775  
20 9 0.0039 0.0004 100.0 518.67 642.39 1584.35 1403.87 14.62 21.61 553.46 2388.10 9056.89 1.30 47.61 521.43 2388.09 8135.27 8.4559 0.03 392 2388 100.00 38.88 23.3822  
20 10 0.0025 -0.0005 100.0 518.67 642.73 1585.04 1397.76 14.62 21.61 553.64 2388.09 9054.98 1.30 47.48 521.90 2388.12 8131.19 8.4414 0.03 392 2388 100.00 38.89 23.4045  
20 11 0.0019 0.0002 100.0 518.67 642.56 1586.04 1410.55 14.62 21.61 553.34 2388.08 9055.25 1.30 47.42 521.51 2388.11 8138.91 8.4197 0.03 394 2388 100.00 38.84 23.2635  
20 12 0.0037 0.0003 100.0 518.67 642.39 1585.47 1407.66 14.62 21.61 554.31 2388.06 9058.02 1.30 47.54 521.69 2388.10 8134.99 8.4545 0.03 393 2388 100.00 38.66 23.3024  
20 13 -0.0026 0.0003 100.0 518.67 642.76 1589.63 1405.47 14.62 21.61 553.92 2388.11 9050.25 1.30 47.37 521.45 2388.07 8133.40 8.4751 0.03 394 2388 100.00 38.70 23.2503  
20 14 0.0019 0.0002 100.0 518.67 642.31 1591.06 1411.72 14.62 21.61 552.96 2388.06 9059.48 1.30 47.60 521.67 2388.12 8136.14 8.4054 0.03 392 2388 100.00 38.93 23.3803  
20 15 -0.0046 -0.0005 100.0 518.67 641.83 1592.49 1406.63 14.62 21.61 553.42 2388.03 9057.06 1.30 47.61 521.28 2388.13 8137.29 8.4377 0.03 393 2388 100.00 38.94 23.3967  
20 16 0.0023 0.0003 100.0 518.67 642.45 1589.62 1399.90 14.62 21.61 553.36 2388.09 9058.45 1.30 47.42 522.03 2388.14 8135.58 8.4111 0.03 394 2388 100.00 38.83 23.3011  
20 17 -0.0009 0.0004 100.0 518.67 642.52 1588.52 1405.10 14.62 21.61 552.78 2388.16 9059.77 1.30 47.54 521.52 2388.10 8139.99 8.4460 0.03 391 2388 100.00 38.78 23.2310  
20 18 -0.0027 0.0001 100.0 518.67 642.63 1589.33 1404.53 14.62 21.61 554.07 2388.09 9050.60 1.30 47.52 520.19 2388.08 8137.14 8.4085 0.03 393 2388 100.00 38.90 23.3501  
20 19 0.0038 0.0005 100.0 518.67 643.10 1593.38 1403.45 14.62 21.61 553.66 2388.06 9059.70 1.30 47.37 520.99 2388.05 8142.76 8.4607 0.03 393 2388 100.00 38.89 23.2071  
20 20 -0.0013 -0.0001 100.0 518.67 642.78 1592.77 1406.23 14.62 21.61 553.05 2388.11 9060.11 1.30 47.35 521.31 2388.09 8134.90 8.4400 0.03 392 2388 100.00 38.78 23.3233  
20 21 -0.0023 0.0004 100.0 518.67 642.59 1583.52 1411.61 14.62 21.61 554.02 2388.07 9052.34 1.30 47.57 521.48 2388.11 8131.80 8.4344 0.03 394 2388 100.00 38.78 23.4263  
20 22 -0.0027 -0.0001 100.0 518.67 642.59 1585.06 1405.34 14.62 21.61 553.23 2388.11 9063.25 1.30 47.53 521.68 2388.09 8133.22 8.4422 0.03 392 2388 100.00 38.94 23.3007  
20 23 -0.0001 -0.0003 100.0 518.67 643.30 1601.08 1406.85 14.62 21.61 553.68 2388.10 9056.81 1.30 47.69 521.30 2388.12 8141.68 8.4479 0.03 394 2388 100.00 38.94 23.3758  
20 24 -0.0007 -0.0005 100.0 518.67 642.61 1588.31 1402.29 14.62 21.61 553.14 2388.07 9059.50 1.30 47.37 521.22 2388.03 8140.57 8.4664 0.03 393 2388 100.00 38.86 23.2466  
20 25 0.0014 -0.0003 100.0 518.67 642.22 1582.05 1407.26 14.62 21.61 553.85 2388.11 9051.94 1.30 47.54 521.52 2388.09 8142.21 8.4509 0.03 393 2388 100.00 38.97 23.2967  
20 26 0.0036 -0.0003 100.0 518.67 642.48 1596.63 1410.81 14.62 21.61 553.57 2388.08 9054.64 1.30 47.43 521.34 2388.08 8138.44 8.4508 0.03 394 2388 100.00 38.71 23.3192  
20 27 -0.0016 0.0003 100.0 518.67 643.11 1583.90 1404.13 14.62 21.61 553.25 2388.10 9049.63 1.30 47.56 521.67 2388.15 8138.66 8.4485 0.03 393 2388 100.00 38.85 23.3431  
20 28 -0.0029 -0.0002 100.0 518.67 642.52 1586.56 1404.01 14.62 21.61 553.30 2388.08 9061.35 1.30 47.40 521.17 2388.05 8139.86 8.4256 0.03 391 2388 100.00 38.78 23.3833  
20 29 0.0031 -0.0000 100.0 518.67 642.78 1587.38 1412.50 14.62 21.61 553.51 2388.06 9056.46 1.30 47.67 521.60 2388.13 8144.09 8.4180 0.03 393 2388 100.00 38.85 23.3385  
20 30 0.0009 -0.0005 100.0 518.67 642.92 1596.94 1405.78 14.62 21.61 553.37 2388.09 9051.02 1.30 47.53 520.94 2388.11 8137.16 8.4731 0.03 393 2388 100.00 38.70 23.1653  
20 31 -0.0017 0.0002 100.0 518.67 642.91 1591.65 1404.61 14.62 21.61 554.19 2388.11 9050.49 1.30 47.57 521.78 2388.16 8129.10 8.4334 0.03 395 2388 100.00 38.76 23.3442  
20 32 -0.0006 -0.0002 100.0 518.67 642.39 1590.01 1403.95 14.62 21.61 553.61 2388.05 9057.81 1.30 47.30 521.53 2388.04 8139.98 8.4505 0.03 394 2388 100.00 38.76 23.2600  
20 33 -0.0014 -0.0001 100.0 518.67 642.87 1590.95 1405.04 14.62 21.61 552.91 2388.09 9055.79 1.30 47.45 521.35 2388.10 8136.69 8.4725 0.03 393 2388 100.00 38.88 23.2933  
20 34 -0.0004 -0.0001 100.0 518.67 642.68 1594.78 1400.07 14.62 21.61 553.27 2388.07 9063.98 1.30 47.57 521.35 2388.05 8135.04 8.4479 0.03 393 2388 100.00 38.78 23.2300  
20 35 0.0008 -0.0000 100.0 518.67 642.68 1593.00 1408.04 14.62 21.61 553.62 2388.05 9060.80 1.30 47.53 520.92 2388.08 8140.74 8.4404 0.03 393 2388 100.00 38.83 23.2435  
20 36 0.0021 -0.0004 100.0 518.67 642.39 1590.16 1406.21 14.62 21.61 554.66 2388.12 9064.41 1.30 47.37 521.54 2388.07 8135.67 8.4676 0.03 393 2388 100.00 38.76 23.4161  
20 37 0.0000 -0.0001 100.0 518.67 642.86 1585.03 1408.03 14.62 21.61 553.27 2388.09 9057.37 1.30 47.33 521.05 2388.10 8139.38 8.4277 0.03 395 2388 100.00 38.72 23.3900  
20 38 -0.0034 0.0001 100.0 518.67 642.90 1593.58 1404.38 14.62 21.61 553.14 2388.08 9061.65 1.30 47.53 521.42 2388.11 8138.99 8.4333 0.03 392 2388 100.00 38.87 23.2588  
20 39 0.0025 -0.0003 100.0 518.67 642.76 1590.26 1404.61 14.62 21.61 554.11 2388.07 9059.52 1.30 47.38 521.62 2388.10 8137.09 8.4304 0.03 392 2388 100.00 39.04 23.3827  
20 40 -0.0003 -0.0003 100.0 518.67 642.85 1582.87 1409.39 14.62 21.61 553.29 2388.12 9059.76 1.30 47.63 521.86 2388.08 8139.35 8.4449 0.03 392 2388 100.00 38.75 23.3017  
20 41 -0.0021 0.0004 100.0 518.67 642.69 1588.76 1403.24 14.62 21.61 554.24 2388.14 9053.84 1.30 47.61 521.38 2388.10 8134.28 8.3917 0.03 394 2388 100.00 38.90 23.3647  
20 42 0.0026 -0.0004 100.0 518.67 642.68 1588.26 1410.67 14.62 21.61 553.31 2388.06 9054.51 1.30 47.57 521.68 2388.08 8135.62 8.4350 0.03 393 2388 100.00 38.75 23.1774  
20 43 -0.0036 0.0003 100.0 518.67 642.25 1588.46 1402.22 14.62 21.61 553.41 2388.14 9057.93 1.30 47.46 521.04 2388.17 8135.28 8.4702 0.03 392 2388 100.00 39.09 23.3041  
20 44 0.0008 -0.0004 100.0 518.67 642.55 1579.43 1406.18 14.62 21.61 554.13 2388.08 9058.31 1.30 47.28 521.41 2388.08 8143.42 8.4699 0.03 394 2388 100.00 38.69 23.3076  
20 45 -0.0035 0.0004 100.0 518.67 642.91 1589.92 1412.98 14.62 21.61 553.39 2388.12 9058.56 1.30 47.40 521.36 2388.13 8132.16 8.4420 0.03 393 2388 100.00 38.83 23.2619  
20 46 -0.0006 0.0002 100.0 518.67 641.94 1587.30 1406.72 14.62 21.61 552.68 2388.14 9060.33 1.30 47.54 521.65 2388.07 8137.34 8.4218 0.03 395 2388 100.00 38.93 23.2239  
20 47 -0.0004 0.0004 100.0 518.67 642.59 1586.41 1403.20 14.62 21.61 553.54 2388.09 9047.97 1.30 47.61 521.51 2388.13 8135.78 8.4340 0.03 395 2388 100.00 38.93 23.3577  
20 48 0.0004 -0.0004 100.0 518.67 642.70 1587.24 1415.13 14.62 21.61 553.59 2388.07 9054.79 1.30 47.58 521.31 2388.12 8141.39 8.4339 0.03 394 2388 100.00 38.78 23.3285  
20 49 0.0002 0.0001 100.0 518.67 642.52 1595.78 1410.36 14.62 21.61 553.26 2388.13 9055.89 1.30 47.54 521.41 2388.07 8138.41 8.4592 0.03 393 2388 100.00 38.80 23.3159  
20 50 -0.0007 -0.0003 100.0 518.67 642.56 1589.15 1404.24 14.62 21.61 553.59 2388.10 9057.09 1.30 47.53 521.06 2388.07 8132.64 8.4435 0.03 393 2388 100.00 38.81 23.2622  
20 51 0.0026 -0.0000 100.0 518.67 643.17 1588.28 1406.11 14.62 21.61 553.11 2388.10 9062.12 1.30 47.46 521.13 2388.11 8141.10 8.4609 0.03 393 2388 100.00 38.90 23.2330  
20 52 -0.0052 0.0005 100.0 518.67 643.46 1589.91 1407.67 14.62 21.61 553.68 2388.11 9053.88 1.30 47.42 521.76 2388.06 8140.52 8.4438 0.03 393 2388 100.00 38.83 23.2739  
20 53 0.0031 0.0002 100.0 518.67 642.68 1585.19 1407.01 14.62 21.61 553.45 2388.11 9056.14 1.30 47.64 521.99 2388.09 8142.38 8.4658 0.03 395 2388 100.00 39.05 23.2878  
20 54 0.0045 -0.0000 100.0 518.67 642.76 1584.28 1408.61 14.62 21.61 553.74 2388.08 9055.32 1.30 47.61 521.49 2388.13 8140.54 8.4488 0.03 393 2388 100.00 38.98 23.4201  
20 55 -0.0007 0.0000 100.0 518.67 642.67 1595.03 1409.77 14.62 21.61 553.30 2388.14 9057.93 1.30 47.51 521.66 2388.10 8136.72 8.4483 0.03 393 2388 100.00 38.96 23.2591  
20 56 0.0020 0.0001 100.0 518.67 643.00 1589.89 1415.21 14.62 21.61 553.40 2388.10 9066.92 1.30 47.58 521.67 2388.10 8141.42 8.4164 0.03 393 2388 100.00 38.94 23.2907  
20 57 -0.0005 0.0001 100.0 518.67 642.69 1584.64 1404.85 14.62 21.61 553.99 2388.11 9049.47 1.30 47.51 521.59 2388.04 8136.40 8.4343 0.03 390 2388 100.00 38.86 23.2940  
20 58 0.0006 0.0005 100.0 518.67 642.56 1592.77 1410.07 14.62 21.61 552.63 2388.14 9059.35 1.30 47.49 521.61 2388.06 8146.61 8.4387 0.03 392 2388 100.00 38.88 23.2305  
20 59 -0.0001 0.0003 100.0 518.67 642.89 1586.18 1407.96 14.62 21.61 553.06 2388.14 9062.34 1.30 47.64 521.63 2388.08 8142.79 8.4483 0.03 393 2388 100.00 38.70 23.2829  
20 60 0.0007 0.0003 100.0 518.67 643.15 1585.89 1408.67 14.62 21.61 552.65 2388.04 9057.57 1.30 47.47 521.09 2388.08 8132.59 8.4581 0.03 394 2388 100.00 38.75 23.2750  
20 61 0.0049 -0.0005 100.0 518.67 642.29 1588.64 1409.54 14.62 21.61 553.40 2388.07 9053.22 1.30 47.32 521.81 2388.10 8137.10 8.4550 0.03 392 2388 100.00 38.83 23.3002  
20 62 -0.0001 -0.0004 100.0 518.67 642.09 1588.38 1402.10 14.62 21.61 552.69 2388.13 9052.94 1.30 47.41 520.83 2388.12 8135.09 8.4092 0.03 391 2388 100.00 38.91 23.2064  
20 63 -0.0026 0.0004 100.0 518.67 642.70 1588.44 1411.68 14.62 21.61 553.70 2388.08 9057.17 1.30 47.43 521.59 2388.10 8140.71 8.4180 0.03 394 2388 100.00 38.78 23.2909  
20 64 0.0001 0.0005 100.0 518.67 642.56 1589.55 1411.22 14.62 21.61 552.85 2388.09 9057.52 1.30 47.53 521.38 2388.10 8137.34 8.4400 0.03 393 2388 100.00 38.84 23.3248  
20 65 -0.0004 0.0004 100.0 518.67 642.81 1580.74 1407.01 14.62 21.61 553.95 2388.14 9053.85 1.30 47.51 521.65 2388.11 8135.77 8.4251 0.03 394 2388 100.00 38.83 23.4223  
20 66 0.0032 -0.0005 100.0 518.67 642.32 1584.07 1404.98 14.62 21.61 551.82 2388.11 9051.49 1.30 47.51 521.20 2388.05 8146.16 8.4593 0.03 392 2388 100.00 38.76 23.2613  
20 67 0.0018 -0.0000 100.0 518.67 642.50 1593.76 1407.67 14.62 21.61 553.17 2388.06 9062.57 1.30 47.38 521.54 2388.09 8147.16 8.4577 0.03 393 2388 100.00 38.80 23.3067  
20 68 0.0016 0.0004 100.0 518.67 642.18 1586.15 1406.39 14.62 21.61 553.02 2388.13 9058.24 1.30 47.54 521.18 2388.15 8138.03 8.4292 0.03 393 2388 100.00 38.66 23.3743  
20 69 -0.0004 0.0000 100.0 518.67 642.28 1592.13 1404.19 14.62 21.61 553.28 2388.11 9051.34 1.30 47.38 521.29 2388.10 8138.39 8.4573 0.03 393 2388 100.00 38.73 23.3020  
20 70 0.0006 -0.0002 100.0 518.67 642.50 1590.96 1408.90 14.62 21.61 553.18 2388.10 9056.14 1.30 47.45 520.96 2388.10 8141.09 8.4021 0.03 393 2388 100.00 38.81 23.3289  
20 71 0.0023 0.0002 100.0 518.67 642.34 1588.94 1406.93 14.62 21.61 553.50 2388.12 9051.52 1.30 47.50 521.51 2388.12 8136.06 8.4797 0.03 394 2388 100.00 38.93 23.2532  
20 72 -0.0006 0.0003 100.0 518.67 642.73 1590.70 1398.84 14.62 21.61 553.74 2388.08 9057.53 1.30 47.62 521.81 2388.06 8137.81 8.4701 0.03 391 2388 100.00 38.83 23.2108  
20 73 -0.0019 0.0001 100.0 518.67 642.35 1594.40 1402.21 14.62 21.61 553.97 2388.07 9054.38 1.30 47.66 521.12 2388.05 8138.22 8.4661 0.03 392 2388 100.00 38.79 23.1704  
20 74 -0.0028 -0.0001 100.0 518.67 642.53 1597.95 1414.01 14.62 21.61 553.44 2388.10 9053.35 1.30 47.50 521.42 2388.10 8138.45 8.4571 0.03 393 2388 100.00 38.95 23.3986  
20 75 0.0016 0.0003 100.0 518.67 642.98 1587.91 1406.72 14.62 21.61 553.37 2388.09 9060.42 1.30 47.62 521.87 2388.15 8133.54 8.4613 0.03 394 2388 100.00 38.87 23.3528  
20 76 0.0001 -0.0005 100.0 518.67 642.12 1592.48 1399.40 14.62 21.61 553.62 2388.09 9060.13 1.30 47.53 521.42 2388.03 8138.96 8.4348 0.03 394 2388 100.00 38.76 23.3029  
20 77 -0.0014 0.0001 100.0 518.67 642.50 1589.91 1410.40 14.62 21.61 552.55 2388.05 9059.14 1.30 47.52 521.94 2388.04 8137.35 8.4364 0.03 393 2388 100.00 38.81 23.3197  
20 78 -0.0040 -0.0001 100.0 518.67 642.18 1586.29 1406.63 14.62 21.61 552.46 2388.07 9060.20 1.30 47.49 521.75 2388.11 8139.68 8.4145 0.03 393 2388 100.00 38.77 23.3192  
20 79 -0.0005 -0.0004 100.0 518.67 642.58 1586.81 1414.27 14.62 21.61 553.35 2388.12 9064.77 1.30 47.51 521.42 2388.12 8133.79 8.4300 0.03 393 2388 100.00 38.83 23.2583  
20 80 -0.0018 -0.0003 100.0 518.67 642.40 1589.25 1413.43 14.62 21.61 553.35 2388.11 9061.18 1.30 47.46 521.93 2388.08 8144.03 8.4315 0.03 393 2388 100.00 38.80 23.2943  
20 81 0.0011 -0.0003 100.0 518.67 643.09 1589.36 1411.33 14.62 21.61 553.64 2388.11 9059.98 1.30 47.63 521.34 2388.06 8139.33 8.4480 0.03 393 2388 100.00 38.76 23.4235  
20 82 0.0057 0.0000 100.0 518.67 642.54 1593.93 1411.86 14.62 21.61 553.48 2388.10 9060.64 1.30 47.55 521.62 2388.15 8136.89 8.4394 0.03 391 2388 100.00 38.96 23.2727  
20 83 0.0004 0.0005 100.0 518.67 643.20 1596.52 1402.75 14.62 21.61 552.49 2388.17 9057.86 1.30 47.63 521.06 2388.10 8137.93 8.4846 0.03 391 2388 100.00 38.69 23.3133  
20 84 -0.0006 -0.0004 100.0 518.67 642.37 1588.61 1408.82 14.62 21.61 553.53 2388.13 9060.71 1.30 47.44 521.36 2388.10 8142.83 8.4453 0.03 392 2388 100.00 38.75 23.2789  
20 85 -0.0031 0.0001 100.0 518.67 642.22 1587.60 1412.57 14.62 21.61 552.57 2388.08 9061.08 1.30 47.47 521.51 2388.14 8136.87 8.4454 0.03 393 2388 100.00 38.78 23.2369  
20 86 -0.0002 -0.0001 100.0 518.67 642.97 1590.15 1406.15 14.62 21.61 553.18 2388.11 9060.70 1.30 47.42 521.61 2388.09 8139.44 8.4384 0.03 394 2388 100.00 38.69 23.4045  
20 87 0.0020 -0.0003 100.0 518.67 642.16 1592.56 1410.69 14.62 21.61 553.44 2388.08 9064.70 1.30 47.53 521.61 2388.09 8137.50 8.4147 0.03 393 2388 100.00 38.84 23.2796  
20 88 0.0030 -0.0004 100.0 518.67 642.49 1595.10 1411.53 14.62 21.61 553.55 2388.18 9063.09 1.30 47.52 521.16 2388.21 8136.92 8.4409 0.03 392 2388 100.00 38.98 23.3322  
20 89 -0.0001 0.0000 100.0 518.67 642.69 1593.79 1412.23 14.62 21.61 552.42 2388.07 9057.21 1.30 47.46 521.56 2388.12 8140.19 8.4741 0.03 393 2388 100.00 38.84 23.3110  
20 90 -0.0024 -0.0004 100.0 518.67 643.07 1594.25 1408.04 14.62 21.61 552.72 2388.10 9058.73 1.30 47.44 521.64 2388.10 8140.22 8.4137 0.03 394 2388 100.00 38.79 23.3096  
20 91 -0.0002 -0.0000 100.0 518.67 642.47 1589.57 1407.24 14.62 21.61 552.62 2388.11 9054.59 1.30 47.51 521.41 2388.11 8140.43 8.4123 0.03 395 2388 100.00 38.76 23.2504  
20 92 -0.0006 -0.0003 100.0 518.67 643.20 1586.33 1414.36 14.62 21.61 554.05 2388.05 9057.93 1.30 47.73 521.25 2388.06 8135.70 8.4384 0.03 393 2388 100.00 38.76 23.1659  
20 93 0.0042 -0.0003 100.0 518.67 642.66 1601.51 1409.78 14.62 21.61 553.41 2388.08 9058.76 1.30 47.62 521.27 2388.10 8141.85 8.4660 0.03 393 2388 100.00 38.86 23.2592  
20 94 -0.0006 -0.0002 100.0 518.67 643.05 1589.38 1406.97 14.62 21.61 553.78 2388.10 9067.19 1.30 47.56 521.88 2388.10 8140.89 8.4072 0.03 394 2388 100.00 38.79 23.3717  
20 95 0.0031 -0.0003 100.0 518.67 642.89 1597.01 1403.40 14.62 21.61 552.71 2388.07 9058.17 1.30 47.42 521.86 2388.14 8138.41 8.4386 0.03 394 2388 100.00 38.87 23.3039  
20 96 0.0016 0.0001 100.0 518.67 642.86 1593.33 1408.40 14.62 21.61 552.90 2388.04 9062.90 1.30 47.59 521.16 2388.15 8143.51 8.4466 0.03 393 2388 100.00 38.78 23.3181  
20 97 0.0040 -0.0002 100.0 518.67 643.38 1590.61 1408.42 14.62 21.61 552.93 2388.12 9060.69 1.30 47.65 521.00 2388.06 8135.99 8.4367 0.03 392 2388 100.00 38.94 23.2089  
20 98 0.0006 0.0003 100.0 518.67 643.09 1596.53 1403.14 14.62 21.61 553.54 2388.15 9062.55 1.30 47.63 521.71 2388.08 8140.95 8.4485 0.03 393 2388 100.00 38.88 23.3350  
20 99 0.0023 -0.0001 100.0 518.67 642.29 1591.27 1415.57 14.62 21.61 553.43 2388.13 9060.61 1.30 47.42 521.24 2388.11 8137.55 8.4493 0.03 393 2388 100.00 38.93 23.2234  
20 100 -0.0008 0.0004 100.0 518.67 642.87 1592.56 1405.75 14.62 21.61 553.07 2388.05 9057.92 1.30 47.54 521.03 2388.13 8139.39 8.4343 0.03 394 2388 100.00 38.65 23.2563  
20 101 -0.0013 -0.0004 100.0 518.67 642.28 1588.07 1409.94 14.62 21.61 553.09 2388.09 9058.91 1.30 47.62 520.88 2388.11 8133.74 8.4615 0.03 393 2388 100.00 38.97 23.3331  
20 102 0.0005 -0.0001 100.0 518.67 642.94 1591.15 1404.37 14.62 21.61 553.17 2388.11 9058.90 1.30 47.66 521.08 2388.08 8141.74 8.4570 0.03 393 2388 100.00 38.76 23.2615  
20 103 -0.0007 0.0003 100.0 518.67 643.16 1594.68 1407.17 14.62 21.61 553.25 2388.08 9058.04 1.30 47.46 521.75 2388.12 8135.38 8.4460 0.03 393 2388 100.00 38.80 23.2814  
20 104 -0.0058 0.0002 100.0 518.67 643.13 1587.03 1406.89 14.62 21.61 553.12 2388.13 9060.65 1.30 47.34 521.71 2388.04 8139.02 8.4214 0.03 391 2388 100.00 38.82 23.2237  
20 105 0.0034 -0.0003 100.0 518.67 642.76 1580.84 1413.80 14.62 21.61 552.45 2388.08 9057.16 1.30 47.66 521.21 2388.06 8145.59 8.4386 0.03 393 2388 100.00 38.79 23.3195  
20 106 -0.0011 -0.0002 100.0 518.67 642.22 1589.26 1413.83 14.62 21.61 553.31 2388.13 9066.42 1.30 47.45 521.45 2388.12 8138.85 8.4393 0.03 395 2388 100.00 38.72 23.2713  
20 107 0.0017 0.0003 100.0 518.67 642.56 1588.92 1410.89 14.62 21.61 552.87 2388.14 9062.07 1.30 47.66 521.11 2388.14 8136.64 8.4372 0.03 393 2388 100.00 38.67 23.2237  
20 108 -0.0007 -0.0002 100.0 518.67 642.32 1585.96 1408.45 14.62 21.61 553.24 2388.12 9060.99 1.30 47.57 521.68 2388.10 8143.61 8.4528 0.03 393 2388 100.00 38.82 23.3125  
20 109 0.0028 0.0002 100.0 518.67 642.53 1588.51 1409.00 14.62 21.61 552.52 2388.15 9056.66 1.30 47.45 521.38 2388.10 8141.68 8.4349 0.03 392 2388 100.00 38.79 23.2156  
20 110 -0.0006 0.0004 100.0 518.67 642.62 1584.45 1410.61 14.62 21.61 553.03 2388.08 9060.64 1.30 47.78 520.91 2388.09 8135.35 8.4366 0.03 392 2388 100.00 38.74 23.2607  
20 111 -0.0035 -0.0004 100.0 518.67 642.86 1590.05 1405.06 14.62 21.61 553.36 2388.10 9053.91 1.30 47.58 521.45 2388.11 8138.37 8.4340 0.03 393 2388 100.00 38.94 23.2636  
20 112 -0.0011 -0.0005 100.0 518.67 642.58 1592.34 1419.48 14.62 21.61 553.64 2388.16 9061.63 1.30 47.73 520.82 2388.07 8140.16 8.4348 0.03 394 2388 100.00 38.69 23.3227  
20 113 -0.0006 0.0003 100.0 518.67 642.96 1592.95 1407.37 14.62 21.61 553.42 2388.07 9063.84 1.30 47.54 520.45 2388.10 8134.47 8.4672 0.03 393 2388 100.00 38.83 23.3092  
20 114 0.0036 -0.0003 100.0 518.67 642.98 1593.88 1403.16 14.62 21.61 553.35 2388.07 9060.60 1.30 47.59 521.51 2388.06 8136.78 8.4700 0.03 393 2388 100.00 38.77 23.2415  
20 115 -0.0000 -0.0001 100.0 518.67 642.73 1592.16 1412.45 14.62 21.61 553.30 2388.08 9060.14 1.30 47.50 521.76 2388.10 8140.81 8.4493 0.03 394 2388 100.00 38.73 23.2474  
20 116 0.0014 -0.0002 100.0 518.67 642.47 1595.27 1408.38 14.62 21.61 553.00 2388.17 9065.59 1.30 47.82 521.45 2388.12 8140.34 8.4435 0.03 394 2388 100.00 38.72 23.2964  
20 117 0.0019 0.0004 100.0 518.67 643.06 1590.81 1416.90 14.62 21.61 553.62 2388.13 9058.63 1.30 47.69 521.68 2388.08 8138.99 8.4683 0.03 392 2388 100.00 38.77 23.2988  
20 118 -0.0000 0.0004 100.0 518.67 642.55 1587.34 1415.72 14.62 21.61 553.60 2388.17 9055.04 1.30 47.73 520.89 2388.15 8136.46 8.4446 0.03 393 2388 100.00 38.81 23.3293  
20 119 -0.0013 -0.0002 100.0 518.67 642.55 1592.14 1407.61 14.62 21.61 553.54 2388.12 9057.24 1.30 47.69 521.52 2388.05 8134.77 8.4563 0.03 394 2388 100.00 38.76 23.3315  
20 120 0.0021 0.0004 100.0 518.67 642.58 1586.67 1410.99 14.62 21.61 553.00 2388.11 9068.42 1.30 47.50 520.77 2388.07 8140.96 8.4339 0.03 394 2388 100.00 38.89 23.2364  
20 121 0.0013 -0.0001 100.0 518.67 642.96 1591.04 1409.02 14.62 21.61 553.11 2388.09 9062.11 1.30 47.62 521.53 2388.04 8146.45 8.4530 0.03 395 2388 100.00 38.68 23.3508  
20 122 -0.0003 -0.0000 100.0 518.67 642.71 1590.26 1421.62 14.62 21.61 552.80 2388.14 9063.95 1.30 47.62 521.54 2388.10 8141.91 8.4346 0.03 394 2388 100.00 38.59 23.2506  
20 123 -0.0005 0.0002 100.0 518.67 642.68 1587.22 1414.97 14.62 21.61 552.77 2388.12 9061.94 1.30 47.62 520.98 2388.14 8138.06 8.4516 0.03 394 2388 100.00 38.73 23.3264  
20 124 0.0013 -0.0005 100.0 518.67 642.56 1596.01 1415.17 14.62 21.61 553.20 2388.10 9057.88 1.30 47.63 521.36 2388.11 8143.78 8.4437 0.03 394 2388 100.00 38.82 23.2722  
20 125 0.0051 0.0005 100.0 518.67 642.56 1593.75 1409.01 14.62 21.61 553.45 2388.16 9056.81 1.30 47.71 521.65 2388.12 8140.99 8.4587 0.03 394 2388 100.00 38.69 23.2647  
20 126 0.0030 -0.0001 100.0 518.67 642.91 1596.42 1413.12 14.62 21.61 552.71 2388.13 9052.58 1.30 47.61 521.36 2388.10 8137.46 8.4697 0.03 394 2388 100.00 38.79 23.2043  
20 127 -0.0005 -0.0000 100.0 518.67 642.92 1594.01 1413.40 14.62 21.61 553.42 2388.11 9059.41 1.30 47.52 521.07 2388.12 8141.13 8.4333 0.03 393 2388 100.00 38.68 23.2313  
20 128 -0.0044 0.0003 100.0 518.67 642.74 1595.71 1411.40 14.62 21.61 553.37 2388.10 9060.80 1.30 47.52 521.67 2388.12 8136.86 8.4356 0.03 393 2388 100.00 38.76 23.2587  
20 129 0.0015 -0.0005 100.0 518.67 642.25 1594.04 1421.01 14.62 21.61 553.44 2388.11 9055.94 1.30 47.79 521.60 2388.13 8137.32 8.4173 0.03 393 2388 100.00 38.82 23.2420  
20 130 0.0020 -0.0003 100.0 518.67 642.45 1592.86 1408.14 14.62 21.61 552.54 2388.10 9068.84 1.30 47.67 521.28 2388.14 8139.68 8.4576 0.03 394 2388 100.00 38.74 23.3206  
20 131 0.0000 0.0003 100.0 518.67 642.69 1586.67 1413.62 14.62 21.61 552.36 2388.13 9066.88 1.30 47.57 521.39 2388.13 8141.46 8.4446 0.03 394 2388 100.00 38.81 23.3337  
20 132 -0.0005 0.0003 100.0 518.67 642.20 1590.09 1407.34 14.62 21.61 553.17 2388.13 9066.64 1.30 47.70 520.54 2388.14 8139.06 8.4121 0.03 394 2388 100.00 38.61 23.2953  
20 133 0.0002 -0.0000 100.0 518.67 642.58 1594.52 1410.09 14.62 21.61 553.19 2388.11 9058.50 1.30 47.59 521.35 2388.13 8137.58 8.4603 0.03 394 2388 100.00 38.71 23.2711  
20 134 0.0001 0.0003 100.0 518.67 642.99 1587.89 1415.42 14.62 21.61 553.08 2388.14 9060.12 1.30 47.66 521.31 2388.09 8141.33 8.4661 0.03 393 2388 100.00 38.76 23.3411  
20 135 0.0014 -0.0005 100.0 518.67 642.64 1587.12 1412.36 14.62 21.61 553.02 2388.13 9064.44 1.30 47.52 521.30 2388.12 8135.68 8.4510 0.03 394 2388 100.00 38.62 23.1733  
20 136 -0.0015 -0.0005 100.0 518.67 642.65 1597.03 1410.97 14.62 21.61 552.89 2388.11 9065.56 1.30 47.59 521.31 2388.14 8137.22 8.4641 0.03 395 2388 100.00 38.93 23.3832  
20 137 -0.0027 -0.0003 100.0 518.67 643.02 1598.18 1413.35 14.62 21.61 553.55 2388.15 9062.39 1.30 47.57 521.57 2388.15 8148.42 8.4452 0.03 394 2388 100.00 38.75 23.3033  
20 138 -0.0002 -0.0004 100.0 518.67 642.79 1592.56 1412.27 14.62 21.61 553.55 2388.14 9055.50 1.30 47.61 521.16 2388.17 8139.99 8.4279 0.03 393 2388 100.00 38.67 23.2034  
20 139 -0.0011 -0.0002 100.0 518.67 642.75 1590.01 1410.97 14.62 21.61 552.70 2388.19 9063.08 1.30 47.69 521.44 2388.11 8137.11 8.4398 0.03 394 2388 100.00 38.90 23.1815  
20 140 -0.0010 -0.0002 100.0 518.67 642.62 1600.27 1407.27 14.62 21.61 553.55 2388.11 9067.59 1.30 47.61 521.22 2388.11 8141.41 8.4628 0.03 394 2388 100.00 38.68 23.2348  
20 141 0.0051 0.0004 100.0 518.67 642.90 1599.73 1420.41 14.62 21.61 552.92 2388.14 9062.38 1.30 47.62 521.73 2388.13 8136.49 8.4522 0.03 395 2388 100.00 38.84 23.1094  
20 142 0.0034 0.0002 100.0 518.67 642.41 1591.21 1416.28 14.62 21.61 552.97 2388.17 9058.04 1.30 47.58 520.80 2388.10 8142.15 8.4180 0.03 393 2388 100.00 38.59 23.2429  
20 143 -0.0005 0.0003 100.0 518.67 643.39 1592.93 1416.04 14.62 21.61 552.60 2388.11 9065.94 1.30 47.51 521.28 2388.08 8141.60 8.4664 0.03 394 2388 100.00 38.69 23.2783  
20 144 -0.0025 0.0004 100.0 518.67 642.72 1594.93 1416.54 14.62 21.61 552.68 2388.11 9070.38 1.30 47.65 521.22 2388.12 8137.22 8.4845 0.03 394 2388 100.00 38.82 23.3204  
20 145 0.0047 -0.0005 100.0 518.67 642.98 1596.60 1414.15 14.62 21.61 553.46 2388.09 9068.28 1.30 47.67 521.44 2388.14 8143.24 8.4415 0.03 393 2388 100.00 38.54 23.1990  
20 146 0.0012 -0.0004 100.0 518.67 643.05 1592.33 1404.64 14.62 21.61 553.24 2388.09 9055.71 1.30 47.82 521.13 2388.10 8136.46 8.4609 0.03 394 2388 100.00 38.67 23.1918  
20 147 -0.0028 -0.0002 100.0 518.67 643.19 1589.88 1409.92 14.62 21.61 553.99 2388.09 9064.06 1.30 47.71 520.85 2388.11 8138.94 8.4524 0.03 393 2388 100.00 38.78 23.2974  
20 148 0.0002 -0.0001 100.0 518.67 642.93 1590.95 1412.77 14.62 21.61 553.18 2388.13 9058.90 1.30 47.68 521.48 2388.12 8136.15 8.4496 0.03 394 2388 100.00 38.75 23.2748  
20 149 0.0016 0.0001 100.0 518.67 643.06 1598.73 1412.56 14.62 21.61 553.72 2388.12 9064.40 1.30 47.69 521.69 2388.16 8140.78 8.4162 0.03 393 2388 100.00 38.70 23.1124  
20 150 -0.0005 0.0001 100.0 518.67 642.70 1600.21 1417.73 14.62 21.61 553.35 2388.15 9062.19 1.30 47.64 520.92 2388.17 8142.64 8.4814 0.03 395 2388 100.00 38.75 23.3095  
20 151 0.0034 -0.0000 100.0 518.67 643.10 1594.23 1409.21 14.62 21.61 553.05 2388.13 9068.04 1.30 47.80 521.64 2388.08 8143.41 8.4717 0.03 395 2388 100.00 38.69 23.2525  
20 152 -0.0022 -0.0005 100.0 518.67 642.41 1594.61 1401.58 14.62 21.61 553.04 2388.14 9059.92 1.30 47.59 520.89 2388.16 8134.72 8.4943 0.03 393 2388 100.00 38.74 23.2657  
20 153 -0.0017 0.0002 100.0 518.67 642.86 1588.39 1412.65 14.62 21.61 553.11 2388.10 9061.32 1.30 47.49 520.98 2388.18 8139.06 8.4500 0.03 394 2388 100.00 38.62 23.2965  
20 154 -0.0032 -0.0001 100.0 518.67 642.38 1590.07 1407.12 14.62 21.61 552.94 2388.11 9062.98 1.30 47.79 521.03 2388.11 8145.30 8.4504 0.03 393 2388 100.00 38.76 23.2014  
20 155 -0.0001 0.0004 100.0 518.67 643.09 1593.13 1411.45 14.62 21.61 552.37 2388.10 9059.44 1.30 47.77 520.69 2388.17 8137.89 8.4186 0.03 393 2388 100.00 38.67 23.2963  
20 156 0.0019 0.0001 100.0 518.67 642.73 1591.78 1412.73 14.62 21.61 553.09 2388.09 9070.42 1.30 47.93 521.07 2388.17 8138.18 8.4519 0.03 393 2388 100.00 38.65 23.1988  
20 157 -0.0047 -0.0001 100.0 518.67 642.31 1591.12 1418.07 14.62 21.61 552.90 2388.14 9063.64 1.30 47.67 521.33 2388.13 8136.97 8.4801 0.03 394 2388 100.00 38.87 23.2796  
20 158 0.0041 0.0001 100.0 518.67 642.44 1594.70 1417.94 14.62 21.61 552.84 2388.17 9063.21 1.30 47.79 521.23 2388.10 8141.89 8.4683 0.03 394 2388 100.00 38.95 23.2120  
20 159 -0.0027 0.0002 100.0 518.67 642.71 1584.55 1417.95 14.62 21.61 553.34 2388.17 9062.08 1.30 47.65 520.50 2388.12 8140.89 8.4488 0.03 395 2388 100.00 38.63 23.2674  
20 160 -0.0004 0.0005 100.0 518.67 643.31 1595.32 1415.59 14.62 21.61 552.90 2388.09 9070.25 1.30 47.81 521.27 2388.14 8142.16 8.4556 0.03 397 2388 100.00 38.73 23.1871  
20 161 -0.0009 0.0001 100.0 518.67 642.94 1595.83 1416.61 14.62 21.61 552.49 2388.11 9073.51 1.30 47.89 521.05 2388.07 8146.52 8.4465 0.03 393 2388 100.00 38.58 23.1748  
20 162 -0.0035 -0.0003 100.0 518.67 643.14 1593.15 1415.99 14.62 21.61 552.30 2388.13 9057.25 1.30 47.61 520.87 2388.11 8143.42 8.4634 0.03 394 2388 100.00 38.82 23.1721  
20 163 -0.0034 0.0000 100.0 518.67 643.23 1595.80 1412.52 14.62 21.61 552.88 2388.18 9064.60 1.30 47.66 520.62 2388.15 8145.64 8.4582 0.03 395 2388 100.00 38.84 23.2628  
20 164 0.0018 0.0004 100.0 518.67 643.17 1593.99 1421.13 14.62 21.61 553.49 2388.10 9058.68 1.30 47.57 520.52 2388.17 8140.33 8.4629 0.03 394 2388 100.00 38.79 23.2290  
20 165 -0.0001 -0.0002 100.0 518.67 642.64 1601.00 1410.17 14.62 21.61 552.73 2388.17 9065.29 1.30 47.76 520.91 2388.16 8138.59 8.4694 0.03 392 2388 100.00 38.87 23.1233  
20 166 -0.0017 -0.0003 100.0 518.67 642.69 1590.41 1416.29 14.62 21.61 552.65 2388.17 9061.37 1.30 47.83 521.03 2388.13 8142.62 8.4338 0.03 396 2388 100.00 38.76 23.3285  
20 167 -0.0010 0.0003 100.0 518.67 642.65 1589.78 1410.74 14.62 21.61 552.55 2388.16 9071.21 1.30 47.71 520.83 2388.11 8134.82 8.4519 0.03 394 2388 100.00 38.63 23.1760  
20 168 0.0049 0.0002 100.0 518.67 643.13 1599.66 1414.58 14.62 21.61 552.54 2388.12 9065.49 1.30 47.81 521.02 2388.11 8138.99 8.4653 0.03 395 2388 100.00 38.66 23.1948  
20 169 -0.0047 -0.0003 100.0 518.67 642.37 1592.26 1413.95 14.62 21.61 552.35 2388.19 9058.74 1.30 47.74 520.82 2388.15 8143.75 8.4925 0.03 395 2388 100.00 38.81 23.2510  
20 170 0.0012 0.0004 100.0 518.67 642.18 1593.13 1417.33 14.62 21.61 552.50 2388.15 9062.80 1.30 47.64 520.78 2388.12 8141.56 8.4758 0.03 393 2388 100.00 38.60 23.2537  
20 171 -0.0025 0.0001 100.0 518.67 643.06 1598.96 1421.32 14.62 21.61 552.48 2388.17 9062.15 1.30 47.63 519.82 2388.15 8144.38 8.4697 0.03 393 2388 100.00 38.66 23.3033  
20 172 0.0023 0.0000 100.0 518.67 642.32 1596.24 1414.06 14.62 21.61 552.69 2388.10 9065.34 1.30 47.83 521.08 2388.15 8138.55 8.4567 0.03 394 2388 100.00 38.78 23.1996  
20 173 0.0011 -0.0005 100.0 518.67 642.90 1592.72 1413.52 14.62 21.61 553.10 2388.15 9072.47 1.30 47.80 520.79 2388.17 8139.47 8.4873 0.03 395 2388 100.00 38.54 23.2269  
20 174 -0.0009 0.0003 100.0 518.67 642.87 1597.12 1413.39 14.62 21.61 552.95 2388.14 9064.49 1.30 47.79 520.41 2388.13 8143.42 8.4328 0.03 395 2388 100.00 38.65 23.1606  
20 175 0.0051 0.0002 100.0 518.67 642.77 1596.39 1422.24 14.62 21.61 552.62 2388.15 9062.84 1.30 47.81 521.04 2388.18 8138.19 8.4394 0.03 395 2388 100.00 38.63 23.2445  
20 176 0.0020 -0.0002 100.0 518.67 643.46 1600.36 1413.40 14.62 21.61 553.05 2388.15 9064.22 1.30 47.75 521.01 2388.15 8146.98 8.4602 0.03 395 2388 100.00 38.78 23.2303  
20 177 -0.0015 0.0001 100.0 518.67 642.92 1592.53 1414.73 14.62 21.61 553.30 2388.22 9063.23 1.30 47.74 520.56 2388.17 8144.99 8.4738 0.03 395 2388 100.00 38.69 23.1155  
20 178 -0.0001 -0.0004 100.0 518.67 642.70 1594.94 1411.79 14.62 21.61 552.80 2388.18 9058.22 1.30 47.90 521.19 2388.16 8141.85 8.4416 0.03 395 2388 100.00 38.53 23.3174  
20 179 -0.0008 0.0001 100.0 518.67 643.64 1599.76 1415.72 14.62 21.61 552.81 2388.20 9071.01 1.30 47.82 520.82 2388.12 8141.76 8.4593 0.03 396 2388 100.00 38.59 23.2629  
20 180 0.0021 0.0005 100.0 518.67 642.95 1597.33 1414.35 14.62 21.61 551.96 2388.18 9068.92 1.30 47.74 520.87 2388.17 8146.98 8.4623 0.03 394 2388 100.00 38.66 23.1929  
20 181 0.0006 -0.0003 100.0 518.67 643.08 1595.05 1420.56 14.62 21.61 553.02 2388.14 9061.36 1.30 47.70 521.10 2388.16 8148.37 8.4378 0.03 395 2388 100.00 38.60 23.1033  
20 182 0.0037 0.0004 100.0 518.67 642.76 1603.03 1422.16 14.62 21.61 552.85 2388.16 9069.10 1.30 47.82 520.54 2388.10 8145.94 8.4591 0.03 394 2388 100.00 38.76 23.1215  
20 183 -0.0020 -0.0001 100.0 518.67 642.95 1595.68 1412.47 14.62 21.61 553.04 2388.13 9060.74 1.30 47.71 520.87 2388.10 8143.13 8.5117 0.03 395 2388 100.00 38.67 23.2129  
20 184 0.0005 0.0001 100.0 518.67 643.39 1596.49 1418.07 14.62 21.61 552.77 2388.20 9067.44 1.30 47.60 520.89 2388.14 8141.58 8.4635 0.03 394 2388 100.00 38.49 23.2477  
20 185 0.0033 0.0001 100.0 518.67 643.15 1597.62 1420.81 14.62 21.61 552.95 2388.11 9061.44 1.30 47.78 520.78 2388.17 8141.49 8.5035 0.03 396 2388 100.00 38.59 23.2360  
20 186 0.0008 -0.0000 100.0 518.67 643.11 1600.42 1422.57 14.62 21.61 551.93 2388.18 9067.21 1.30 47.82 520.94 2388.09 8141.72 8.4512 0.03 394 2388 100.00 38.63 23.1286  
20 187 0.0017 0.0001 100.0 518.67 643.10 1598.74 1421.44 14.62 21.61 552.81 2388.11 9070.41 1.30 47.80 521.38 2388.16 8150.52 8.4400 0.03 395 2388 100.00 38.66 23.3172  
20 188 0.0044 0.0003 100.0 518.67 643.50 1597.00 1421.45 14.62 21.61 552.12 2388.20 9067.56 1.30 47.97 520.92 2388.14 8143.25 8.4837 0.03 395 2388 100.00 38.72 23.2216  
20 189 0.0022 -0.0004 100.0 518.67 643.05 1594.45 1418.05 14.62 21.61 552.74 2388.11 9064.61 1.30 47.89 521.26 2388.19 8144.31 8.4764 0.03 395 2388 100.00 38.61 23.2704  
20 190 0.0018 -0.0002 100.0 518.67 643.63 1591.84 1416.25 14.62 21.61 552.56 2388.23 9062.61 1.30 47.64 520.29 2388.14 8144.78 8.5047 0.03 394 2388 100.00 38.52 23.2866  
20 191 0.0028 0.0004 100.0 518.67 643.05 1597.64 1420.17 14.62 21.61 552.05 2388.18 9072.36 1.30 47.80 520.66 2388.18 8145.81 8.4617 0.03 395 2388 100.00 38.67 23.1973  
20 192 -0.0004 0.0001 100.0 518.67 643.36 1597.50 1417.58 14.62 21.61 552.72 2388.19 9063.84 1.30 47.87 520.06 2388.19 8143.43 8.4928 0.03 396 2388 100.00 38.63 23.2610  
20 193 0.0018 -0.0003 100.0 518.67 643.22 1592.26 1418.62 14.62 21.61 552.52 2388.14 9072.95 1.30 48.10 520.21 2388.16 8140.34 8.4537 0.03 395 2388 100.00 38.68 23.1715  
20 194 -0.0011 -0.0003 100.0 518.67 643.63 1593.07 1420.46 14.62 21.61 551.95 2388.22 9067.53 1.30 47.93 520.44 2388.10 8143.64 8.4730 0.03 395 2388 100.00 38.63 23.1526  
20 195 0.0007 0.0001 100.0 518.67 643.17 1596.56 1413.66 14.62 21.61 552.89 2388.19 9063.72 1.30 47.72 520.91 2388.17 8143.27 8.5006 0.03 395 2388 100.00 38.65 23.1441  
20 196 -0.0002 -0.0004 100.0 518.67 642.89 1601.31 1422.88 14.62 21.61 551.74 2388.21 9063.50 1.30 47.88 520.70 2388.24 8143.94 8.4568 0.03 394 2388 100.00 38.74 23.0713  
20 197 -0.0025 0.0004 100.0 518.67 642.81 1594.41 1411.02 14.62 21.61 552.88 2388.15 9066.44 1.30 47.99 520.28 2388.21 8140.37 8.4787 0.03 395 2388 100.00 38.68 23.1269  
20 198 -0.0019 -0.0004 100.0 518.67 642.69 1599.15 1421.81 14.62 21.61 552.03 2388.19 9062.13 1.30 47.90 521.20 2388.18 8139.42 8.4840 0.03 394 2388 100.00 38.55 23.1019  
20 199 0.0035 0.0004 100.0 518.67 643.57 1591.15 1418.58 14.62 21.61 552.39 2388.15 9066.65 1.30 48.06 520.81 2388.18 8142.44 8.5218 0.03 394 2388 100.00 38.63 23.2158  
20 200 0.0006 0.0001 100.0 518.67 642.95 1595.89 1422.65 14.62 21.61 552.27 2388.15 9067.13 1.30 47.86 520.99 2388.15 8143.12 8.4909 0.03 395 2388 100.00 38.52 23.2385  
20 201 -0.0034 0.0002 100.0 518.67 643.24 1593.58 1417.28 14.62 21.61 551.49 2388.21 9065.01 1.30 47.92 520.29 2388.18 8143.49 8.4816 0.03 395 2388 100.00 38.52 23.0700  
20 202 0.0021 0.0003 100.0 518.67 643.03 1588.35 1415.63 14.62 21.61 552.29 2388.21 9071.69 1.30 47.84 520.29 2388.23 8144.02 8.4862 0.03 395 2388 100.00 38.67 23.2210  
20 203 0.0004 -0.0005 100.0 518.67 643.50 1600.79 1421.12 14.62 21.61 552.29 2388.16 9071.40 1.30 47.76 520.46 2388.23 8141.57 8.4590 0.03 396 2388 100.00 38.58 23.0613  
20 204 -0.0020 0.0003 100.0 518.67 642.54 1601.47 1433.21 14.62 21.61 552.04 2388.16 9067.04 1.30 48.15 519.72 2388.17 8140.49 8.4656 0.03 396 2388 100.00 38.47 23.1044  
20 205 0.0008 -0.0003 100.0 518.67 642.60 1594.30 1425.26 14.62 21.61 552.45 2388.24 9075.76 1.30 47.72 520.23 2388.23 8142.39 8.4833 0.03 395 2388 100.00 38.60 23.1094  
20 206 0.0011 -0.0004 100.0 518.67 643.05 1597.72 1411.04 14.62 21.61 551.41 2388.19 9062.43 1.30 47.92 520.33 2388.17 8140.91 8.4703 0.03 396 2388 100.00 38.87 23.2369  
20 207 0.0003 0.0000 100.0 518.67 643.37 1596.99 1424.85 14.62 21.61 551.63 2388.19 9071.75 1.30 47.99 520.53 2388.18 8140.09 8.4903 0.03 395 2388 100.00 38.53 23.0670  
20 208 0.0043 0.0005 100.0 518.67 642.78 1599.24 1426.51 14.62 21.61 552.09 2388.20 9067.88 1.30 48.09 520.71 2388.15 8146.76 8.4899 0.03 394 2388 100.00 38.52 23.1406  
20 209 -0.0010 -0.0003 100.0 518.67 642.97 1601.54 1420.31 14.62 21.61 551.36 2388.18 9064.77 1.30 47.89 520.43 2388.18 8146.54 8.4785 0.03 395 2388 100.00 38.58 23.0521  
20 210 -0.0011 -0.0002 100.0 518.67 643.66 1597.72 1420.29 14.62 21.61 552.33 2388.20 9071.39 1.30 47.96 519.74 2388.22 8141.74 8.4903 0.03 395 2388 100.00 38.58 23.2342  
20 211 -0.0005 -0.0003 100.0 518.67 643.74 1595.32 1420.74 14.62 21.61 551.78 2388.25 9068.59 1.30 48.13 520.24 2388.23 8144.78 8.5043 0.03 396 2388 100.00 38.49 23.2040  
20 212 -0.0035 0.0004 100.0 518.67 643.60 1601.16 1420.51 14.62 21.61 552.08 2388.21 9071.16 1.30 48.02 520.01 2388.20 8141.03 8.4715 0.03 395 2388 100.00 38.67 23.1415  
20 213 0.0039 -0.0005 100.0 518.67 643.61 1600.96 1426.23 14.62 21.61 551.96 2388.19 9067.78 1.30 48.04 520.45 2388.22 8148.33 8.5071 0.03 394 2388 100.00 38.69 23.1659  
20 214 0.0016 -0.0005 100.0 518.67 643.60 1598.48 1423.82 14.62 21.61 551.90 2388.22 9071.33 1.30 47.96 519.91 2388.26 8143.42 8.5085 0.03 396 2388 100.00 38.55 22.9923  
20 215 -0.0037 0.0002 100.0 518.67 643.71 1600.26 1427.83 14.62 21.61 551.37 2388.20 9069.39 1.30 47.95 520.48 2388.20 8143.73 8.5027 0.03 397 2388 100.00 38.42 23.1000  
20 216 -0.0008 -0.0001 100.0 518.67 643.72 1602.51 1426.99 14.62 21.61 551.65 2388.21 9067.06 1.30 48.01 520.13 2388.21 8144.86 8.5006 0.03 395 2388 100.00 38.64 23.0235  
20 217 0.0001 0.0003 100.0 518.67 644.12 1600.51 1419.65 14.62 21.61 552.47 2388.25 9061.66 1.30 48.00 520.34 2388.22 8149.11 8.5402 0.03 395 2388 100.00 38.51 23.1025  
20 218 -0.0021 0.0001 100.0 518.67 643.51 1597.19 1426.75 14.62 21.61 551.55 2388.20 9063.10 1.30 47.95 519.41 2388.24 8144.85 8.5070 0.03 395 2388 100.00 38.49 23.0600  
20 219 0.0005 -0.0003 100.0 518.67 643.36 1600.44 1424.92 14.62 21.61 551.97 2388.22 9067.70 1.30 47.94 520.04 2388.20 8145.75 8.4880 0.03 396 2388 100.00 38.30 23.1529  
20 220 -0.0018 0.0003 100.0 518.67 643.41 1594.88 1426.76 14.62 21.61 552.72 2388.26 9077.09 1.30 47.99 519.72 2388.23 8144.47 8.5325 0.03 396 2388 100.00 38.64 23.1548  
20 221 0.0002 0.0004 100.0 518.67 643.17 1601.99 1417.47 14.62 21.61 552.29 2388.17 9073.09 1.30 48.05 519.29 2388.20 8143.57 8.5172 0.03 395 2388 100.00 38.71 23.0966  
20 222 0.0033 0.0004 100.0 518.67 643.52 1597.12 1425.51 14.62 21.61 551.92 2388.21 9070.27 1.30 48.13 520.07 2388.28 8149.67 8.4841 0.03 394 2388 100.00 38.35 23.1370  
20 223 -0.0023 -0.0004 100.0 518.67 643.47 1600.60 1433.50 14.62 21.61 551.66 2388.18 9074.17 1.30 48.00 520.09 2388.21 8141.72 8.5054 0.03 395 2388 100.00 38.51 23.0636  
20 224 -0.0009 0.0003 100.0 518.67 643.13 1599.29 1417.01 14.62 21.61 552.30 2388.23 9072.11 1.30 47.94 519.44 2388.20 8146.11 8.5140 0.03 397 2388 100.00 38.56 23.1708  
20 225 -0.0004 0.0003 100.0 518.67 643.89 1595.15 1420.89 14.62 21.61 550.43 2388.22 9076.79 1.30 48.09 519.92 2388.27 8147.28 8.4936 0.03 395 2388 100.00 38.47 23.0928  
20 226 -0.0020 -0.0000 100.0 518.67 643.49 1597.07 1425.52 14.62 21.61 551.51 2388.23 9074.17 1.30 48.04 520.10 2388.24 8140.46 8.5100 0.03 395 2388 100.00 38.61 23.1189  
20 227 -0.0021 -0.0002 100.0 518.67 643.30 1600.38 1426.90 14.62 21.61 551.86 2388.18 9068.48 1.30 48.19 520.43 2388.25 8139.99 8.5451 0.03 396 2388 100.00 38.43 23.0524  
20 228 0.0009 0.0005 100.0 518.67 644.03 1592.36 1423.29 14.62 21.61 550.78 2388.19 9073.60 1.30 47.99 520.05 2388.22 8145.38 8.5072 0.03 395 2388 100.00 38.58 23.1634  
20 229 -0.0012 0.0005 100.0 518.67 643.34 1597.71 1429.25 14.62 21.61 551.15 2388.23 9078.22 1.30 48.21 520.01 2388.22 8149.06 8.4967 0.03 395 2388 100.00 38.38 23.0636  
20 230 -0.0010 -0.0000 100.0 518.67 643.57 1605.67 1431.45 14.62 21.61 552.20 2388.24 9072.49 1.30 48.16 520.12 2388.24 8144.08 8.4887 0.03 396 2388 100.00 38.60 23.1231  
20 231 0.0022 -0.0003 100.0 518.67 643.89 1603.35 1429.72 14.62 21.61 550.84 2388.22 9075.48 1.30 48.41 519.74 2388.22 8146.48 8.4800 0.03 397 2388 100.00 38.74 22.9885  
20 232 -0.0003 0.0000 100.0 518.67 643.85 1608.02 1432.08 14.62 21.61 551.34 2388.27 9075.69 1.30 48.17 519.28 2388.29 8139.51 8.5230 0.03 397 2388 100.00 38.33 23.1460  
20 233 -0.0012 -0.0001 100.0 518.67 643.93 1601.90 1437.23 14.62 21.61 551.67 2388.26 9077.16 1.30 48.23 519.97 2388.23 8143.94 8.5058 0.03 396 2388 100.00 38.46 22.9783  
20 234 0.0011 -0.0004 100.0 518.67 643.86 1598.43 1430.93 14.62 21.61 551.74 2388.30 9070.66 1.30 48.15 519.73 2388.25 8143.30 8.5433 0.03 397 2388 100.00 38.57 22.9964  
21 1 -0.0017 -0.0005 100.0 518.67 642.24 1582.88 1410.66 14.62 21.61 553.57 2388.07 9047.42 1.30 47.44 521.76 2388.06 8128.48 8.4181 0.03 395 2388 100.00 38.90 23.3554  
21 2 -0.0013 0.0004 100.0 518.67 642.27 1582.13 1404.54 14.62 21.61 553.22 2388.03 9043.88 1.30 47.25 521.39 2388.05 8120.15 8.3895 0.03 392 2388 100.00 38.81 23.2300  
21 3 0.0025 -0.0003 100.0 518.67 642.47 1589.73 1408.88 14.62 21.61 553.21 2388.11 9048.33 1.30 47.43 521.26 2388.12 8124.89 8.4454 0.03 392 2388 100.00 38.69 23.3471  
21 4 0.0013 -0.0003 100.0 518.67 642.50 1587.18 1409.45 14.62 21.61 553.30 2388.05 9052.17 1.30 47.35 521.81 2388.08 8126.21 8.3913 0.03 393 2388 100.00 39.00 23.4179  
21 5 -0.0006 -0.0002 100.0 518.67 642.21 1596.51 1401.46 14.62 21.61 553.03 2388.04 9047.48 1.30 47.57 521.82 2388.10 8130.92 8.4825 0.03 393 2388 100.00 38.88 23.2637  
21 6 0.0061 0.0000 100.0 518.67 642.37 1592.15 1401.04 14.62 21.61 553.95 2388.06 9048.37 1.30 47.46 521.70 2387.98 8130.70 8.4145 0.03 391 2388 100.00 38.95 23.4954  
21 7 -0.0009 0.0004 100.0 518.67 642.45 1593.79 1397.77 14.62 21.61 553.21 2388.08 9045.96 1.30 47.32 521.50 2388.10 8134.62 8.4465 0.03 392 2388 100.00 38.94 23.3536  
21 8 0.0016 0.0002 100.0 518.67 642.44 1585.67 1407.80 14.62 21.61 553.48 2388.16 9050.91 1.30 47.40 521.96 2388.06 8129.22 8.4318 0.03 392 2388 100.00 38.91 23.3867  
21 9 0.0001 -0.0004 100.0 518.67 641.91 1590.36 1402.62 14.62 21.61 553.00 2388.10 9049.76 1.30 47.38 522.04 2388.10 8127.36 8.4487 0.03 391 2388 100.00 39.03 23.2562  
21 10 -0.0055 -0.0002 100.0 518.67 642.25 1582.71 1404.60 14.62 21.61 552.57 2388.07 9045.19 1.30 47.34 521.46 2388.09 8128.64 8.4286 0.03 392 2388 100.00 38.81 23.2975  
21 11 0.0023 0.0003 100.0 518.67 642.51 1585.70 1403.51 14.62 21.61 554.37 2388.12 9042.53 1.30 47.39 522.17 2388.12 8128.12 8.4436 0.03 392 2388 100.00 38.81 23.4113  
21 12 0.0063 -0.0000 100.0 518.67 642.02 1590.84 1398.53 14.62 21.61 553.55 2388.07 9037.63 1.30 47.52 522.01 2388.07 8132.49 8.4336 0.03 392 2388 100.00 39.01 23.3711  
21 13 -0.0002 0.0003 100.0 518.67 642.49 1587.28 1405.33 14.62 21.61 553.23 2388.04 9044.07 1.30 47.52 522.04 2388.13 8128.52 8.4550 0.03 392 2388 100.00 38.89 23.3916  
21 14 0.0010 -0.0003 100.0 518.67 642.76 1589.09 1408.25 14.62 21.61 553.68 2388.11 9039.23 1.30 47.43 522.27 2388.08 8126.26 8.4237 0.03 391 2388 100.00 38.93 23.3790  
21 15 -0.0022 0.0002 100.0 518.67 642.63 1587.31 1400.25 14.62 21.61 553.46 2388.10 9046.51 1.30 47.54 521.56 2388.12 8130.06 8.4479 0.03 393 2388 100.00 38.89 23.3710  
21 16 0.0001 -0.0004 100.0 518.67 642.53 1591.64 1403.06 14.62 21.61 553.67 2388.04 9043.00 1.30 47.50 521.48 2388.11 8124.50 8.4599 0.03 394 2388 100.00 38.96 23.3728  
21 17 -0.0049 -0.0005 100.0 518.67 642.42 1581.82 1402.04 14.62 21.61 554.46 2388.07 9048.32 1.30 47.51 521.34 2388.10 8127.03 8.3877 0.03 392 2388 100.00 38.79 23.3632  
21 18 -0.0020 0.0000 100.0 518.67 642.83 1588.93 1404.68 14.62 21.61 553.92 2388.13 9043.56 1.30 47.50 521.43 2388.07 8128.01 8.4060 0.03 392 2388 100.00 38.92 23.3570  
21 19 0.0004 -0.0002 100.0 518.67 641.95 1587.76 1405.51 14.62 21.61 554.13 2388.10 9041.95 1.30 47.31 521.90 2388.10 8122.40 8.4181 0.03 393 2388 100.00 38.98 23.3561  
21 20 -0.0015 0.0002 100.0 518.67 642.15 1585.71 1406.40 14.62 21.61 553.98 2388.15 9044.17 1.30 47.26 522.29 2388.09 8126.48 8.4522 0.03 392 2388 100.00 38.83 23.4062  
21 21 0.0018 0.0002 100.0 518.67 643.19 1585.38 1402.15 14.62 21.61 553.49 2388.12 9050.29 1.30 47.41 521.69 2388.07 8128.46 8.4304 0.03 393 2388 100.00 38.89 23.3401  
21 22 0.0021 -0.0004 100.0 518.67 642.10 1588.54 1402.64 14.62 21.61 553.92 2388.13 9040.15 1.30 47.16 521.86 2388.06 8129.30 8.4256 0.03 390 2388 100.00 38.87 23.3760  
21 23 -0.0006 -0.0005 100.0 518.67 642.44 1592.31 1410.76 14.62 21.61 553.72 2388.09 9045.41 1.30 47.41 521.40 2388.10 8126.88 8.4147 0.03 392 2388 100.00 38.90 23.2788  
21 24 -0.0032 0.0003 100.0 518.67 642.27 1587.87 1409.06 14.62 21.61 553.36 2388.16 9042.55 1.30 47.40 521.74 2388.12 8129.95 8.4303 0.03 393 2388 100.00 38.69 23.3584  
21 25 0.0029 -0.0004 100.0 518.67 642.84 1582.84 1410.79 14.62 21.61 553.97 2388.12 9042.82 1.30 47.65 521.51 2388.09 8126.17 8.4385 0.03 393 2388 100.00 38.90 23.2132  
21 26 -0.0007 -0.0002 100.0 518.67 642.64 1581.12 1405.47 14.62 21.61 553.63 2388.06 9049.68 1.30 47.59 521.60 2388.12 8126.36 8.4090 0.03 393 2388 100.00 38.72 23.3239  
21 27 -0.0006 -0.0002 100.0 518.67 642.29 1587.82 1401.12 14.62 21.61 552.92 2388.04 9049.75 1.30 47.34 522.11 2388.12 8127.71 8.4218 0.03 393 2388 100.00 38.97 23.4011  
21 28 0.0007 0.0004 100.0 518.67 642.45 1583.56 1408.53 14.62 21.61 553.39 2388.13 9050.08 1.30 47.32 521.97 2388.10 8125.51 8.3869 0.03 393 2388 100.00 38.96 23.3508  
21 29 0.0034 -0.0004 100.0 518.67 642.73 1585.45 1404.01 14.62 21.61 553.64 2388.09 9046.99 1.30 47.36 521.57 2388.06 8124.32 8.4112 0.03 392 2388 100.00 38.85 23.2393  
21 30 0.0024 0.0001 100.0 518.67 642.84 1586.27 1406.22 14.62 21.61 554.25 2388.11 9043.42 1.30 47.32 521.89 2388.07 8131.47 8.4284 0.03 392 2388 100.00 38.86 23.2930  
21 31 0.0034 -0.0002 100.0 518.67 642.64 1589.99 1402.34 14.62 21.61 553.46 2388.10 9053.49 1.30 47.50 521.70 2388.12 8129.68 8.4407 0.03 393 2388 100.00 38.77 23.4134  
21 32 0.0005 -0.0000 100.0 518.67 642.32 1589.92 1408.92 14.62 21.61 554.20 2388.12 9038.30 1.30 47.34 521.96 2388.12 8118.42 8.3924 0.03 392 2388 100.00 38.93 23.2255  
21 33 -0.0031 -0.0001 100.0 518.67 642.08 1581.76 1408.28 14.62 21.61 554.06 2388.09 9051.79 1.30 47.35 521.57 2388.09 8127.57 8.3731 0.03 393 2388 100.00 38.63 23.3466  
21 34 -0.0006 -0.0002 100.0 518.67 642.28 1597.13 1400.84 14.62 21.61 553.33 2388.08 9051.12 1.30 47.46 521.41 2388.12 8127.02 8.4478 0.03 393 2388 100.00 38.97 23.3189  
21 35 0.0016 0.0001 100.0 518.67 642.73 1590.73 1401.12 14.62 21.61 553.35 2388.09 9049.13 1.30 47.47 521.84 2388.13 8126.07 8.4416 0.03 393 2388 100.00 38.88 23.3107  
21 36 0.0008 0.0003 100.0 518.67 642.53 1582.95 1401.12 14.62 21.61 553.08 2388.07 9048.52 1.30 47.45 520.98 2388.12 8131.10 8.4310 0.03 394 2388 100.00 38.96 23.2136  
21 37 0.0057 -0.0004 100.0 518.67 643.21 1595.24 1405.24 14.62 21.61 552.95 2388.09 9041.04 1.30 47.42 521.39 2388.04 8132.82 8.4388 0.03 393 2388 100.00 38.85 23.2727  
21 38 -0.0010 -0.0003 100.0 518.67 642.04 1582.53 1400.66 14.62 21.61 553.46 2388.12 9043.52 1.30 47.42 522.20 2388.08 8127.45 8.4199 0.03 393 2388 100.00 38.86 23.3196  
21 39 0.0007 -0.0005 100.0 518.67 642.51 1586.69 1405.01 14.62 21.61 554.52 2388.10 9052.32 1.30 47.46 521.63 2388.14 8124.95 8.4379 0.03 393 2388 100.00 38.78 23.3499  
21 40 -0.0014 -0.0002 100.0 518.67 642.65 1586.32 1398.67 14.62 21.61 553.61 2388.08 9055.92 1.30 47.51 521.77 2388.14 8128.26 8.4254 0.03 393 2388 100.00 38.62 23.3940  
21 41 -0.0012 0.0003 100.0 518.67 642.10 1588.23 1401.58 14.62 21.61 553.76 2388.09 9048.62 1.30 47.50 521.87 2388.05 8131.53 8.4395 0.03 392 2388 100.00 39.01 23.3604  
21 42 -0.0024 0.0003 100.0 518.67 642.53 1596.99 1400.72 14.62 21.61 553.40 2388.12 9045.59 1.30 47.42 521.56 2388.14 8131.82 8.4177 0.03 392 2388 100.00 38.81 23.4489  
21 43 -0.0005 0.0002 100.0 518.67 642.72 1584.21 1405.94 14.62 21.61 553.42 2388.09 9054.27 1.30 47.44 521.26 2388.04 8133.83 8.4136 0.03 393 2388 100.00 39.02 23.3642  
21 44 0.0009 -0.0004 100.0 518.67 642.46 1595.14 1412.08 14.62 21.61 554.11 2388.08 9047.38 1.30 47.35 521.55 2388.09 8127.40 8.4591 0.03 392 2388 100.00 38.84 23.3592  
21 45 0.0032 -0.0001 100.0 518.67 642.43 1591.92 1404.43 14.62 21.61 553.74 2388.08 9049.47 1.30 47.57 521.53 2388.09 8131.89 8.4119 0.03 393 2388 100.00 38.66 23.3137  
21 46 0.0029 0.0004 100.0 518.67 642.00 1590.29 1408.04 14.62 21.61 553.41 2388.07 9045.24 1.30 47.30 521.57 2388.12 8129.60 8.4398 0.03 392 2388 100.00 38.96 23.3516  
21 47 0.0006 0.0001 100.0 518.67 642.55 1582.16 1398.94 14.62 21.61 553.09 2388.09 9052.15 1.30 47.40 521.73 2388.10 8125.54 8.4077 0.03 393 2388 100.00 38.84 23.2186  
21 48 0.0020 0.0004 100.0 518.67 642.50 1593.16 1401.35 14.62 21.61 553.41 2388.11 9046.60 1.30 47.12 521.80 2388.09 8129.73 8.4014 0.03 394 2388 100.00 38.92 23.3378  
21 49 -0.0026 0.0003 100.0 518.67 642.37 1594.76 1407.76 14.62 21.61 553.32 2388.10 9049.62 1.30 47.52 521.14 2388.04 8128.66 8.4237 0.03 393 2388 100.00 38.94 23.3914  
21 50 -0.0007 -0.0001 100.0 518.67 642.43 1584.03 1414.56 14.62 21.61 553.61 2388.06 9049.75 1.30 47.33 521.54 2388.06 8135.80 8.4437 0.03 393 2388 100.00 38.98 23.4042  
21 51 0.0009 -0.0003 100.0 518.67 642.03 1592.94 1399.54 14.62 21.61 553.46 2388.01 9044.56 1.30 47.46 521.13 2388.05 8127.58 8.4514 0.03 392 2388 100.00 38.62 23.3821  
21 52 0.0001 0.0004 100.0 518.67 642.81 1583.60 1403.19 14.62 21.61 553.54 2388.11 9047.90 1.30 47.36 521.55 2388.14 8128.91 8.4581 0.03 394 2388 100.00 38.75 23.3821  
21 53 -0.0012 -0.0000 100.0 518.67 642.40 1582.63 1405.10 14.62 21.61 552.90 2388.11 9046.33 1.30 47.47 521.20 2388.09 8126.58 8.4335 0.03 392 2388 100.00 39.11 23.2212  
21 54 0.0002 0.0002 100.0 518.67 642.98 1594.87 1406.78 14.62 21.61 553.36 2388.02 9048.55 1.30 47.32 521.78 2388.10 8133.73 8.4836 0.03 393 2388 100.00 38.96 23.3449  
21 55 0.0006 0.0003 100.0 518.67 642.52 1590.47 1402.69 14.62 21.61 554.54 2388.09 9050.03 1.30 47.39 522.12 2388.08 8127.03 8.4089 0.03 393 2388 100.00 38.83 23.2837  
21 56 -0.0015 -0.0006 100.0 518.67 642.67 1587.03 1406.29 14.62 21.61 553.48 2388.14 9058.20 1.30 47.55 520.94 2388.08 8125.26 8.4068 0.03 393 2388 100.00 38.89 23.3480  
21 57 -0.0002 -0.0001 100.0 518.67 642.82 1587.86 1404.03 14.62 21.61 553.45 2388.10 9050.02 1.30 47.48 521.54 2388.05 8127.26 8.4602 0.03 393 2388 100.00 39.11 23.3253  
21 58 0.0006 0.0001 100.0 518.67 643.13 1592.22 1408.52 14.62 21.61 554.04 2388.07 9055.29 1.30 47.35 521.54 2388.07 8136.97 8.4096 0.03 392 2388 100.00 38.93 23.3003  
21 59 -0.0021 -0.0005 100.0 518.67 642.75 1588.77 1402.77 14.62 21.61 553.94 2388.13 9049.83 1.30 47.39 522.19 2388.11 8130.28 8.4130 0.03 393 2388 100.00 38.83 23.3805  
21 60 -0.0015 0.0002 100.0 518.67 642.29 1589.28 1401.51 14.62 21.61 553.76 2388.16 9053.13 1.30 47.42 522.20 2388.10 8126.37 8.4244 0.03 394 2388 100.00 38.94 23.2907  
21 61 0.0026 0.0002 100.0 518.67 642.60 1581.56 1412.49 14.62 21.61 552.64 2388.06 9050.53 1.30 47.53 522.43 2388.08 8133.14 8.4120 0.03 393 2388 100.00 38.56 23.4913  
21 62 -0.0007 0.0001 100.0 518.67 643.14 1590.70 1403.58 14.62 21.61 553.08 2388.11 9046.72 1.30 47.58 521.39 2388.07 8127.76 8.4275 0.03 393 2388 100.00 38.73 23.3659  
21 63 0.0003 -0.0000 100.0 518.67 642.53 1590.99 1406.93 14.62 21.61 553.27 2388.08 9049.11 1.30 47.41 521.71 2388.05 8125.43 8.4582 0.03 394 2388 100.00 38.85 23.3362  
21 64 0.0024 0.0004 100.0 518.67 642.66 1588.11 1406.90 14.62 21.61 554.10 2388.10 9043.40 1.30 47.44 521.78 2388.10 8128.01 8.4348 0.03 392 2388 100.00 38.98 23.2737  
21 65 -0.0003 -0.0006 100.0 518.67 642.67 1586.79 1404.30 14.62 21.61 553.45 2388.09 9050.94 1.30 47.60 521.67 2388.11 8127.96 8.4376 0.03 392 2388 100.00 38.89 23.3527  
21 66 0.0012 -0.0000 100.0 518.67 642.45 1590.71 1404.86 14.62 21.61 554.03 2388.14 9051.43 1.30 47.54 521.70 2388.13 8134.63 8.4070 0.03 392 2388 100.00 38.76 23.2898  
21 67 -0.0042 0.0002 100.0 518.67 642.49 1593.55 1414.14 14.62 21.61 554.28 2388.06 9053.58 1.30 47.53 521.71 2388.09 8134.64 8.4219 0.03 392 2388 100.00 38.77 23.2420  
21 68 -0.0033 -0.0005 100.0 518.67 643.26 1586.87 1410.93 14.62 21.61 553.82 2388.12 9041.37 1.30 47.23 521.50 2388.08 8129.70 8.4431 0.03 394 2388 100.00 38.77 23.2905  
21 69 -0.0020 -0.0005 100.0 518.67 642.06 1587.76 1396.35 14.62 21.61 554.06 2388.13 9041.28 1.30 47.40 521.73 2388.11 8131.32 8.4416 0.03 393 2388 100.00 39.10 23.2483  
21 70 0.0011 0.0003 100.0 518.67 642.73 1586.85 1402.56 14.62 21.61 553.03 2388.08 9050.09 1.30 47.45 521.69 2388.10 8129.79 8.3967 0.03 394 2388 100.00 38.68 23.3254  
21 71 0.0006 0.0002 100.0 518.67 642.26 1585.99 1397.76 14.62 21.61 554.18 2388.05 9052.09 1.30 47.49 521.76 2388.11 8131.85 8.4251 0.03 393 2388 100.00 39.00 23.2905  
21 72 0.0008 0.0003 100.0 518.67 643.10 1585.32 1406.90 14.62 21.61 553.58 2388.11 9052.72 1.30 47.39 521.57 2388.11 8125.56 8.4375 0.03 393 2388 100.00 38.86 23.2478  
21 73 -0.0031 -0.0000 100.0 518.67 642.74 1589.44 1407.22 14.62 21.61 553.69 2388.09 9047.16 1.30 47.46 521.13 2388.12 8123.62 8.4330 0.03 392 2388 100.00 38.85 23.3874  
21 74 -0.0021 0.0004 100.0 518.67 642.43 1585.10 1408.69 14.62 21.61 553.75 2388.10 9048.56 1.30 47.53 521.87 2388.17 8130.81 8.4250 0.03 392 2388 100.00 39.08 23.2649  
21 75 0.0003 0.0001 100.0 518.67 642.68 1592.71 1406.20 14.62 21.61 553.21 2388.09 9049.69 1.30 47.54 521.15 2388.05 8131.38 8.4841 0.03 393 2388 100.00 39.05 23.3812  
21 76 0.0009 -0.0005 100.0 518.67 642.58 1587.40 1408.39 14.62 21.61 553.19 2388.14 9046.20 1.30 47.49 521.89 2388.06 8128.35 8.4464 0.03 393 2388 100.00 38.75 23.1965  
21 77 0.0008 0.0004 100.0 518.67 643.09 1588.50 1402.87 14.62 21.61 553.99 2388.11 9053.52 1.30 47.20 521.45 2388.08 8132.92 8.4159 0.03 394 2388 100.00 38.90 23.2782  
21 78 -0.0029 -0.0002 100.0 518.67 642.46 1587.30 1406.44 14.62 21.61 553.25 2388.08 9055.41 1.30 47.45 521.97 2388.04 8131.95 8.4421 0.03 393 2388 100.00 38.98 23.3152  
21 79 -0.0027 0.0003 100.0 518.67 642.35 1587.54 1404.29 14.62 21.61 553.57 2388.08 9066.32 1.30 47.57 521.80 2388.08 8134.23 8.4460 0.03 394 2388 100.00 38.98 23.3856  
21 80 0.0024 0.0000 100.0 518.67 641.89 1586.50 1404.07 14.62 21.61 553.66 2388.09 9052.17 1.30 47.46 521.30 2388.10 8131.31 8.4235 0.03 394 2388 100.00 38.75 23.2610  
21 81 -0.0007 -0.0005 100.0 518.67 642.87 1590.05 1409.83 14.62 21.61 553.75 2388.05 9049.55 1.30 47.67 521.87 2388.09 8141.13 8.3981 0.03 392 2388 100.00 38.72 23.2794  
21 82 -0.0034 -0.0003 100.0 518.67 642.35 1587.53 1394.72 14.62 21.61 553.99 2388.10 9046.58 1.30 47.54 521.52 2388.09 8136.86 8.4631 0.03 392 2388 100.00 38.86 23.4203  
21 83 0.0009 -0.0001 100.0 518.67 642.72 1588.82 1404.66 14.62 21.61 554.20 2388.11 9048.98 1.30 47.53 521.80 2388.08 8129.38 8.4247 0.03 391 2388 100.00 38.92 23.2468  
21 84 0.0002 0.0003 100.0 518.67 642.06 1587.43 1403.28 14.62 21.61 554.30 2388.05 9053.42 1.30 47.46 521.27 2388.08 8130.74 8.4299 0.03 393 2388 100.00 38.87 23.3318  
21 85 0.0028 0.0003 100.0 518.67 643.39 1582.96 1399.09 14.62 21.61 553.01 2388.09 9049.42 1.30 47.41 521.63 2388.14 8136.02 8.4246 0.03 393 2388 100.00 38.90 23.2879  
21 86 0.0010 0.0003 100.0 518.67 643.03 1590.64 1409.81 14.62 21.61 553.63 2388.09 9041.50 1.30 47.44 521.47 2388.13 8128.06 8.3747 0.03 392 2388 100.00 38.85 23.3444  
21 87 -0.0002 -0.0005 100.0 518.67 642.81 1589.67 1401.23 14.62 21.61 553.95 2388.11 9047.74 1.30 47.65 521.36 2388.07 8132.74 8.4643 0.03 391 2388 100.00 38.90 23.2987  
21 88 0.0001 0.0000 100.0 518.67 642.18 1594.32 1410.51 14.62 21.61 553.50 2388.14 9050.11 1.30 47.39 521.38 2388.08 8135.56 8.4260 0.03 393 2388 100.00 38.98 23.3810  
21 89 0.0008 -0.0005 100.0 518.67 642.11 1582.25 1413.44 14.62 21.61 553.65 2388.06 9054.26 1.30 47.53 521.58 2388.09 8136.20 8.4647 0.03 394 2388 100.00 38.89 23.1829  
21 90 -0.0053 -0.0002 100.0 518.67 642.26 1593.46 1403.41 14.62 21.61 553.15 2388.09 9054.30 1.30 47.48 521.08 2388.06 8133.85 8.4229 0.03 392 2388 100.00 38.83 23.3341  
21 91 -0.0005 0.0003 100.0 518.67 642.37 1594.42 1401.77 14.62 21.61 553.88 2388.06 9051.14 1.30 47.51 521.57 2388.08 8137.10 8.4422 0.03 393 2388 100.00 38.75 23.3382  
21 92 -0.0034 -0.0004 100.0 518.67 643.01 1584.25 1408.45 14.62 21.61 553.75 2388.06 9058.28 1.30 47.85 521.46 2388.06 8140.48 8.3889 0.03 392 2388 100.00 38.78 23.3162  
21 93 -0.0020 0.0002 100.0 518.67 642.88 1591.43 1412.18 14.62 21.61 553.06 2388.12 9060.05 1.30 47.66 521.40 2388.10 8133.83 8.4419 0.03 392 2388 100.00 38.77 23.3130  
21 94 0.0014 -0.0005 100.0 518.67 642.69 1593.34 1408.04 14.62 21.61 553.90 2388.10 9055.85 1.30 47.73 521.97 2388.08 8132.64 8.4282 0.03 392 2388 100.00 38.71 23.2868  
21 95 0.0031 -0.0006 100.0 518.67 642.57 1587.32 1411.64 14.62 21.61 553.29 2388.10 9057.47 1.30 47.50 521.10 2388.11 8132.60 8.4311 0.03 393 2388 100.00 38.80 23.2986  
21 96 -0.0017 -0.0001 100.0 518.67 642.58 1592.68 1409.34 14.62 21.61 553.63 2388.09 9047.63 1.30 47.69 521.84 2388.08 8137.33 8.4288 0.03 393 2388 100.00 38.78 23.2857  
21 97 0.0025 0.0004 100.0 518.67 642.44 1595.47 1408.92 14.62 21.61 552.92 2388.02 9058.80 1.30 47.57 521.16 2388.08 8135.19 8.4514 0.03 392 2388 100.00 38.90 23.3163  
21 98 -0.0022 -0.0002 100.0 518.67 642.10 1587.49 1404.76 14.62 21.61 553.60 2388.11 9056.02 1.30 47.52 521.71 2388.12 8137.82 8.4383 0.03 393 2388 100.00 38.92 23.3486  
21 99 -0.0036 -0.0005 100.0 518.67 641.99 1583.20 1401.20 14.62 21.61 553.92 2388.09 9055.68 1.30 47.49 521.66 2388.16 8135.93 8.4064 0.03 391 2388 100.00 38.73 23.3740  
21 100 0.0014 -0.0001 100.0 518.67 642.71 1587.34 1403.15 14.62 21.61 553.85 2388.13 9056.79 1.30 47.61 521.37 2388.08 8135.34 8.4482 0.03 394 2388 100.00 38.73 23.3217  
21 101 0.0002 -0.0002 100.0 518.67 642.04 1591.67 1400.46 14.62 21.61 552.82 2388.04 9061.86 1.30 47.59 521.50 2388.06 8136.70 8.4276 0.03 394 2388 100.00 38.86 23.3221  
21 102 -0.0053 -0.0000 100.0 518.67 642.47 1586.82 1403.00 14.62 21.61 553.78 2388.14 9055.10 1.30 47.59 520.77 2388.10 8138.37 8.4246 0.03 393 2388 100.00 38.74 23.2535  
21 103 -0.0019 -0.0001 100.0 518.67 642.93 1586.33 1402.16 14.62 21.61 553.37 2388.12 9056.70 1.30 47.52 522.04 2388.07 8138.31 8.4324 0.03 392 2388 100.00 39.02 23.2328  
21 104 0.0006 -0.0001 100.0 518.67 642.45 1590.33 1410.58 14.62 21.61 553.27 2388.14 9055.34 1.30 47.58 521.30 2388.11 8133.68 8.4429 0.03 393 2388 100.00 38.89 23.3638  
21 105 -0.0003 0.0002 100.0 518.67 642.69 1587.99 1400.44 14.62 21.61 553.99 2388.08 9052.27 1.30 47.56 521.50 2388.05 8139.40 8.4863 0.03 391 2388 100.00 39.03 23.3825  
21 106 0.0000 0.0001 100.0 518.67 642.66 1587.95 1402.89 14.62 21.61 553.74 2388.05 9057.32 1.30 47.47 521.25 2388.02 8137.43 8.4457 0.03 396 2388 100.00 38.68 23.2855  
21 107 0.0020 0.0001 100.0 518.67 642.57 1589.47 1402.92 14.62 21.61 553.84 2388.08 9055.71 1.30 47.45 521.64 2388.08 8134.57 8.4933 0.03 394 2388 100.00 38.80 23.2886  
21 108 0.0025 -0.0002 100.0 518.67 642.53 1588.02 1408.07 14.62 21.61 553.28 2388.04 9054.59 1.30 47.51 521.17 2388.06 8139.93 8.4579 0.03 394 2388 100.00 38.76 23.2448  
21 109 0.0008 0.0003 100.0 518.67 642.38 1598.37 1408.88 14.62 21.61 553.05 2388.13 9064.00 1.30 47.52 521.42 2388.10 8136.77 8.4322 0.03 395 2388 100.00 38.84 23.2023  
21 110 0.0013 0.0003 100.0 518.67 642.24 1586.90 1416.41 14.62 21.61 553.54 2388.05 9061.32 1.30 47.43 521.49 2388.07 8141.06 8.4386 0.03 392 2388 100.00 38.89 23.3948  
21 111 -0.0027 -0.0004 100.0 518.67 642.97 1594.94 1413.82 14.62 21.61 553.51 2388.11 9060.48 1.30 47.50 520.90 2388.14 8139.61 8.4108 0.03 393 2388 100.00 38.89 23.3607  
21 112 -0.0020 -0.0001 100.0 518.67 642.52 1596.09 1409.04 14.62 21.61 553.20 2388.10 9059.97 1.30 47.70 521.22 2388.16 8138.16 8.4520 0.03 393 2388 100.00 38.74 23.3513  
21 113 -0.0013 -0.0006 100.0 518.67 642.66 1592.54 1408.96 14.62 21.61 552.95 2388.08 9052.91 1.30 47.54 522.06 2388.10 8139.13 8.4187 0.03 393 2388 100.00 38.82 23.2092  
21 114 -0.0043 0.0002 100.0 518.67 643.37 1598.34 1412.58 14.62 21.61 553.66 2388.07 9059.98 1.30 47.51 521.46 2388.07 8139.84 8.4606 0.03 393 2388 100.00 38.74 23.2756  
21 115 0.0009 -0.0004 100.0 518.67 642.35 1587.72 1410.76 14.62 21.61 554.32 2388.03 9061.47 1.30 47.54 521.73 2388.13 8140.65 8.4633 0.03 395 2388 100.00 38.80 23.2233  
21 116 -0.0027 -0.0004 100.0 518.67 642.85 1582.03 1415.60 14.62 21.61 553.13 2388.06 9058.23 1.30 47.68 521.80 2388.12 8141.48 8.4389 0.03 392 2388 100.00 38.79 23.2497  
21 117 0.0001 -0.0001 100.0 518.67 642.69 1590.15 1410.59 14.62 21.61 553.21 2388.12 9056.82 1.30 47.52 521.34 2388.12 8145.44 8.4579 0.03 392 2388 100.00 38.86 23.3611  
21 118 -0.0014 0.0001 100.0 518.67 643.00 1593.96 1413.13 14.62 21.61 553.60 2388.06 9054.68 1.30 47.57 521.42 2388.11 8143.18 8.4712 0.03 395 2388 100.00 38.71 23.2949  
21 119 0.0023 -0.0003 100.0 518.67 642.76 1589.32 1406.26 14.62 21.61 553.83 2388.03 9069.18 1.30 47.50 521.49 2388.13 8140.29 8.4808 0.03 393 2388 100.00 38.85 23.3320  
21 120 -0.0007 -0.0004 100.0 518.67 642.82 1585.75 1410.05 14.62 21.61 554.11 2388.09 9063.56 1.30 47.51 521.34 2388.07 8135.03 8.4266 0.03 393 2388 100.00 39.09 23.3024  
21 121 -0.0037 0.0000 100.0 518.67 642.26 1590.43 1408.93 14.62 21.60 553.62 2388.08 9066.50 1.30 47.57 520.90 2388.10 8136.58 8.4425 0.03 393 2388 100.00 38.83 23.2758  
21 122 0.0018 0.0001 100.0 518.67 642.57 1595.24 1412.10 14.62 21.61 553.33 2388.10 9053.33 1.30 47.51 521.25 2388.08 8142.04 8.4635 0.03 391 2388 100.00 38.88 23.3637  
21 123 -0.0012 0.0002 100.0 518.67 642.74 1583.50 1415.04 14.62 21.61 553.75 2388.11 9060.15 1.30 47.75 521.47 2388.08 8144.71 8.4460 0.03 391 2388 100.00 38.81 23.3874  
21 124 0.0003 -0.0005 100.0 518.67 642.82 1588.34 1411.50 14.62 21.61 553.40 2388.11 9062.02 1.30 47.60 520.98 2388.12 8146.12 8.4367 0.03 391 2388 100.00 38.89 23.4002  
21 125 -0.0001 -0.0002 100.0 518.67 642.63 1595.18 1410.76 14.62 21.61 553.77 2388.07 9072.67 1.30 47.56 521.64 2388.11 8144.83 8.4173 0.03 393 2388 100.00 38.76 23.2628  
21 126 -0.0009 -0.0004 100.0 518.67 642.40 1591.35 1408.97 14.62 21.61 553.86 2388.05 9070.45 1.30 47.59 521.70 2388.08 8145.16 8.4468 0.03 394 2388 100.00 38.75 23.2976  
21 127 0.0002 -0.0002 100.0 518.67 642.69 1589.56 1400.51 14.62 21.61 553.63 2388.06 9066.51 1.30 47.44 521.36 2388.11 8147.79 8.4520 0.03 393 2388 100.00 38.79 23.3247  
21 128 0.0032 0.0003 100.0 518.67 643.41 1588.81 1406.46 14.62 21.61 553.03 2388.06 9069.36 1.30 47.53 520.88 2388.10 8145.61 8.4725 0.03 394 2388 100.00 38.94 23.2945  
21 129 0.0017 0.0002 100.0 518.67 642.76 1594.60 1407.09 14.62 21.61 554.07 2388.16 9075.13 1.30 47.58 521.52 2388.10 8153.58 8.4436 0.03 393 2388 100.00 38.78 23.2240  
21 130 0.0028 0.0003 100.0 518.67 642.81 1588.48 1410.11 14.62 21.61 553.97 2388.06 9068.87 1.30 47.37 520.74 2388.09 8148.01 8.4605 0.03 394 2388 100.00 38.74 23.2690  
21 131 -0.0016 0.0003 100.0 518.67 643.15 1584.97 1410.27 14.62 21.61 553.10 2388.09 9072.60 1.30 47.61 521.77 2388.14 8149.20 8.4525 0.03 394 2388 100.00 38.72 23.2955  
21 132 -0.0022 0.0001 100.0 518.67 642.76 1591.51 1408.89 14.62 21.61 552.90 2388.07 9061.53 1.30 47.48 521.70 2388.11 8144.47 8.4181 0.03 394 2388 100.00 38.76 23.3921  
21 133 0.0064 -0.0005 100.0 518.67 642.56 1598.14 1414.90 14.62 21.61 554.37 2388.11 9066.53 1.30 47.57 521.93 2388.04 8147.10 8.4356 0.03 395 2388 100.00 38.79 23.2963  
21 134 0.0039 0.0003 100.0 518.67 642.57 1590.62 1410.79 14.62 21.61 553.95 2388.05 9065.40 1.30 47.53 521.06 2388.14 8151.04 8.4479 0.03 394 2388 100.00 38.60 23.2605  
21 135 0.0003 0.0002 100.0 518.67 642.23 1588.66 1404.97 14.62 21.61 553.61 2388.17 9068.44 1.30 47.51 521.40 2388.08 8147.56 8.4651 0.03 394 2388 100.00 38.75 23.2431  
21 136 -0.0006 -0.0004 100.0 518.67 642.61 1598.86 1413.49 14.62 21.61 552.99 2388.11 9066.18 1.30 47.65 521.43 2388.13 8147.23 8.4518 0.03 394 2388 100.00 38.87 23.2353  
21 137 -0.0048 -0.0005 100.0 518.67 642.94 1588.26 1405.87 14.62 21.61 553.40 2388.11 9067.74 1.30 47.61 521.25 2388.09 8146.93 8.4593 0.03 393 2388 100.00 38.76 23.2635  
21 138 -0.0025 0.0004 100.0 518.67 642.75 1586.45 1406.24 14.62 21.61 553.23 2388.14 9070.27 1.30 47.44 521.26 2388.10 8147.52 8.4349 0.03 393 2388 100.00 38.82 23.2735  
21 139 0.0004 0.0004 100.0 518.67 643.01 1594.76 1416.14 14.62 21.61 553.28 2388.08 9073.29 1.30 47.70 521.20 2388.15 8152.45 8.4359 0.03 392 2388 100.00 38.80 23.2491  
21 140 0.0003 -0.0002 100.0 518.67 642.75 1590.53 1408.66 14.62 21.61 553.70 2388.15 9071.64 1.30 47.78 521.30 2388.06 8150.49 8.4229 0.03 393 2388 100.00 39.02 23.2696  
21 141 0.0000 -0.0004 100.0 518.67 642.52 1590.22 1408.60 14.62 21.61 553.20 2388.12 9073.16 1.30 47.71 521.08 2388.04 8151.97 8.4430 0.03 394 2388 100.00 38.69 23.2107  
21 142 -0.0001 0.0001 100.0 518.67 642.87 1591.83 1407.97 14.62 21.61 553.12 2388.09 9072.21 1.30 47.57 521.47 2388.11 8149.66 8.4546 0.03 392 2388 100.00 38.80 23.3117  
21 143 -0.0015 0.0003 100.0 518.67 643.19 1600.66 1419.94 14.62 21.61 553.82 2388.09 9078.92 1.30 47.64 521.15 2388.14 8154.46 8.4693 0.03 394 2388 100.00 38.84 23.2598  
21 144 0.0028 -0.0002 100.0 518.67 643.46 1597.79 1414.83 14.62 21.61 553.11 2388.08 9072.90 1.30 47.71 520.67 2388.09 8153.16 8.4410 0.03 394 2388 100.00 38.83 23.2787  
21 145 0.0008 -0.0004 100.0 518.67 642.77 1593.00 1414.49 14.62 21.61 552.38 2388.07 9080.86 1.30 47.61 521.07 2388.11 8157.89 8.4962 0.03 393 2388 100.00 38.72 23.1927  
21 146 0.0025 -0.0003 100.0 518.67 643.12 1589.70 1422.79 14.62 21.61 553.58 2388.05 9066.02 1.30 47.54 521.21 2388.08 8159.43 8.4637 0.03 394 2388 100.00 38.84 23.3137  
21 147 0.0025 -0.0004 100.0 518.67 642.53 1591.56 1417.28 14.62 21.61 553.45 2388.17 9081.90 1.30 47.88 520.75 2388.05 8157.74 8.4800 0.03 395 2388 100.00 38.86 23.1837  
21 148 0.0029 0.0001 100.0 518.67 643.15 1588.13 1406.62 14.62 21.61 553.04 2388.16 9077.43 1.30 47.58 521.03 2388.10 8154.66 8.4469 0.03 393 2388 100.00 38.85 23.3063  
21 149 0.0033 0.0001 100.0 518.67 642.91 1594.72 1413.36 14.62 21.61 552.54 2388.15 9080.58 1.30 47.65 521.19 2388.11 8157.65 8.4113 0.03 393 2388 100.00 38.89 23.1911  
21 150 -0.0014 -0.0003 100.0 518.67 642.26 1599.60 1412.12 14.62 21.61 553.03 2388.10 9076.81 1.30 47.71 521.32 2388.12 8161.36 8.4638 0.03 394 2388 100.00 38.92 23.2747  
21 151 -0.0032 -0.0000 100.0 518.67 642.77 1585.08 1414.44 14.62 21.61 552.87 2388.07 9073.87 1.30 47.73 521.25 2388.10 8166.10 8.4426 0.03 394 2388 100.00 38.62 23.2335  
21 152 -0.0012 -0.0005 100.0 518.67 642.83 1595.37 1412.12 14.62 21.61 553.26 2388.11 9082.77 1.30 47.79 521.00 2388.07 8159.12 8.4098 0.03 395 2388 100.00 38.74 23.2816  
21 153 -0.0010 -0.0005 100.0 518.67 643.10 1584.27 1418.47 14.62 21.61 552.95 2388.08 9082.64 1.30 47.76 520.69 2388.11 8155.94 8.4762 0.03 394 2388 100.00 38.56 23.2731  
21 154 0.0020 0.0001 100.0 518.67 642.56 1586.47 1419.52 14.62 21.61 553.27 2388.11 9082.47 1.30 47.72 520.55 2388.15 8163.52 8.4195 0.03 393 2388 100.00 38.63 23.1987  
21 155 0.0005 -0.0002 100.0 518.67 642.77 1593.21 1406.50 14.62 21.61 552.40 2388.08 9095.98 1.30 47.68 520.82 2388.08 8163.58 8.4335 0.03 393 2388 100.00 38.66 23.1898  
21 156 -0.0005 -0.0005 100.0 518.67 643.00 1599.97 1411.74 14.62 21.61 552.63 2388.09 9086.95 1.30 47.61 520.53 2388.10 8161.57 8.4146 0.03 392 2388 100.00 38.62 23.2129  
21 157 0.0057 0.0000 100.0 518.67 643.06 1601.96 1414.12 14.62 21.61 553.11 2388.15 9088.15 1.30 47.76 521.10 2388.11 8165.79 8.4845 0.03 394 2388 100.00 38.55 23.3392  
21 158 0.0009 0.0002 100.0 518.67 642.80 1593.77 1411.02 14.62 21.61 553.16 2388.11 9087.09 1.30 47.81 520.49 2388.07 8166.88 8.4554 0.03 394 2388 100.00 38.80 23.1642  
21 159 0.0014 0.0000 100.0 518.67 642.73 1594.58 1417.50 14.62 21.61 552.57 2388.08 9088.19 1.30 47.70 520.54 2388.06 8163.26 8.4267 0.03 394 2388 100.00 38.75 23.2341  
21 160 -0.0028 -0.0001 100.0 518.67 643.06 1601.23 1407.82 14.62 21.61 552.30 2388.12 9093.52 1.30 47.63 521.01 2388.11 8166.89 8.4641 0.03 395 2388 100.00 38.71 23.2987  
21 161 0.0004 0.0003 100.0 518.67 642.79 1594.93 1420.38 14.62 21.61 553.29 2388.11 9094.77 1.30 47.73 521.11 2388.11 8171.92 8.4746 0.03 395 2388 100.00 38.49 23.2861  
21 162 0.0007 0.0000 100.0 518.67 643.31 1588.03 1415.55 14.62 21.61 552.70 2388.11 9092.14 1.30 47.70 520.88 2388.11 8165.30 8.5071 0.03 393 2388 100.00 38.79 23.1656  
21 163 -0.0035 -0.0005 100.0 518.67 643.30 1594.18 1412.92 14.62 21.61 552.95 2388.08 9092.14 1.30 47.67 520.95 2388.10 8168.25 8.4444 0.03 393 2388 100.00 38.72 23.2533  
21 164 -0.0007 -0.0004 100.0 518.67 643.02 1601.71 1415.87 14.62 21.61 552.82 2388.11 9101.89 1.30 47.75 520.83 2388.10 8173.99 8.5030 0.03 395 2388 100.00 38.67 23.2322  
21 165 -0.0060 -0.0003 100.0 518.67 643.14 1597.76 1419.22 14.62 21.61 551.98 2388.15 9099.62 1.30 47.70 520.86 2388.11 8169.29 8.4775 0.03 396 2388 100.00 38.73 23.1884  
21 166 0.0012 0.0001 100.0 518.67 643.15 1597.12 1417.56 14.62 21.61 552.81 2388.05 9102.87 1.30 47.83 520.93 2388.13 8172.86 8.4679 0.03 395 2388 100.00 38.65 23.1204  
21 167 -0.0013 0.0001 100.0 518.67 642.67 1592.84 1417.03 14.62 21.61 552.64 2388.16 9101.30 1.30 47.84 520.99 2388.07 8170.57 8.4524 0.03 394 2388 100.00 38.64 23.1390  
21 168 -0.0008 0.0002 100.0 518.67 643.45 1593.49 1416.86 14.62 21.61 551.85 2388.18 9102.44 1.30 47.74 520.60 2388.11 8170.55 8.4539 0.03 394 2388 100.00 38.55 23.1738  
21 169 0.0015 0.0002 100.0 518.67 642.95 1598.72 1404.44 14.62 21.61 553.35 2388.15 9110.26 1.30 47.70 520.84 2388.05 8181.51 8.4793 0.03 394 2388 100.00 38.73 23.2333  
21 170 0.0010 0.0000 100.0 518.67 643.36 1593.53 1414.34 14.62 21.61 552.37 2388.14 9100.01 1.30 47.92 520.15 2388.17 8182.63 8.4670 0.03 394 2388 100.00 38.68 23.1021  
21 171 0.0004 -0.0000 100.0 518.67 642.93 1594.59 1416.98 14.62 21.61 552.45 2388.08 9111.28 1.30 47.72 520.61 2388.14 8175.93 8.4731 0.03 394 2388 100.00 38.71 23.2438  
21 172 -0.0008 -0.0001 100.0 518.67 642.73 1601.24 1419.57 14.62 21.61 552.88 2388.16 9110.58 1.30 47.72 520.32 2388.16 8181.55 8.4629 0.03 395 2388 100.00 38.69 23.2232  
21 173 0.0023 -0.0005 100.0 518.67 643.66 1589.76 1416.02 14.62 21.61 553.26 2388.14 9112.71 1.30 47.82 520.68 2388.08 8182.90 8.4990 0.03 393 2388 100.00 38.76 23.2221  
21 174 -0.0022 -0.0002 100.0 518.67 643.44 1595.70 1413.63 14.62 21.61 552.78 2388.11 9106.13 1.30 47.81 520.70 2388.06 8184.51 8.4898 0.03 396 2388 100.00 38.56 23.1385  
21 175 -0.0009 -0.0000 100.0 518.67 643.33 1601.66 1420.72 14.62 21.61 552.24 2388.13 9110.08 1.30 47.91 520.81 2388.10 8182.66 8.5325 0.03 396 2388 100.00 38.56 23.2721  
21 176 -0.0005 -0.0005 100.0 518.67 643.64 1595.64 1421.95 14.62 21.61 553.12 2388.14 9117.62 1.30 47.93 521.13 2388.14 8185.37 8.4777 0.03 395 2388 100.00 38.71 23.2371  
21 177 0.0010 0.0004 100.0 518.67 643.16 1595.49 1415.35 14.62 21.61 551.88 2388.12 9119.15 1.30 47.98 521.02 2388.07 8192.54 8.4571 0.03 395 2388 100.00 38.62 23.1500  
21 178 0.0002 0.0003 100.0 518.67 643.16 1595.14 1415.78 14.62 21.61 552.41 2388.13 9115.87 1.30 47.92 520.47 2388.11 8191.23 8.5123 0.03 395 2388 100.00 38.53 23.1336  
21 179 0.0026 -0.0004 100.0 518.67 643.43 1596.67 1420.57 14.62 21.61 552.81 2388.11 9123.59 1.30 47.85 520.68 2388.12 8188.25 8.4978 0.03 394 2388 100.00 38.64 23.1996  
21 180 -0.0038 0.0002 100.0 518.67 643.28 1592.47 1425.74 14.62 21.61 551.82 2388.08 9124.41 1.30 47.90 520.18 2388.10 8197.22 8.4731 0.03 396 2388 100.00 38.76 23.1245  
21 181 -0.0004 -0.0004 100.0 518.67 643.25 1601.61 1423.88 14.62 21.61 552.28 2388.09 9127.29 1.30 47.71 520.23 2388.11 8196.37 8.5089 0.03 396 2388 100.00 38.63 23.1915  
21 182 -0.0038 0.0000 100.0 518.67 644.03 1594.42 1427.49 14.62 21.61 551.45 2388.20 9126.20 1.30 48.05 520.43 2388.12 8205.05 8.4974 0.03 396 2388 100.00 38.47 23.0623  
21 183 0.0002 -0.0002 100.0 518.67 643.15 1599.18 1421.65 14.62 21.61 552.49 2388.12 9128.53 1.30 47.72 521.04 2388.20 8195.84 8.4768 0.03 396 2388 100.00 38.53 23.0947  
21 184 -0.0028 -0.0001 100.0 518.67 643.51 1601.81 1414.46 14.62 21.61 552.05 2388.20 9133.01 1.30 47.99 520.48 2388.11 8203.49 8.5162 0.03 397 2388 100.00 38.39 23.0725  
21 185 0.0013 0.0002 100.0 518.67 643.31 1597.22 1421.54 14.62 21.61 552.19 2388.14 9132.55 1.30 47.84 519.95 2388.13 8202.54 8.5276 0.03 395 2388 100.00 38.62 23.1260  
21 186 -0.0008 -0.0000 100.0 518.67 643.18 1596.20 1424.98 14.62 21.61 552.11 2388.13 9140.98 1.30 48.02 520.19 2388.10 8206.42 8.5151 0.03 395 2388 100.00 38.63 23.1031  
21 187 0.0006 0.0004 100.0 518.67 643.37 1605.88 1421.25 14.62 21.61 552.45 2388.07 9140.81 1.30 48.25 519.79 2388.16 8212.31 8.4920 0.03 396 2388 100.00 38.59 23.0394  
21 188 0.0001 0.0000 100.0 518.67 642.96 1601.95 1421.99 14.62 21.61 552.16 2388.16 9150.40 1.30 47.98 520.46 2388.15 8211.32 8.5185 0.03 395 2388 100.00 38.36 23.1883  
21 189 0.0039 -0.0002 100.0 518.67 643.15 1597.93 1428.04 14.62 21.61 551.89 2388.14 9147.63 1.30 47.97 520.52 2388.16 8213.86 8.4658 0.03 395 2388 100.00 38.43 23.2103  
21 190 0.0023 -0.0003 100.0 518.67 643.97 1605.53 1420.52 14.62 21.61 552.77 2388.13 9149.16 1.30 47.98 520.11 2388.15 8217.12 8.5157 0.03 395 2388 100.00 38.43 23.0629  
21 191 -0.0004 -0.0004 100.0 518.67 643.52 1597.89 1430.71 14.62 21.61 552.18 2388.18 9158.26 1.30 48.05 520.11 2388.15 8212.58 8.4800 0.03 397 2388 100.00 38.58 23.0457  
21 192 -0.0023 0.0000 100.0 518.67 643.89 1597.72 1424.50 14.62 21.61 551.78 2388.19 9162.31 1.30 48.09 520.77 2388.15 8222.40 8.5063 0.03 397 2388 100.00 38.35 23.1247  
21 193 0.0008 0.0002 100.0 518.67 644.02 1603.87 1423.72 14.62 21.61 552.26 2388.15 9155.93 1.30 48.08 519.83 2388.16 8219.88 8.5090 0.03 397 2388 100.00 38.54 23.0377  
21 194 -0.0007 -0.0005 100.0 518.67 643.85 1604.29 1434.26 14.62 21.61 551.40 2388.18 9164.82 1.30 48.16 520.48 2388.21 8231.47 8.5032 0.03 398 2388 100.00 38.44 22.9791  
21 195 0.0022 0.0000 100.0 518.67 643.87 1606.47 1432.84 14.62 21.61 551.79 2388.18 9161.51 1.30 48.04 520.26 2388.19 8224.87 8.5197 0.03 399 2388 100.00 38.44 22.9860  
22 1 -0.0000 -0.0003 100.0 518.67 642.68 1595.65 1408.51 14.62 21.61 553.04 2388.09 9048.21 1.30 47.46 521.07 2388.16 8127.45 8.4425 0.03 393 2388 100.00 38.96 23.3081  
22 2 0.0022 0.0001 100.0 518.67 642.59 1590.88 1411.44 14.62 21.61 552.92 2388.16 9044.01 1.30 47.65 521.14 2388.15 8131.18 8.4395 0.03 393 2388 100.00 38.71 23.4163  
22 3 -0.0018 0.0002 100.0 518.67 642.41 1589.32 1410.07 14.62 21.61 552.67 2388.13 9056.46 1.30 47.49 520.81 2388.15 8125.89 8.4301 0.03 394 2388 100.00 38.76 23.1676  
22 4 0.0005 0.0004 100.0 518.67 642.42 1596.85 1403.26 14.62 21.61 553.31 2388.07 9045.95 1.30 47.50 521.63 2388.15 8127.41 8.4372 0.03 392 2388 100.00 38.89 23.2945  
22 5 -0.0001 0.0001 100.0 518.67 642.36 1587.95 1407.96 14.62 21.61 554.04 2388.13 9035.89 1.30 47.71 520.94 2388.20 8128.25 8.4278 0.03 394 2388 100.00 38.68 23.2824  
22 6 -0.0004 0.0003 100.0 518.67 642.66 1587.49 1413.09 14.62 21.61 553.75 2388.06 9044.99 1.30 47.41 521.27 2388.15 8135.40 8.4446 0.03 393 2388 100.00 38.78 23.3516  
22 7 -0.0005 0.0002 100.0 518.67 642.63 1594.08 1406.14 14.62 21.61 553.59 2388.12 9040.26 1.30 47.66 520.55 2388.13 8127.41 8.4663 0.03 394 2388 100.00 38.91 23.3040  
22 8 0.0011 -0.0004 100.0 518.67 643.18 1584.45 1418.91 14.62 21.61 553.83 2388.11 9052.11 1.30 47.66 521.43 2388.17 8126.00 8.4409 0.03 393 2388 100.00 38.92 23.3256  
22 9 0.0009 -0.0005 100.0 518.67 643.11 1590.34 1409.79 14.62 21.61 553.57 2388.22 9040.64 1.30 47.65 521.58 2388.16 8124.80 8.4316 0.03 394 2388 100.00 38.82 23.2955  
22 10 0.0012 -0.0003 100.0 518.67 642.29 1591.75 1411.62 14.62 21.61 553.33 2388.15 9044.26 1.30 47.67 521.20 2388.11 8122.79 8.4794 0.03 393 2388 100.00 38.72 23.2838  
22 11 0.0017 0.0004 100.0 518.67 642.61 1587.96 1404.46 14.62 21.61 554.07 2388.14 9042.47 1.30 47.73 520.48 2388.12 8127.28 8.4147 0.03 394 2388 100.00 38.70 23.3495  
22 12 -0.0010 0.0002 100.0 518.67 642.72 1586.77 1413.64 14.62 21.61 552.90 2388.21 9039.84 1.30 47.59 520.83 2388.11 8123.69 8.4622 0.03 393 2388 100.00 38.84 23.1621  
22 13 -0.0041 0.0004 100.0 518.67 642.45 1595.05 1413.46 14.62 21.61 552.68 2388.12 9046.53 1.30 47.67 521.21 2388.12 8121.41 8.4276 0.03 394 2388 100.00 38.80 23.3091  
22 14 0.0004 -0.0002 100.0 518.67 642.89 1590.50 1420.34 14.62 21.61 554.09 2388.12 9039.32 1.30 47.65 520.88 2388.14 8125.04 8.4289 0.03 394 2388 100.00 38.86 23.1621  
22 15 -0.0014 -0.0001 100.0 518.67 642.69 1600.63 1414.01 14.62 21.61 552.00 2388.19 9045.78 1.30 47.46 521.00 2388.09 8127.87 8.4551 0.03 394 2388 100.00 38.71 23.3128  
22 16 0.0015 -0.0003 100.0 518.67 642.42 1586.73 1410.75 14.62 21.61 552.99 2388.14 9041.70 1.30 47.59 521.01 2388.15 8135.22 8.4540 0.03 394 2388 100.00 38.86 23.3476  
22 17 0.0022 0.0004 100.0 518.67 642.88 1587.89 1406.81 14.62 21.61 553.92 2388.12 9037.92 1.30 47.71 520.99 2388.16 8129.56 8.4312 0.03 392 2388 100.00 38.80 23.3163  
22 18 0.0021 0.0002 100.0 518.67 642.64 1592.63 1409.51 14.62 21.61 552.79 2388.12 9042.88 1.30 47.60 521.50 2388.21 8123.89 8.4288 0.03 393 2388 100.00 38.83 23.1931  
22 19 0.0001 -0.0004 100.0 518.67 643.03 1585.65 1413.45 14.62 21.61 552.60 2388.12 9048.97 1.30 47.65 521.81 2388.17 8131.67 8.4410 0.03 393 2388 100.00 38.71 23.3558  
22 20 -0.0014 -0.0001 100.0 518.67 643.22 1591.93 1411.39 14.62 21.61 553.18 2388.14 9044.90 1.30 47.74 520.91 2388.14 8125.48 8.4526 0.03 393 2388 100.00 39.01 23.2308  
22 21 -0.0014 0.0000 100.0 518.67 642.56 1593.16 1409.59 14.62 21.61 553.37 2388.12 9044.41 1.30 47.68 520.71 2388.14 8123.60 8.4246 0.03 393 2388 100.00 38.84 23.2658  
22 22 0.0007 0.0004 100.0 518.67 642.67 1587.34 1412.77 14.62 21.61 553.08 2388.15 9042.13 1.30 47.58 520.82 2388.08 8132.42 8.4274 0.03 392 2388 100.00 38.78 23.2420  
22 23 0.0001 0.0001 100.0 518.67 642.44 1595.99 1409.68 14.62 21.61 553.57 2388.13 9043.14 1.30 47.57 520.97 2388.14 8121.34 8.4364 0.03 393 2388 100.00 38.79 23.3627  
22 24 0.0008 0.0004 100.0 518.67 642.91 1586.17 1409.73 14.62 21.61 553.32 2388.12 9047.04 1.30 47.47 521.56 2388.17 8125.34 8.4327 0.03 395 2388 100.00 38.73 23.2765  
22 25 0.0019 -0.0001 100.0 518.67 642.60 1593.43 1409.55 14.62 21.61 553.40 2388.09 9048.42 1.30 47.66 520.49 2388.16 8116.77 8.4643 0.03 394 2388 100.00 38.69 23.3008  
22 26 0.0007 0.0000 100.0 518.67 642.92 1589.99 1408.98 14.62 21.61 552.63 2388.18 9049.90 1.30 47.40 520.75 2388.16 8126.34 8.4655 0.03 393 2388 100.00 38.96 23.2249  
22 27 0.0032 0.0000 100.0 518.67 642.69 1590.61 1410.76 14.62 21.61 553.64 2388.13 9052.21 1.30 47.66 521.39 2388.13 8133.38 8.4366 0.03 393 2388 100.00 38.61 23.3329  
22 28 -0.0013 -0.0005 100.0 518.67 642.83 1588.41 1411.78 14.62 21.61 552.87 2388.16 9041.39 1.30 47.71 521.28 2388.10 8128.43 8.4493 0.03 394 2388 100.00 38.94 23.2111  
22 29 0.0006 -0.0002 100.0 518.67 642.75 1588.83 1411.50 14.62 21.61 553.22 2388.13 9038.83 1.30 47.46 521.20 2388.15 8132.20 8.4415 0.03 394 2388 100.00 38.72 23.2760  
22 30 -0.0024 0.0003 100.0 518.67 642.84 1592.78 1412.47 14.62 21.61 553.33 2388.11 9037.23 1.30 47.66 521.41 2388.20 8125.15 8.4389 0.03 393 2388 100.00 38.88 23.3015  
22 31 0.0032 -0.0003 100.0 518.67 642.29 1584.71 1407.49 14.62 21.61 553.29 2388.12 9050.26 1.30 47.66 521.04 2388.13 8126.72 8.4626 0.03 393 2388 100.00 38.78 23.2600  
22 32 -0.0009 0.0001 100.0 518.67 642.50 1592.92 1407.23 14.62 21.61 552.93 2388.17 9038.48 1.30 47.60 521.43 2388.13 8126.45 8.4447 0.03 394 2388 100.00 38.61 23.3354  
22 33 0.0008 0.0004 100.0 518.67 642.43 1591.08 1409.14 14.62 21.61 552.90 2388.17 9042.82 1.30 47.53 522.00 2388.14 8127.86 8.4072 0.03 392 2388 100.00 38.76 23.3509  
22 34 -0.0037 -0.0004 100.0 518.67 642.53 1590.05 1414.03 14.62 21.61 553.34 2388.10 9049.79 1.30 47.51 520.76 2388.14 8125.80 8.4838 0.03 393 2388 100.00 38.89 23.3121  
22 35 0.0012 -0.0002 100.0 518.67 642.83 1589.06 1409.98 14.62 21.61 553.06 2388.14 9044.00 1.30 47.69 521.21 2388.10 8125.35 8.4399 0.03 394 2388 100.00 38.91 23.2996  
22 36 0.0000 0.0004 100.0 518.67 642.63 1592.48 1412.09 14.62 21.61 553.71 2388.09 9047.83 1.30 47.52 521.11 2388.18 8124.70 8.4368 0.03 394 2388 100.00 38.90 23.3578  
22 37 -0.0024 -0.0003 100.0 518.67 642.31 1594.24 1408.30 14.62 21.61 553.45 2388.10 9048.22 1.30 47.65 520.83 2388.13 8124.69 8.4571 0.03 393 2388 100.00 38.92 23.2489  
22 38 -0.0006 0.0000 100.0 518.67 642.93 1591.82 1411.74 14.62 21.61 553.42 2388.15 9044.73 1.30 47.62 521.33 2388.13 8126.40 8.4371 0.03 393 2388 100.00 38.96 23.2732  
22 39 -0.0040 0.0004 100.0 518.67 642.44 1593.23 1413.65 14.62 21.61 553.35 2388.13 9046.50 1.30 47.51 520.90 2388.15 8125.40 8.4423 0.03 393 2388 100.00 38.67 23.2188  
22 40 0.0032 -0.0001 100.0 518.67 642.55 1587.03 1405.63 14.62 21.61 553.22 2388.16 9039.30 1.30 47.55 520.95 2388.12 8123.26 8.4329 0.03 393 2388 100.00 38.86 23.2459  
22 41 -0.0002 0.0003 100.0 518.67 642.86 1589.65 1413.05 14.62 21.61 553.35 2388.16 9044.16 1.30 47.65 520.78 2388.16 8123.49 8.4630 0.03 393 2388 100.00 38.84 23.1941  
22 42 -0.0037 0.0002 100.0 518.67 642.75 1593.97 1416.36 14.62 21.61 553.76 2388.13 9042.44 1.30 47.71 521.21 2388.11 8122.91 8.4320 0.03 393 2388 100.00 38.80 23.2746  
22 43 0.0017 -0.0000 100.0 518.67 642.83 1591.19 1406.56 14.62 21.61 553.37 2388.16 9042.23 1.30 47.72 520.95 2388.12 8122.16 8.4669 0.03 393 2388 100.00 38.68 23.2147  
22 44 0.0057 0.0001 100.0 518.67 642.89 1589.10 1408.15 14.62 21.61 552.66 2388.13 9038.02 1.30 47.51 521.05 2388.16 8125.62 8.5020 0.03 395 2388 100.00 38.66 23.3035  
22 45 -0.0030 -0.0003 100.0 518.67 642.71 1595.96 1417.33 14.62 21.61 553.71 2388.11 9045.20 1.30 47.50 521.14 2388.12 8125.81 8.4419 0.03 393 2388 100.00 38.79 23.2857  
22 46 -0.0006 -0.0003 100.0 518.67 642.48 1586.35 1414.96 14.62 21.61 553.26 2388.15 9045.76 1.30 47.60 521.06 2388.14 8124.12 8.4278 0.03 393 2388 100.00 38.86 23.1290  
22 47 0.0044 -0.0003 100.0 518.67 642.53 1593.06 1406.87 14.62 21.61 553.20 2388.15 9047.78 1.30 47.63 521.28 2388.13 8128.01 8.4270 0.03 393 2388 100.00 38.79 23.1882  
22 48 -0.0012 -0.0001 100.0 518.67 642.32 1593.99 1419.52 14.62 21.61 553.52 2388.12 9043.64 1.30 47.70 520.89 2388.16 8126.58 8.4535 0.03 392 2388 100.00 38.75 23.2646  
22 49 0.0008 -0.0002 100.0 518.67 642.72 1586.85 1410.55 14.62 21.61 552.88 2388.11 9042.81 1.30 47.62 521.00 2388.19 8121.11 8.4552 0.03 392 2388 100.00 38.80 23.2350  
22 50 -0.0040 -0.0002 100.0 518.67 642.61 1590.58 1409.53 14.62 21.61 553.18 2388.15 9045.97 1.30 47.62 521.19 2388.15 8129.55 8.4720 0.03 393 2388 100.00 38.64 23.3000  
22 51 0.0017 0.0005 100.0 518.67 642.64 1592.76 1401.38 14.62 21.61 553.19 2388.14 9051.46 1.30 47.68 521.31 2388.11 8124.81 8.4562 0.03 394 2388 100.00 38.52 23.2958  
22 52 -0.0035 0.0002 100.0 518.67 642.57 1588.86 1415.70 14.62 21.61 553.38 2388.19 9043.59 1.30 47.54 521.19 2388.17 8123.22 8.4475 0.03 393 2388 100.00 38.91 23.3390  
22 53 0.0007 -0.0000 100.0 518.67 642.59 1594.84 1413.85 14.62 21.61 552.81 2388.17 9045.18 1.30 47.79 521.35 2388.09 8125.97 8.4599 0.03 394 2388 100.00 38.69 23.2767  
22 54 0.0022 0.0005 100.0 518.67 642.82 1592.34 1417.11 14.62 21.61 552.92 2388.13 9041.38 1.30 47.58 520.81 2388.15 8120.31 8.4476 0.03 393 2388 100.00 38.71 23.1876  
22 55 -0.0013 -0.0001 100.0 518.67 642.82 1589.77 1414.49 14.62 21.61 552.94 2388.24 9041.08 1.30 47.68 521.21 2388.19 8124.34 8.5004 0.03 394 2388 100.00 38.74 23.2381  
22 56 0.0002 -0.0002 100.0 518.67 643.22 1586.45 1409.47 14.62 21.61 553.46 2388.20 9045.19 1.30 47.69 520.75 2388.16 8123.09 8.4353 0.03 392 2388 100.00 38.54 23.3475  
22 57 0.0004 -0.0001 100.0 518.67 642.71 1592.16 1413.15 14.62 21.61 552.98 2388.14 9050.23 1.30 47.47 521.04 2388.12 8119.56 8.4896 0.03 394 2388 100.00 38.86 23.3465  
22 58 -0.0009 0.0005 100.0 518.67 642.77 1601.81 1414.81 14.62 21.61 552.57 2388.20 9048.10 1.30 47.49 520.92 2388.14 8120.97 8.4607 0.03 391 2388 100.00 38.70 23.1289  
22 59 0.0007 0.0003 100.0 518.67 642.35 1582.20 1421.03 14.62 21.61 553.44 2388.14 9043.74 1.30 47.58 521.07 2388.11 8129.30 8.4459 0.03 393 2388 100.00 38.86 23.2998  
22 60 0.0042 -0.0002 100.0 518.67 642.20 1585.35 1410.03 14.62 21.61 552.64 2388.12 9045.63 1.30 47.64 521.05 2388.17 8129.04 8.4546 0.03 395 2388 100.00 38.83 23.1580  
22 61 -0.0049 -0.0005 100.0 518.67 642.92 1592.85 1417.27 14.62 21.61 553.04 2388.20 9048.79 1.30 47.73 521.22 2388.19 8120.77 8.4626 0.03 394 2388 100.00 38.91 23.2871  
22 62 0.0002 0.0001 100.0 518.67 642.66 1590.09 1413.40 14.62 21.61 553.24 2388.14 9053.08 1.30 47.53 521.08 2388.15 8127.39 8.4871 0.03 391 2388 100.00 38.78 23.1366  
22 63 -0.0002 -0.0004 100.0 518.67 642.55 1590.61 1409.71 14.62 21.61 552.82 2388.15 9055.00 1.30 47.44 521.70 2388.20 8126.67 8.4670 0.03 392 2388 100.00 38.83 23.2717  
22 64 0.0022 0.0002 100.0 518.67 642.76 1589.41 1410.89 14.62 21.61 552.82 2388.17 9055.82 1.30 47.62 520.64 2388.11 8121.39 8.4445 0.03 393 2388 100.00 38.68 23.2576  
22 65 0.0017 0.0002 100.0 518.67 642.55 1592.48 1408.87 14.62 21.61 553.06 2388.15 9048.68 1.30 47.54 520.65 2388.14 8121.49 8.4588 0.03 394 2388 100.00 38.78 23.3350  
22 66 -0.0002 -0.0002 100.0 518.67 643.34 1594.00 1411.47 14.62 21.61 552.80 2388.16 9048.41 1.30 47.67 521.51 2388.21 8129.05 8.4286 0.03 392 2388 100.00 38.69 23.2503  
22 67 -0.0008 -0.0002 100.0 518.67 642.34 1586.98 1408.90 14.62 21.61 552.71 2388.17 9050.32 1.30 47.52 521.16 2388.17 8129.03 8.4179 0.03 393 2388 100.00 38.61 23.2829  
22 68 0.0022 0.0000 100.0 518.67 642.67 1590.36 1411.26 14.62 21.61 553.04 2388.16 9044.99 1.30 47.77 521.15 2388.18 8133.94 8.4528 0.03 394 2388 100.00 38.77 23.3721  
22 69 -0.0037 0.0003 100.0 518.67 643.53 1590.03 1416.23 14.62 21.61 553.15 2388.14 9043.06 1.30 47.65 520.89 2388.15 8123.26 8.4285 0.03 394 2388 100.00 38.67 23.1985  
22 70 -0.0017 -0.0002 100.0 518.67 642.91 1597.06 1410.25 14.62 21.61 553.13 2388.15 9045.98 1.30 47.65 521.44 2388.16 8127.75 8.4825 0.03 395 2388 100.00 38.73 23.3136  
22 71 -0.0011 -0.0002 100.0 518.67 642.98 1593.54 1414.45 14.62 21.61 553.78 2388.15 9043.98 1.30 47.62 521.48 2388.15 8126.16 8.4685 0.03 393 2388 100.00 38.95 23.2371  
22 72 0.0018 -0.0004 100.0 518.67 642.97 1589.80 1408.32 14.62 21.61 553.93 2388.14 9044.36 1.30 47.65 521.16 2388.11 8127.23 8.4498 0.03 394 2388 100.00 38.82 23.2304  
22 73 -0.0026 -0.0002 100.0 518.67 642.31 1594.01 1411.77 14.62 21.61 553.16 2388.15 9047.17 1.30 47.75 521.24 2388.07 8122.36 8.4963 0.03 393 2388 100.00 38.71 23.4268  
22 74 0.0012 -0.0001 100.0 518.67 643.31 1590.59 1407.23 14.62 21.61 552.96 2388.14 9040.94 1.30 47.54 520.98 2388.14 8129.43 8.4913 0.03 392 2388 100.00 38.72 23.1645  
22 75 0.0007 0.0003 100.0 518.67 642.22 1596.63 1406.61 14.62 21.61 553.30 2388.14 9038.52 1.30 47.63 521.37 2388.10 8125.96 8.4373 0.03 393 2388 100.00 38.67 23.3726  
22 76 0.0001 -0.0002 100.0 518.67 643.09 1589.54 1411.94 14.62 21.61 552.57 2388.18 9047.09 1.30 47.78 521.28 2388.19 8127.90 8.4363 0.03 394 2388 100.00 38.68 23.3426  
22 77 -0.0022 0.0001 100.0 518.67 642.81 1589.86 1407.99 14.62 21.61 552.63 2388.11 9046.76 1.30 47.60 521.17 2388.14 8124.81 8.5002 0.03 394 2388 100.00 38.83 23.3883  
22 78 0.0039 -0.0002 100.0 518.67 642.79 1590.88 1410.45 14.62 21.61 552.57 2388.13 9048.73 1.30 47.78 521.18 2388.18 8128.60 8.4840 0.03 393 2388 100.00 38.72 23.2214  
22 79 -0.0006 -0.0000 100.0 518.67 642.72 1582.20 1409.31 14.62 21.61 553.44 2388.14 9047.66 1.30 47.76 521.40 2388.15 8123.94 8.4498 0.03 392 2388 100.00 38.63 23.2680  
22 80 0.0031 -0.0002 100.0 518.67 642.32 1586.95 1408.99 14.62 21.61 553.01 2388.14 9050.06 1.30 47.71 521.42 2388.15 8128.19 8.4668 0.03 393 2388 100.00 38.59 23.3018  
22 81 -0.0040 0.0004 100.0 518.67 643.11 1591.83 1414.25 14.62 21.61 553.38 2388.20 9047.96 1.30 47.72 521.11 2388.15 8126.35 8.4555 0.03 394 2388 100.00 38.76 23.2738  
22 82 0.0004 0.0003 100.0 518.67 643.03 1594.13 1408.38 14.62 21.61 553.05 2388.21 9045.56 1.30 47.69 521.33 2388.15 8116.10 8.4525 0.03 394 2388 100.00 38.92 23.2483  
22 83 -0.0017 0.0002 100.0 518.67 642.64 1590.85 1411.57 14.62 21.61 553.21 2388.12 9045.60 1.30 47.53 521.22 2388.15 8127.01 8.4684 0.03 393 2388 100.00 38.72 23.1911  
22 84 -0.0016 0.0002 100.0 518.67 642.95 1588.32 1415.28 14.62 21.61 552.83 2388.15 9040.66 1.30 47.58 521.27 2388.12 8126.86 8.4723 0.03 393 2388 100.00 38.60 23.1491  
22 85 0.0001 -0.0003 100.0 518.67 642.25 1588.61 1409.86 14.62 21.61 553.46 2388.15 9045.86 1.30 47.71 521.35 2388.13 8131.23 8.4392 0.03 393 2388 100.00 38.97 23.2989  
22 86 0.0009 0.0001 100.0 518.67 643.01 1591.44 1415.20 14.62 21.61 553.25 2388.19 9052.88 1.30 47.51 521.32 2388.15 8123.82 8.4634 0.03 395 2388 100.00 38.70 23.2679  
22 87 -0.0013 -0.0002 100.0 518.67 643.05 1591.22 1410.49 14.62 21.61 553.08 2388.17 9042.53 1.30 47.66 520.81 2388.15 8124.99 8.4727 0.03 394 2388 100.00 38.57 23.2650  
22 88 0.0020 -0.0001 100.0 518.67 642.67 1591.68 1414.96 14.62 21.61 553.34 2388.19 9038.39 1.30 47.79 521.62 2388.13 8122.78 8.4560 0.03 392 2388 100.00 38.76 23.2719  
22 89 0.0005 0.0003 100.0 518.67 643.00 1582.18 1409.46 14.62 21.61 552.96 2388.14 9050.24 1.30 47.68 521.30 2388.17 8120.16 8.4470 0.03 394 2388 100.00 38.87 23.2905  
22 90 0.0035 0.0005 100.0 518.67 642.76 1590.13 1413.89 14.62 21.61 552.15 2388.19 9049.77 1.30 47.65 521.34 2388.18 8123.74 8.4474 0.03 394 2388 100.00 38.67 23.2794  
22 91 0.0023 0.0002 100.0 518.67 643.11 1591.33 1409.16 14.62 21.61 553.31 2388.13 9044.84 1.30 47.79 520.86 2388.15 8130.66 8.4415 0.03 392 2388 100.00 38.65 23.2688  
22 92 -0.0022 0.0000 100.0 518.67 642.79 1593.30 1410.75 14.62 21.61 552.12 2388.20 9046.06 1.30 47.70 520.56 2388.13 8125.97 8.4497 0.03 395 2388 100.00 38.95 23.2698  
22 93 -0.0040 0.0003 100.0 518.67 642.68 1596.87 1414.28 14.62 21.61 552.61 2388.15 9040.98 1.30 47.65 520.68 2388.16 8130.60 8.4524 0.03 394 2388 100.00 38.84 23.1542  
22 94 -0.0003 0.0001 100.0 518.67 642.74 1589.46 1415.25 14.62 21.61 553.37 2388.18 9054.87 1.30 47.56 520.96 2388.19 8128.14 8.4681 0.03 395 2388 100.00 38.65 23.3048  
22 95 0.0011 -0.0004 100.0 518.67 642.93 1587.45 1415.65 14.62 21.61 553.27 2388.15 9042.78 1.30 47.56 521.40 2388.14 8128.27 8.4520 0.03 394 2388 100.00 38.72 23.1999  
22 96 -0.0031 0.0002 100.0 518.67 642.57 1594.05 1409.51 14.62 21.61 552.99 2388.18 9052.54 1.30 47.58 520.90 2388.19 8127.71 8.4624 0.03 395 2388 100.00 38.82 23.1353  
22 97 0.0013 0.0001 100.0 518.67 642.81 1590.90 1410.68 14.62 21.61 553.65 2388.17 9046.47 1.30 47.65 521.16 2388.15 8130.88 8.4423 0.03 394 2388 100.00 38.56 23.2786  
22 98 0.0019 -0.0000 100.0 518.67 642.46 1591.42 1414.03 14.62 21.61 552.63 2388.10 9047.80 1.30 47.67 520.83 2388.15 8122.87 8.4345 0.03 394 2388 100.00 38.96 23.2702  
22 99 -0.0015 -0.0004 100.0 518.67 642.81 1592.42 1408.98 14.62 21.61 552.90 2388.20 9046.08 1.30 47.55 520.78 2388.13 8122.32 8.4727 0.03 395 2388 100.00 38.76 23.3038  
22 100 0.0009 -0.0005 100.0 518.67 642.47 1592.90 1418.77 14.62 21.61 552.74 2388.17 9048.40 1.30 47.59 520.42 2388.15 8128.09 8.4624 0.03 393 2388 100.00 38.60 23.2986  
22 101 -0.0024 0.0002 100.0 518.67 643.02 1594.98 1411.58 14.62 21.61 552.78 2388.15 9053.33 1.30 47.48 521.27 2388.12 8126.01 8.4446 0.03 393 2388 100.00 38.72 23.3440  
22 102 -0.0027 -0.0002 100.0 518.67 642.71 1589.02 1406.67 14.62 21.61 552.65 2388.20 9040.86 1.30 47.67 520.53 2388.15 8124.05 8.4826 0.03 394 2388 100.00 38.82 23.3046  
22 103 -0.0005 0.0002 100.0 518.67 642.88 1595.85 1411.51 14.62 21.61 553.41 2388.19 9049.77 1.30 47.71 520.85 2388.19 8126.28 8.4550 0.03 394 2388 100.00 38.65 23.2992  
22 104 -0.0032 -0.0000 100.0 518.67 642.40 1594.52 1418.87 14.62 21.61 552.87 2388.20 9040.22 1.30 47.74 521.21 2388.10 8128.06 8.4591 0.03 393 2388 100.00 38.81 23.2751  
22 105 0.0002 0.0002 100.0 518.67 642.79 1593.20 1416.14 14.62 21.61 552.83 2388.16 9047.89 1.30 47.74 521.26 2388.15 8126.11 8.4636 0.03 393 2388 100.00 38.63 23.2653  
22 106 -0.0004 -0.0000 100.0 518.67 642.75 1594.05 1413.24 14.62 21.61 552.81 2388.15 9044.70 1.30 47.84 520.95 2388.12 8124.82 8.4654 0.03 393 2388 100.00 38.65 23.2277  
22 107 -0.0016 0.0005 100.0 518.67 642.78 1594.46 1418.78 14.62 21.61 552.42 2388.20 9045.95 1.30 47.71 521.31 2388.19 8127.37 8.4723 0.03 395 2388 100.00 38.68 23.2432  
22 108 0.0018 -0.0004 100.0 518.67 642.75 1589.59 1414.56 14.62 21.61 552.58 2388.17 9048.27 1.30 47.60 521.27 2388.22 8124.64 8.4586 0.03 394 2388 100.00 38.66 23.1833  
22 109 0.0038 0.0003 100.0 518.67 643.50 1593.80 1412.97 14.62 21.61 552.68 2388.16 9045.97 1.30 47.78 521.19 2388.18 8120.16 8.4739 0.03 395 2388 100.00 38.71 23.2776  
22 110 0.0007 0.0001 100.0 518.67 642.91 1593.26 1407.26 14.62 21.61 552.61 2388.16 9044.36 1.30 47.63 520.95 2388.18 8129.20 8.4541 0.03 395 2388 100.00 38.80 23.2494  
22 111 -0.0021 0.0000 100.0 518.67 642.82 1590.69 1409.08 14.62 21.61 552.52 2388.20 9053.29 1.30 47.72 521.25 2388.13 8124.43 8.4293 0.03 395 2388 100.00 38.69 23.0843  
22 112 -0.0011 0.0004 100.0 518.67 643.30 1590.31 1421.74 14.62 21.61 553.09 2388.22 9041.96 1.30 47.73 520.88 2388.11 8123.26 8.4727 0.03 394 2388 100.00 38.83 23.2717  
22 113 -0.0011 0.0005 100.0 518.67 643.22 1589.21 1417.75 14.62 21.61 553.41 2388.17 9048.13 1.30 47.91 521.39 2388.15 8126.58 8.4792 0.03 396 2388 100.00 38.66 23.1672  
22 114 0.0025 0.0000 100.0 518.67 643.18 1593.76 1416.74 14.62 21.61 553.46 2388.18 9040.27 1.30 47.72 521.20 2388.14 8127.30 8.4293 0.03 394 2388 100.00 38.64 23.2652  
22 115 -0.0007 -0.0003 100.0 518.67 642.77 1589.30 1408.40 14.62 21.61 552.03 2388.17 9051.76 1.30 47.81 520.56 2388.11 8124.88 8.4748 0.03 396 2388 100.00 38.85 23.2942  
22 116 -0.0006 -0.0004 100.0 518.67 642.13 1594.25 1408.89 14.62 21.61 553.18 2388.16 9049.59 1.30 47.56 520.54 2388.10 8131.33 8.4468 0.03 394 2388 100.00 38.61 23.1306  
22 117 0.0003 0.0001 100.0 518.67 642.56 1594.97 1411.98 14.62 21.61 552.11 2388.17 9050.17 1.30 47.73 521.13 2388.17 8121.10 8.4411 0.03 393 2388 100.00 38.80 23.2234  
22 118 0.0013 0.0002 100.0 518.67 643.07 1597.68 1417.08 14.62 21.61 551.60 2388.20 9047.79 1.30 47.93 520.46 2388.20 8120.37 8.4493 0.03 394 2388 100.00 38.74 23.3115  
22 119 -0.0004 -0.0001 100.0 518.67 643.17 1599.65 1406.82 14.62 21.61 552.67 2388.17 9049.38 1.30 47.92 521.26 2388.17 8121.35 8.4793 0.03 394 2388 100.00 38.68 23.1413  
22 120 0.0031 -0.0005 100.0 518.67 642.86 1592.34 1414.19 14.62 21.61 553.06 2388.19 9051.28 1.30 47.75 521.56 2388.16 8126.40 8.4341 0.03 394 2388 100.00 38.82 23.3279  
22 121 -0.0009 -0.0004 100.0 518.67 643.19 1590.41 1416.03 14.62 21.61 552.20 2388.15 9048.46 1.30 47.85 521.04 2388.15 8131.93 8.4749 0.03 395 2388 100.00 38.83 23.2410  
22 122 -0.0008 -0.0001 100.0 518.67 643.16 1597.30 1419.99 14.62 21.61 553.66 2388.21 9043.47 1.30 47.68 520.90 2388.18 8122.95 8.4700 0.03 393 2388 100.00 38.89 23.1644  
22 123 0.0021 0.0003 100.0 518.67 642.23 1594.70 1419.65 14.62 21.61 552.59 2388.18 9048.04 1.30 47.63 520.85 2388.13 8122.92 8.4752 0.03 393 2388 100.00 38.85 23.2060  
22 124 0.0045 -0.0002 100.0 518.67 642.60 1581.02 1416.00 14.62 21.61 553.01 2388.15 9047.33 1.30 47.81 520.75 2388.14 8130.04 8.4587 0.03 395 2388 100.00 38.66 23.1690  
22 125 -0.0004 0.0002 100.0 518.67 642.89 1591.14 1413.34 14.62 21.61 552.23 2388.18 9052.28 1.30 47.81 521.04 2388.17 8125.52 8.4779 0.03 394 2388 100.00 38.64 23.2296  
22 126 0.0015 -0.0002 100.0 518.67 643.15 1590.66 1411.33 14.62 21.61 553.53 2388.18 9048.86 1.30 47.81 520.56 2388.23 8129.82 8.4539 0.03 394 2388 100.00 38.57 23.2770  
22 127 0.0012 -0.0004 100.0 518.67 642.46 1594.56 1418.40 14.62 21.61 552.96 2388.11 9037.75 1.30 47.78 520.87 2388.15 8125.41 8.5029 0.03 393 2388 100.00 38.54 23.1082  
22 128 0.0010 0.0003 100.0 518.67 642.89 1591.40 1419.70 14.62 21.61 552.60 2388.19 9052.09 1.30 47.68 520.94 2388.11 8129.90 8.4846 0.03 393 2388 100.00 38.73 23.2663  
22 129 -0.0003 0.0001 100.0 518.67 642.93 1593.01 1418.36 14.62 21.61 552.15 2388.19 9046.97 1.30 47.68 520.99 2388.19 8117.64 8.4532 0.03 395 2388 100.00 38.86 23.2078  
22 130 -0.0023 -0.0003 100.0 518.67 643.48 1593.31 1415.51 14.62 21.61 552.82 2388.21 9038.52 1.30 47.77 520.68 2388.13 8124.72 8.4669 0.03 394 2388 100.00 38.60 23.2721  
22 131 -0.0009 -0.0004 100.0 518.67 643.49 1602.62 1414.33 14.62 21.61 553.45 2388.19 9041.86 1.30 47.74 520.99 2388.18 8119.63 8.4449 0.03 394 2388 100.00 38.75 23.1360  
22 132 0.0002 0.0001 100.0 518.67 643.30 1603.84 1412.75 14.62 21.61 552.31 2388.15 9049.84 1.30 47.63 520.92 2388.19 8124.38 8.4828 0.03 393 2388 100.00 38.73 23.2477  
22 133 -0.0012 0.0002 100.0 518.67 643.51 1593.18 1420.27 14.62 21.61 552.28 2388.18 9050.81 1.30 47.95 520.43 2388.18 8127.45 8.4812 0.03 394 2388 100.00 38.61 23.2711  
22 134 0.0005 -0.0003 100.0 518.67 642.95 1592.30 1425.04 14.62 21.61 551.84 2388.22 9048.46 1.30 47.64 520.79 2388.15 8125.90 8.4714 0.03 396 2388 100.00 38.78 23.1876  
22 135 0.0027 0.0003 100.0 518.67 643.14 1591.09 1411.37 14.62 21.61 552.98 2388.20 9055.19 1.30 48.05 520.82 2388.22 8120.46 8.4749 0.03 394 2388 100.00 38.73 23.2272  
22 136 -0.0006 -0.0000 100.0 518.67 643.16 1594.22 1417.54 14.62 21.61 553.39 2388.17 9045.30 1.30 47.81 521.11 2388.21 8124.98 8.4567 0.03 393 2388 100.00 38.70 23.1187  
22 137 0.0038 0.0004 100.0 518.67 642.83 1591.97 1411.50 14.62 21.61 552.94 2388.16 9042.93 1.30 47.84 520.70 2388.17 8122.53 8.4672 0.03 393 2388 100.00 38.66 23.2993  
22 138 0.0005 0.0003 100.0 518.67 643.53 1592.93 1416.77 14.62 21.61 553.00 2388.20 9048.31 1.30 47.69 520.52 2388.16 8133.15 8.4373 0.03 393 2388 100.00 38.59 23.1997  
22 139 -0.0001 -0.0005 100.0 518.67 642.93 1598.88 1413.60 14.62 21.61 552.59 2388.20 9054.74 1.30 47.66 520.50 2388.21 8130.07 8.4828 0.03 396 2388 100.00 38.69 23.1645  
22 140 -0.0012 0.0003 100.0 518.67 643.03 1599.41 1414.93 14.62 21.61 552.64 2388.16 9052.32 1.30 47.79 520.77 2388.16 8123.54 8.4807 0.03 395 2388 100.00 38.66 23.1558  
22 141 -0.0027 0.0004 100.0 518.67 642.91 1594.49 1415.23 14.62 21.61 552.57 2388.21 9052.28 1.30 47.76 520.95 2388.23 8129.32 8.5073 0.03 393 2388 100.00 38.76 23.1622  
22 142 -0.0009 0.0001 100.0 518.67 643.13 1594.28 1421.74 14.62 21.61 552.19 2388.17 9048.36 1.30 47.69 520.95 2388.18 8125.63 8.4743 0.03 395 2388 100.00 38.62 23.1376  
22 143 -0.0018 0.0003 100.0 518.67 642.73 1592.92 1416.52 14.62 21.61 552.19 2388.19 9046.76 1.30 47.70 520.55 2388.23 8129.11 8.4990 0.03 396 2388 100.00 38.81 23.2254  
22 144 -0.0007 0.0004 100.0 518.67 643.17 1593.28 1411.34 14.62 21.61 552.32 2388.21 9052.21 1.30 47.76 520.66 2388.20 8129.17 8.4267 0.03 394 2388 100.00 38.57 23.1743  
22 145 0.0020 -0.0001 100.0 518.67 642.85 1595.14 1414.26 14.62 21.61 552.76 2388.17 9049.79 1.30 47.70 520.39 2388.17 8126.35 8.4529 0.03 393 2388 100.00 38.75 23.1358  
22 146 0.0003 -0.0004 100.0 518.67 642.85 1598.07 1416.43 14.62 21.61 553.08 2388.20 9051.97 1.30 47.79 520.41 2388.20 8124.09 8.5015 0.03 396 2388 100.00 38.60 23.2184  
22 147 0.0024 0.0002 100.0 518.67 643.36 1592.43 1412.61 14.62 21.61 553.35 2388.21 9044.91 1.30 48.03 520.97 2388.25 8127.69 8.5014 0.03 396 2388 100.00 38.78 23.2155  
22 148 0.0027 -0.0004 100.0 518.67 642.83 1597.21 1414.99 14.62 21.61 552.48 2388.24 9042.44 1.30 47.87 520.62 2388.20 8128.39 8.5105 0.03 396 2388 100.00 38.56 23.1653  
22 149 -0.0041 -0.0000 100.0 518.67 643.25 1599.02 1422.33 14.62 21.61 552.34 2388.17 9040.59 1.30 47.96 520.97 2388.20 8123.81 8.4577 0.03 395 2388 100.00 38.70 23.1192  
22 150 0.0028 -0.0001 100.0 518.67 642.63 1598.62 1418.16 14.62 21.61 552.78 2388.19 9047.43 1.30 47.95 520.78 2388.21 8126.60 8.4456 0.03 393 2388 100.00 38.63 23.2025  
22 151 0.0019 -0.0001 100.0 518.67 642.91 1595.08 1424.68 14.62 21.61 551.97 2388.19 9050.23 1.30 47.87 520.52 2388.19 8130.11 8.4908 0.03 394 2388 100.00 38.65 23.2345  
22 152 0.0056 -0.0004 100.0 518.67 643.25 1594.56 1418.85 14.62 21.61 552.04 2388.14 9046.02 1.30 47.76 520.24 2388.19 8128.95 8.4851 0.03 395 2388 100.00 38.70 23.2841  
22 153 0.0012 -0.0002 100.0 518.67 642.84 1594.35 1417.75 14.62 21.61 552.54 2388.16 9048.61 1.30 47.80 520.63 2388.23 8128.63 8.5056 0.03 394 2388 100.00 38.55 23.1451  
22 154 0.0012 -0.0000 100.0 518.67 643.67 1592.12 1417.07 14.62 21.61 552.80 2388.21 9049.45 1.30 47.98 520.51 2388.21 8127.62 8.4650 0.03 392 2388 100.00 38.57 23.2820  
22 155 -0.0025 -0.0005 100.0 518.67 643.17 1601.99 1418.57 14.62 21.61 553.02 2388.21 9051.84 1.30 47.65 520.32 2388.20 8122.34 8.4537 0.03 396 2388 100.00 38.55 23.2686  
22 156 0.0004 -0.0001 100.0 518.67 642.95 1600.49 1424.80 14.62 21.61 551.98 2388.21 9049.95 1.30 47.85 520.64 2388.22 8128.25 8.4463 0.03 396 2388 100.00 38.47 23.2246  
22 157 0.0026 0.0004 100.0 518.67 643.06 1593.06 1416.70 14.62 21.61 552.52 2388.14 9053.53 1.30 47.72 520.10 2388.21 8123.19 8.4926 0.03 393 2388 100.00 38.75 23.1338  
22 158 -0.0002 0.0005 100.0 518.67 643.22 1593.07 1415.83 14.62 21.61 551.98 2388.22 9047.53 1.30 48.08 520.21 2388.20 8129.73 8.4849 0.03 393 2388 100.00 38.74 23.3006  
22 159 0.0020 0.0004 100.0 518.67 643.51 1592.10 1424.20 14.62 21.61 552.05 2388.24 9053.86 1.30 47.75 520.28 2388.24 8128.08 8.5118 0.03 394 2388 100.00 38.64 23.0644  
22 160 0.0004 0.0000 100.0 518.67 643.30 1597.65 1417.44 14.62 21.61 551.50 2388.16 9045.18 1.30 47.88 520.02 2388.20 8128.14 8.4932 0.03 395 2388 100.00 38.80 23.2570  
22 161 -0.0022 0.0005 100.0 518.67 643.27 1596.12 1417.81 14.62 21.61 552.27 2388.26 9055.23 1.30 47.87 520.59 2388.24 8128.56 8.5275 0.03 395 2388 100.00 38.70 23.2643  
22 162 -0.0010 -0.0000 100.0 518.67 643.07 1596.24 1426.04 14.62 21.61 551.98 2388.22 9048.17 1.30 47.92 519.95 2388.19 8126.83 8.4677 0.03 393 2388 100.00 38.76 23.2049  
22 163 0.0008 0.0003 100.0 518.67 642.79 1597.51 1425.30 14.62 21.61 552.62 2388.19 9046.95 1.30 47.90 520.82 2388.22 8124.96 8.4860 0.03 393 2388 100.00 38.52 23.1633  
22 164 0.0012 -0.0004 100.0 518.67 643.16 1599.94 1420.97 14.62 21.61 551.97 2388.19 9047.22 1.30 47.73 520.93 2388.23 8120.61 8.5169 0.03 393 2388 100.00 38.64 23.2416  
22 165 -0.0006 -0.0003 100.0 518.67 643.34 1600.77 1419.23 14.62 21.61 552.34 2388.20 9047.68 1.30 47.87 520.75 2388.20 8121.85 8.4860 0.03 394 2388 100.00 38.68 23.2142  
22 166 0.0008 0.0003 100.0 518.67 643.21 1602.22 1418.91 14.62 21.61 552.12 2388.16 9048.66 1.30 47.85 520.00 2388.21 8126.81 8.4812 0.03 394 2388 100.00 38.44 23.2240  
22 167 -0.0013 -0.0004 100.0 518.67 643.55 1594.02 1423.88 14.62 21.61 552.35 2388.23 9049.08 1.30 47.85 520.43 2388.23 8126.02 8.4681 0.03 395 2388 100.00 38.81 23.1406  
22 168 -0.0015 0.0001 100.0 518.67 643.65 1595.02 1414.97 14.62 21.61 551.91 2388.27 9047.95 1.30 47.85 520.45 2388.25 8130.57 8.4895 0.03 394 2388 100.00 38.56 23.1964  
22 169 0.0015 -0.0004 100.0 518.67 643.52 1591.39 1423.70 14.62 21.61 551.96 2388.21 9046.77 1.30 47.91 520.66 2388.26 8128.72 8.4373 0.03 394 2388 100.00 38.44 23.2023  
22 170 0.0035 -0.0003 100.0 518.67 643.22 1598.86 1411.31 14.62 21.61 551.72 2388.23 9054.18 1.30 47.85 520.04 2388.18 8129.55 8.4723 0.03 395 2388 100.00 38.51 23.1145  
22 171 -0.0012 -0.0004 100.0 518.67 643.76 1594.54 1417.32 14.62 21.61 551.83 2388.24 9051.03 1.30 47.97 519.85 2388.21 8122.20 8.5299 0.03 395 2388 100.00 38.53 23.1127  
22 172 0.0049 -0.0003 100.0 518.67 643.12 1602.64 1423.53 14.62 21.61 551.82 2388.23 9048.03 1.30 47.79 520.36 2388.22 8123.89 8.5198 0.03 394 2388 100.00 38.46 23.2333  
22 173 -0.0032 0.0003 100.0 518.67 643.11 1588.71 1422.33 14.62 21.61 551.76 2388.22 9048.53 1.30 48.07 520.46 2388.29 8129.51 8.4783 0.03 394 2388 100.00 38.56 23.0920  
22 174 0.0007 0.0002 100.0 518.67 643.30 1599.02 1424.88 14.62 21.61 551.61 2388.27 9052.29 1.30 48.00 520.54 2388.21 8128.82 8.5059 0.03 395 2388 100.00 38.80 23.1571  
22 175 -0.0004 0.0000 100.0 518.67 643.33 1598.07 1424.26 14.62 21.61 552.61 2388.23 9050.31 1.30 48.01 520.63 2388.22 8130.33 8.4682 0.03 394 2388 100.00 38.56 23.1499  
22 176 0.0012 0.0004 100.0 518.67 643.04 1596.01 1415.27 14.62 21.61 552.05 2388.19 9047.16 1.30 48.06 520.31 2388.24 8123.44 8.4997 0.03 395 2388 100.00 38.64 23.2798  
22 177 -0.0037 -0.0000 100.0 518.67 643.13 1592.35 1415.58 14.62 21.61 552.43 2388.22 9047.95 1.30 47.83 519.99 2388.30 8125.42 8.5142 0.03 396 2388 100.00 38.44 23.0717  
22 178 -0.0014 0.0001 100.0 518.67 643.67 1605.07 1428.60 14.62 21.61 551.29 2388.26 9047.10 1.30 48.00 520.23 2388.23 8121.51 8.4929 0.03 398 2388 100.00 38.44 23.0944  
22 179 -0.0004 -0.0000 100.0 518.67 643.62 1594.66 1421.18 14.62 21.61 551.04 2388.21 9048.69 1.30 48.09 519.70 2388.22 8128.30 8.5191 0.03 396 2388 100.00 38.58 23.1954  
22 180 0.0005 -0.0005 100.0 518.67 643.26 1597.48 1427.52 14.62 21.61 552.06 2388.29 9059.13 1.30 47.99 520.11 2388.24 8129.43 8.5082 0.03 394 2388 100.00 38.71 23.1775  
22 181 0.0013 -0.0000 100.0 518.67 643.29 1595.57 1427.21 14.62 21.61 551.03 2388.24 9050.59 1.30 47.82 520.00 2388.25 8126.85 8.5046 0.03 396 2388 100.00 38.58 23.1213  
22 182 -0.0025 -0.0000 100.0 518.67 643.40 1595.98 1420.17 14.62 21.61 552.02 2388.25 9048.26 1.30 48.07 520.08 2388.23 8132.35 8.4804 0.03 396 2388 100.00 38.71 23.1862  
22 183 -0.0036 0.0001 100.0 518.67 643.43 1599.38 1423.81 14.62 21.61 551.26 2388.26 9056.09 1.30 48.01 519.58 2388.20 8127.56 8.5236 0.03 394 2388 100.00 38.56 23.0764  
22 184 0.0021 0.0001 100.0 518.67 643.65 1599.02 1426.71 14.62 21.61 552.56 2388.21 9049.53 1.30 48.01 520.45 2388.25 8124.85 8.4987 0.03 395 2388 100.00 38.43 23.1716  
22 185 -0.0045 0.0003 100.0 518.67 643.38 1588.88 1421.40 14.62 21.61 551.48 2388.26 9049.48 1.30 47.92 520.25 2388.25 8128.24 8.5052 0.03 398 2388 100.00 38.57 23.1401  
22 186 0.0006 0.0003 100.0 518.67 643.17 1596.58 1421.96 14.62 21.61 552.06 2388.24 9053.42 1.30 48.14 520.07 2388.26 8126.24 8.5003 0.03 395 2388 100.00 38.40 23.2333  
22 187 -0.0010 -0.0000 100.0 518.67 643.40 1598.23 1433.13 14.62 21.61 551.29 2388.28 9055.21 1.30 47.77 519.70 2388.29 8127.13 8.4963 0.03 396 2388 100.00 38.56 23.1245  
22 188 0.0006 0.0004 100.0 518.67 643.67 1603.14 1423.97 14.62 21.61 551.60 2388.24 9057.19 1.30 48.15 519.82 2388.25 8128.86 8.4980 0.03 396 2388 100.00 38.53 23.0084  
22 189 0.0023 -0.0003 100.0 518.67 643.66 1601.87 1424.76 14.62 21.61 551.28 2388.29 9049.72 1.30 47.96 519.44 2388.27 8122.30 8.4829 0.03 396 2388 100.00 38.32 22.9798  
22 190 0.0007 0.0001 100.0 518.67 643.22 1594.43 1426.53 14.62 21.61 551.86 2388.26 9053.33 1.30 47.96 519.89 2388.22 8128.71 8.5121 0.03 395 2388 100.00 38.52 23.0389  
22 191 0.0036 0.0001 100.0 518.67 643.59 1600.14 1426.73 14.62 21.61 551.82 2388.22 9052.63 1.30 48.35 519.35 2388.23 8128.78 8.5289 0.03 396 2388 100.00 38.45 23.0965  
22 192 -0.0023 0.0003 100.0 518.67 643.13 1603.49 1423.35 14.62 21.61 551.75 2388.31 9052.18 1.30 48.15 519.76 2388.29 8125.69 8.5363 0.03 395 2388 100.00 38.55 23.1417  
22 193 -0.0025 -0.0003 100.0 518.67 643.70 1602.78 1427.58 14.62 21.61 551.02 2388.22 9053.75 1.30 48.11 519.30 2388.26 8126.97 8.5210 0.03 397 2388 100.00 38.62 23.0201  
22 194 -0.0043 0.0004 100.0 518.67 643.87 1600.98 1422.67 14.62 21.61 552.07 2388.26 9056.58 1.30 48.24 519.84 2388.25 8128.25 8.4807 0.03 396 2388 100.00 38.63 23.1066  
22 195 -0.0049 -0.0004 100.0 518.67 643.55 1595.05 1433.89 14.62 21.61 551.28 2388.23 9054.33 1.30 48.20 519.54 2388.28 8120.70 8.5599 0.03 396 2388 100.00 38.28 23.0552  
22 196 -0.0002 -0.0001 100.0 518.67 643.21 1598.81 1427.61 14.62 21.61 552.25 2388.30 9056.92 1.30 48.33 519.97 2388.24 8129.66 8.4664 0.03 395 2388 100.00 38.56 23.0754  
22 197 -0.0019 0.0000 100.0 518.67 643.80 1604.97 1421.58 14.62 21.61 551.72 2388.26 9063.17 1.30 48.20 519.46 2388.23 8126.59 8.5264 0.03 396 2388 100.00 38.40 23.0069  
22 198 -0.0024 0.0003 100.0 518.67 643.26 1602.59 1426.26 14.62 21.61 551.29 2388.22 9053.18 1.30 48.09 519.63 2388.26 8129.62 8.5129 0.03 396 2388 100.00 38.47 23.1030  
22 199 -0.0013 0.0002 100.0 518.67 643.82 1604.09 1433.20 14.62 21.61 551.42 2388.29 9051.09 1.30 48.05 519.47 2388.28 8124.25 8.5000 0.03 396 2388 100.00 38.51 23.0575  
22 200 0.0019 -0.0000 100.0 518.67 643.44 1594.32 1428.65 14.62 21.61 551.91 2388.27 9054.59 1.30 48.16 519.29 2388.28 8121.52 8.5116 0.03 396 2388 100.00 38.50 23.1504  
22 201 0.0035 -0.0000 100.0 518.67 643.70 1598.80 1427.99 14.62 21.61 551.24 2388.26 9053.05 1.30 48.18 519.61 2388.31 8122.62 8.5023 0.03 397 2388 100.00 38.33 23.0433  
22 202 0.0017 -0.0001 100.0 518.67 643.64 1609.56 1429.98 14.62 21.61 551.02 2388.30 9053.41 1.30 48.16 519.31 2388.30 8130.05 8.5361 0.03 398 2388 100.00 38.43 22.9965  
23 1 0.0027 0.0005 100.0 518.67 641.98 1591.38 1408.80 14.62 21.61 553.33 2388.12 9049.85 1.30 47.54 521.78 2388.10 8131.29 8.4069 0.03 394 2388 100.00 38.79 23.2717  
23 2 0.0002 0.0001 100.0 518.67 642.36 1592.51 1413.03 14.62 21.61 553.62 2388.10 9055.75 1.30 47.47 521.45 2388.06 8128.77 8.4202 0.03 395 2388 100.00 38.81 23.3020  
23 3 -0.0019 0.0004 100.0 518.67 642.73 1591.65 1406.75 14.62 21.61 554.08 2388.08 9046.92 1.30 47.65 521.36 2388.13 8131.83 8.4205 0.03 392 2388 100.00 38.78 23.2883  
23 4 0.0010 -0.0000 100.0 518.67 643.14 1584.30 1404.01 14.62 21.61 553.79 2388.15 9054.05 1.30 47.36 520.80 2388.04 8130.98 8.4426 0.03 392 2388 100.00 38.79 23.3341  
23 5 -0.0002 0.0003 100.0 518.67 643.22 1590.03 1407.33 14.62 21.61 553.51 2388.06 9049.28 1.30 47.47 522.02 2388.10 8133.79 8.4516 0.03 393 2388 100.00 38.86 23.2834  
23 6 0.0010 0.0005 100.0 518.67 642.63 1589.38 1405.34 14.62 21.61 553.27 2388.12 9054.39 1.30 47.48 521.54 2388.10 8132.34 8.4537 0.03 393 2388 100.00 38.73 23.2312  
23 7 0.0042 -0.0001 100.0 518.67 642.35 1587.89 1403.70 14.62 21.61 553.35 2388.10 9049.23 1.30 47.42 521.08 2388.10 8134.93 8.4534 0.03 395 2388 100.00 38.99 23.4684  
23 8 -0.0004 0.0003 100.0 518.67 642.42 1590.48 1406.04 14.62 21.61 553.55 2388.08 9051.94 1.30 47.54 521.88 2388.09 8129.57 8.4299 0.03 392 2388 100.00 38.78 23.3211  
23 9 -0.0006 0.0003 100.0 518.67 642.07 1583.60 1404.51 14.62 21.61 553.74 2388.15 9049.90 1.30 47.55 521.44 2388.07 8133.94 8.4381 0.03 394 2388 100.00 38.91 23.2736  
23 10 -0.0000 -0.0001 100.0 518.67 642.82 1590.18 1411.38 14.62 21.61 553.06 2388.16 9046.85 1.30 47.41 521.80 2388.13 8130.52 8.4447 0.03 393 2388 100.00 38.97 23.3787  
23 11 0.0005 0.0001 100.0 518.67 642.00 1583.28 1408.31 14.62 21.61 553.53 2388.10 9059.41 1.30 47.41 521.48 2388.07 8129.41 8.4402 0.03 395 2388 100.00 38.91 23.4845  
23 12 0.0018 -0.0004 100.0 518.67 643.02 1590.11 1405.08 14.62 21.61 553.81 2388.05 9049.55 1.30 47.52 521.99 2388.05 8132.51 8.4723 0.03 392 2388 100.00 39.12 23.2584  
23 13 -0.0019 0.0002 100.0 518.67 642.05 1586.29 1407.89 14.62 21.61 553.18 2388.06 9056.87 1.30 47.53 521.39 2388.09 8135.44 8.4124 0.03 393 2388 100.00 38.92 23.3083  
23 14 0.0026 0.0003 100.0 518.67 642.28 1589.44 1408.65 14.62 21.61 553.06 2388.08 9053.29 1.30 47.44 522.03 2388.03 8131.76 8.4418 0.03 394 2388 100.00 38.79 23.2471  
23 15 -0.0014 0.0002 100.0 518.67 642.30 1587.72 1407.97 14.62 21.61 553.35 2388.08 9057.49 1.30 47.47 521.27 2388.07 8130.96 8.4370 0.03 392 2388 100.00 38.73 23.2106  
23 16 0.0032 0.0002 100.0 518.67 643.15 1592.31 1404.77 14.62 21.61 554.35 2388.09 9053.96 1.30 47.32 522.04 2388.09 8133.34 8.4264 0.03 392 2388 100.00 38.87 23.3349  
23 17 -0.0015 -0.0003 100.0 518.67 642.10 1592.03 1404.46 14.62 21.61 553.08 2388.09 9049.63 1.30 47.53 521.69 2388.11 8131.16 8.4293 0.03 394 2388 100.00 38.83 23.1573  
23 18 0.0007 -0.0001 100.0 518.67 642.93 1585.15 1403.05 14.62 21.61 554.53 2388.11 9053.33 1.30 47.47 521.47 2388.09 8129.87 8.4397 0.03 394 2388 100.00 38.80 23.2228  
23 19 0.0025 -0.0001 100.0 518.67 642.97 1586.67 1411.00 14.62 21.61 553.24 2388.10 9057.03 1.30 47.53 520.97 2388.13 8132.09 8.4410 0.03 393 2388 100.00 38.86 23.2699  
23 20 0.0005 -0.0002 100.0 518.67 642.72 1589.12 1413.54 14.62 21.61 554.26 2388.08 9047.01 1.30 47.51 521.26 2388.09 8128.16 8.4513 0.03 394 2388 100.00 38.93 23.2933  
23 21 0.0016 0.0005 100.0 518.67 642.79 1583.23 1407.15 14.62 21.61 553.58 2388.14 9056.63 1.30 47.53 521.53 2388.07 8128.82 8.4451 0.03 393 2388 100.00 38.80 23.2619  
23 22 0.0008 0.0003 100.0 518.67 642.74 1586.23 1407.82 14.62 21.61 553.12 2388.03 9059.88 1.30 47.68 521.30 2388.11 8129.32 8.4228 0.03 393 2388 100.00 38.81 23.3285  
23 23 0.0018 -0.0004 100.0 518.67 642.42 1587.51 1405.41 14.62 21.61 553.24 2388.08 9050.00 1.30 47.50 521.54 2388.12 8133.34 8.4293 0.03 393 2388 100.00 38.82 23.3447  
23 24 0.0026 0.0005 100.0 518.67 642.94 1585.49 1400.12 14.62 21.61 553.66 2388.10 9049.80 1.30 47.37 522.19 2388.07 8134.69 8.4630 0.03 392 2388 100.00 38.88 23.4065  
23 25 0.0007 -0.0004 100.0 518.67 642.70 1585.12 1410.40 14.62 21.61 554.34 2388.09 9055.37 1.30 47.49 520.88 2388.12 8137.12 8.4591 0.03 394 2388 100.00 38.75 23.3392  
23 26 -0.0029 0.0003 100.0 518.67 642.66 1591.82 1402.90 14.62 21.61 554.41 2388.10 9049.32 1.30 47.58 521.65 2388.10 8131.56 8.4414 0.03 394 2388 100.00 38.98 23.3122  
23 27 0.0002 0.0003 100.0 518.67 642.43 1581.84 1410.64 14.62 21.61 553.83 2388.06 9054.67 1.30 47.42 522.06 2388.10 8130.88 8.4118 0.03 391 2388 100.00 38.85 23.3280  
23 28 0.0005 0.0001 100.0 518.67 642.38 1597.25 1403.37 14.62 21.61 553.48 2388.11 9056.24 1.30 47.21 521.48 2388.14 8134.36 8.4486 0.03 391 2388 100.00 38.84 23.3566  
23 29 -0.0008 0.0003 100.0 518.67 642.88 1595.00 1399.80 14.62 21.61 554.26 2388.07 9053.04 1.30 47.53 521.53 2388.03 8129.46 8.3864 0.03 394 2388 100.00 38.81 23.3557  
23 30 -0.0005 -0.0005 100.0 518.67 642.46 1592.92 1403.60 14.62 21.61 553.60 2388.08 9051.40 1.30 47.54 521.85 2388.08 8137.91 8.4041 0.03 392 2388 100.00 38.76 23.2102  
23 31 -0.0013 -0.0004 100.0 518.67 642.29 1590.16 1402.64 14.62 21.61 553.64 2388.11 9051.22 1.30 47.56 520.97 2388.05 8131.30 8.4153 0.03 393 2388 100.00 38.97 23.2566  
23 32 0.0031 0.0002 100.0 518.67 642.04 1586.81 1402.46 14.62 21.61 553.47 2388.08 9047.97 1.30 47.49 521.71 2388.09 8128.96 8.4178 0.03 392 2388 100.00 38.71 23.2137  
23 33 -0.0000 0.0005 100.0 518.67 642.24 1596.94 1406.52 14.62 21.61 553.83 2388.06 9046.42 1.30 47.56 520.87 2388.12 8138.82 8.4223 0.03 394 2388 100.00 38.93 23.2999  
23 34 0.0023 0.0001 100.0 518.67 642.64 1584.94 1402.55 14.62 21.61 553.86 2388.09 9048.46 1.30 47.36 521.61 2388.13 8132.96 8.4356 0.03 392 2388 100.00 39.08 23.2762  
23 35 -0.0007 0.0002 100.0 518.67 643.10 1587.04 1411.97 14.62 21.61 553.27 2388.05 9050.21 1.30 47.33 521.51 2388.10 8127.17 8.4297 0.03 393 2388 100.00 38.87 23.2258  
23 36 -0.0003 -0.0004 100.0 518.67 642.27 1590.78 1413.47 14.62 21.61 553.27 2388.08 9054.84 1.30 47.48 521.12 2388.10 8127.22 8.4040 0.03 393 2388 100.00 38.94 23.2578  
23 37 0.0007 -0.0001 100.0 518.67 642.83 1590.79 1402.02 14.62 21.61 553.54 2388.07 9050.62 1.30 47.62 521.36 2388.11 8127.05 8.4381 0.03 393 2388 100.00 39.02 23.2768  
23 38 -0.0016 -0.0002 100.0 518.67 642.63 1597.49 1403.50 14.62 21.61 553.77 2388.12 9046.67 1.30 47.46 521.76 2388.05 8128.50 8.4338 0.03 393 2388 100.00 38.61 23.3469  
23 39 0.0001 -0.0005 100.0 518.67 643.28 1590.26 1411.93 14.62 21.61 553.87 2388.04 9051.53 1.30 47.56 521.39 2388.08 8127.92 8.4676 0.03 394 2388 100.00 38.73 23.3928  
23 40 -0.0023 -0.0004 100.0 518.67 642.98 1589.21 1406.82 14.62 21.61 553.14 2388.06 9055.63 1.30 47.63 522.27 2388.12 8133.25 8.4067 0.03 393 2388 100.00 38.89 23.3177  
23 41 0.0011 0.0003 100.0 518.67 642.45 1591.90 1406.95 14.62 21.61 553.49 2388.13 9056.36 1.30 47.68 521.20 2388.12 8135.58 8.4186 0.03 393 2388 100.00 38.99 23.3649  
23 42 0.0025 0.0004 100.0 518.67 642.56 1588.44 1400.01 14.62 21.61 553.97 2388.16 9053.81 1.30 47.56 521.40 2388.09 8133.54 8.4366 0.03 392 2388 100.00 38.84 23.2699  
23 43 0.0019 0.0001 100.0 518.67 642.51 1593.46 1410.08 14.62 21.61 553.63 2388.16 9055.68 1.30 47.48 521.08 2388.07 8129.57 8.4235 0.03 395 2388 100.00 38.89 23.2898  
23 44 0.0011 -0.0004 100.0 518.67 642.61 1591.80 1418.17 14.62 21.61 553.77 2388.11 9048.96 1.30 47.55 521.18 2388.07 8135.60 8.4434 0.03 391 2388 100.00 38.79 23.3289  
23 45 -0.0012 0.0001 100.0 518.67 642.37 1588.61 1397.83 14.62 21.61 552.68 2388.06 9046.74 1.30 47.47 521.24 2388.08 8132.83 8.4148 0.03 392 2388 100.00 38.80 23.3210  
23 46 -0.0038 -0.0004 100.0 518.67 642.51 1586.87 1404.84 14.62 21.61 553.05 2388.08 9049.11 1.30 47.38 521.60 2388.10 8128.78 8.4193 0.03 393 2388 100.00 38.87 23.2682  
23 47 0.0011 -0.0001 100.0 518.67 642.77 1590.74 1412.13 14.62 21.61 553.59 2388.12 9053.36 1.30 47.42 521.52 2388.13 8135.44 8.4083 0.03 393 2388 100.00 38.87 23.2218  
23 48 -0.0007 -0.0002 100.0 518.67 642.57 1590.71 1404.66 14.62 21.61 553.90 2388.12 9054.43 1.30 47.39 521.48 2388.09 8137.60 8.4677 0.03 394 2388 100.00 38.94 23.2759  
23 49 -0.0007 -0.0003 100.0 518.67 642.56 1589.04 1411.45 14.62 21.61 553.76 2388.05 9051.45 1.30 47.63 522.05 2388.02 8129.68 8.4516 0.03 393 2388 100.00 38.84 23.4376  
23 50 -0.0034 0.0004 100.0 518.67 641.96 1590.91 1403.97 14.62 21.61 553.84 2388.08 9049.62 1.30 47.68 520.94 2388.08 8133.33 8.4219 0.03 393 2388 100.00 38.70 23.3114  
23 51 -0.0005 0.0001 100.0 518.67 642.57 1596.65 1410.61 14.62 21.61 553.30 2388.10 9053.61 1.30 47.63 521.48 2388.07 8130.84 8.4475 0.03 392 2388 100.00 38.89 23.2696  
23 52 -0.0019 0.0004 100.0 518.67 642.44 1584.97 1411.35 14.62 21.61 553.60 2388.09 9049.63 1.30 47.62 521.28 2388.13 8136.29 8.4170 0.03 394 2388 100.00 38.78 23.2441  
23 53 0.0007 -0.0004 100.0 518.67 642.30 1599.87 1409.89 14.62 21.61 554.77 2388.13 9048.45 1.30 47.39 521.37 2388.15 8129.58 8.4417 0.03 394 2388 100.00 38.70 23.3564  
23 54 -0.0011 -0.0004 100.0 518.67 642.70 1594.12 1404.15 14.62 21.61 553.07 2388.08 9054.34 1.30 47.47 521.98 2388.14 8133.64 8.4483 0.03 393 2388 100.00 38.69 23.2394  
23 55 -0.0008 0.0004 100.0 518.67 643.16 1585.36 1407.32 14.62 21.61 553.08 2388.13 9051.46 1.30 47.56 520.67 2388.16 8132.08 8.4555 0.03 395 2388 100.00 38.93 23.1852  
23 56 -0.0014 0.0001 100.0 518.67 642.96 1584.44 1413.58 14.62 21.61 553.94 2388.10 9054.64 1.30 47.52 521.35 2388.13 8132.53 8.4384 0.03 394 2388 100.00 38.68 23.3435  
23 57 0.0016 -0.0005 100.0 518.67 642.81 1589.05 1408.23 14.62 21.61 553.90 2388.11 9044.70 1.30 47.51 521.50 2388.18 8128.03 8.4513 0.03 392 2388 100.00 38.97 23.2787  
23 58 -0.0007 0.0005 100.0 518.67 642.04 1591.61 1399.05 14.62 21.61 553.38 2388.13 9056.05 1.30 47.55 521.42 2388.12 8131.85 8.3986 0.03 392 2388 100.00 38.74 23.2439  
23 59 -0.0042 -0.0002 100.0 518.67 642.77 1594.06 1406.85 14.62 21.61 553.55 2388.10 9050.79 1.30 47.47 521.58 2388.15 8132.27 8.4585 0.03 393 2388 100.00 38.90 23.3657  
23 60 -0.0024 -0.0003 100.0 518.67 642.82 1595.87 1405.14 14.62 21.61 553.12 2388.10 9041.01 1.30 47.60 521.54 2388.11 8129.47 8.4549 0.03 393 2388 100.00 38.92 23.2620  
23 61 0.0032 0.0003 100.0 518.67 642.47 1588.73 1406.06 14.62 21.61 553.73 2388.09 9056.08 1.30 47.75 521.69 2388.10 8135.94 8.4019 0.03 392 2388 100.00 38.75 23.2127  
23 62 0.0016 -0.0004 100.0 518.67 642.21 1595.42 1412.85 14.62 21.61 553.33 2388.04 9050.34 1.30 47.57 521.55 2388.11 8136.24 8.4190 0.03 393 2388 100.00 38.96 23.3379  
23 63 -0.0067 -0.0005 100.0 518.67 642.57 1584.25 1407.48 14.62 21.61 553.48 2388.13 9054.02 1.30 47.62 521.43 2388.15 8128.56 8.4424 0.03 393 2388 100.00 38.69 23.3903  
23 64 0.0038 0.0001 100.0 518.67 643.14 1592.05 1408.61 14.62 21.61 552.93 2388.14 9053.17 1.30 47.65 521.41 2388.12 8130.50 8.4130 0.03 392 2388 100.00 38.78 23.3209  
23 65 0.0027 0.0003 100.0 518.67 642.94 1589.42 1405.35 14.62 21.61 553.39 2388.10 9049.67 1.30 47.44 521.46 2388.13 8134.18 8.4562 0.03 392 2388 100.00 38.75 23.2586  
23 66 0.0011 0.0002 100.0 518.67 642.73 1581.98 1411.95 14.62 21.61 552.87 2388.10 9055.96 1.30 47.63 521.57 2388.07 8134.26 8.4369 0.03 394 2388 100.00 39.04 23.2346  
23 67 0.0022 0.0003 100.0 518.67 642.77 1596.56 1410.85 14.62 21.61 554.15 2388.11 9054.48 1.30 47.68 520.99 2388.11 8130.31 8.4380 0.03 392 2388 100.00 38.78 23.3285  
23 68 0.0029 0.0003 100.0 518.67 642.91 1583.94 1410.18 14.62 21.61 553.12 2388.10 9057.62 1.30 47.65 521.75 2388.14 8128.05 8.4481 0.03 393 2388 100.00 38.93 23.3893  
23 69 0.0011 0.0000 100.0 518.67 642.80 1584.43 1410.89 14.62 21.61 553.08 2388.12 9048.64 1.30 47.53 521.71 2388.11 8125.70 8.4571 0.03 393 2388 100.00 38.88 23.3126  
23 70 -0.0023 0.0000 100.0 518.67 642.26 1587.32 1413.80 14.62 21.61 553.43 2388.16 9051.30 1.30 47.54 521.23 2388.13 8131.39 8.4782 0.03 393 2388 100.00 38.78 23.2904  
23 71 -0.0038 -0.0000 100.0 518.67 642.15 1595.21 1414.67 14.62 21.61 553.40 2388.13 9046.34 1.30 47.58 521.20 2388.16 8131.77 8.4194 0.03 393 2388 100.00 38.84 23.2611  
23 72 -0.0013 -0.0001 100.0 518.67 642.98 1592.27 1413.44 14.62 21.61 552.66 2388.15 9052.28 1.30 47.59 521.12 2388.07 8133.70 8.4425 0.03 393 2388 100.00 38.82 23.2164  
23 73 -0.0010 0.0002 100.0 518.67 642.26 1592.66 1403.90 14.62 21.61 552.65 2388.12 9053.86 1.30 47.59 521.51 2388.12 8129.98 8.4757 0.03 395 2388 100.00 38.66 23.3539  
23 74 -0.0017 -0.0005 100.0 518.67 642.31 1586.39 1416.03 14.62 21.61 553.72 2388.11 9053.05 1.30 47.54 521.27 2388.14 8127.25 8.4426 0.03 392 2388 100.00 38.80 23.1674  
23 75 0.0010 -0.0002 100.0 518.67 642.27 1587.70 1410.37 14.62 21.61 553.53 2388.11 9052.91 1.30 47.49 521.37 2388.14 8127.89 8.4771 0.03 393 2388 100.00 38.77 23.2959  
23 76 -0.0040 -0.0004 100.0 518.67 642.78 1585.81 1403.58 14.62 21.61 552.44 2388.13 9051.22 1.30 47.44 521.12 2388.14 8126.35 8.4710 0.03 394 2388 100.00 38.79 23.3020  
23 77 0.0004 0.0004 100.0 518.67 642.56 1591.40 1411.43 14.62 21.61 552.83 2388.08 9052.15 1.30 47.77 521.10 2388.17 8130.16 8.4269 0.03 394 2388 100.00 38.85 23.3285  
23 78 0.0016 0.0005 100.0 518.67 642.52 1590.03 1411.77 14.62 21.61 553.01 2388.10 9052.56 1.30 47.36 521.01 2388.16 8134.78 8.4152 0.03 394 2388 100.00 38.75 23.3490  
23 79 0.0009 -0.0001 100.0 518.67 643.01 1584.72 1406.23 14.62 21.61 553.77 2388.14 9048.58 1.30 47.39 520.93 2388.13 8130.18 8.4487 0.03 393 2388 100.00 38.82 23.2729  
23 80 -0.0001 0.0002 100.0 518.67 642.57 1593.28 1408.52 14.62 21.61 552.86 2388.15 9047.91 1.30 47.44 521.09 2388.10 8135.21 8.4643 0.03 393 2388 100.00 38.80 23.4292  
23 81 0.0020 -0.0005 100.0 518.67 643.32 1596.52 1416.41 14.62 21.61 553.54 2388.08 9054.30 1.30 47.47 521.18 2388.10 8132.10 8.4335 0.03 392 2388 100.00 38.79 23.3065  
23 82 0.0012 -0.0001 100.0 518.67 642.97 1589.27 1409.87 14.62 21.61 553.36 2388.12 9055.91 1.30 47.76 521.44 2388.10 8130.61 8.4378 0.03 393 2388 100.00 38.71 23.2611  
23 83 0.0017 0.0002 100.0 518.67 642.69 1594.05 1414.47 14.62 21.61 553.44 2388.13 9056.60 1.30 47.55 521.20 2388.06 8130.16 8.4150 0.03 394 2388 100.00 38.88 23.2775  
23 84 0.0023 -0.0004 100.0 518.67 642.56 1591.83 1413.19 14.62 21.61 553.44 2388.13 9049.57 1.30 47.51 521.22 2388.06 8128.67 8.4377 0.03 392 2388 100.00 38.79 23.3171  
23 85 -0.0016 0.0001 100.0 518.67 643.05 1592.83 1413.87 14.62 21.61 553.27 2388.12 9050.16 1.30 47.68 521.17 2388.15 8131.72 8.4211 0.03 392 2388 100.00 38.90 23.2718  
23 86 -0.0011 0.0003 100.0 518.67 642.81 1593.35 1410.81 14.62 21.61 552.27 2388.11 9058.26 1.30 47.42 521.50 2388.16 8131.33 8.3961 0.03 394 2388 100.00 38.59 23.3429  
23 87 -0.0014 -0.0004 100.0 518.67 643.14 1588.12 1407.46 14.62 21.61 553.00 2388.11 9049.48 1.30 47.53 521.96 2388.14 8127.62 8.4760 0.03 393 2388 100.00 38.84 23.2281  
23 88 0.0036 -0.0004 100.0 518.67 643.09 1597.31 1416.37 14.62 21.61 553.08 2388.17 9053.56 1.30 47.53 520.88 2388.11 8132.02 8.4006 0.03 394 2388 100.00 38.88 23.3296  
23 89 0.0008 -0.0001 100.0 518.67 642.78 1584.04 1417.60 14.62 21.61 552.83 2388.09 9051.44 1.30 47.59 521.55 2388.10 8131.41 8.4498 0.03 393 2388 100.00 38.91 23.3059  
23 90 0.0005 0.0000 100.0 518.67 642.94 1592.60 1409.24 14.62 21.61 553.36 2388.09 9057.17 1.30 47.52 520.95 2388.16 8131.60 8.4761 0.03 394 2388 100.00 38.93 23.2136  
23 91 0.0009 -0.0000 100.0 518.67 643.32 1591.35 1412.63 14.62 21.61 553.12 2388.12 9052.04 1.30 47.51 521.31 2388.16 8131.98 8.4768 0.03 393 2388 100.00 38.85 23.2615  
23 92 -0.0001 0.0004 100.0 518.67 642.81 1590.76 1414.95 14.62 21.61 552.76 2388.14 9049.24 1.30 47.58 521.15 2388.15 8123.74 8.4513 0.03 393 2388 100.00 38.67 23.2467  
23 93 0.0012 0.0002 100.0 518.67 642.95 1587.76 1403.73 14.62 21.61 553.25 2388.13 9050.85 1.30 47.59 521.42 2388.14 8131.37 8.4084 0.03 393 2388 100.00 38.90 23.2153  
23 94 -0.0041 0.0002 100.0 518.67 642.50 1583.85 1411.65 14.62 21.61 553.16 2388.14 9049.15 1.30 47.50 521.17 2388.12 8132.86 8.4513 0.03 393 2388 100.00 38.89 23.2676  
23 95 -0.0008 -0.0002 100.0 518.67 642.65 1596.54 1414.12 14.62 21.61 552.83 2388.14 9054.50 1.30 47.80 521.44 2388.09 8131.68 8.4662 0.03 393 2388 100.00 38.85 23.2618  
23 96 0.0011 -0.0002 100.0 518.67 642.78 1586.86 1414.32 14.62 21.61 553.12 2388.10 9052.80 1.30 47.66 521.07 2388.10 8131.91 8.4466 0.03 394 2388 100.00 38.59 23.3110  
23 97 -0.0005 -0.0002 100.0 518.67 642.95 1597.85 1411.17 14.62 21.61 553.75 2388.12 9054.56 1.30 47.47 521.49 2388.12 8132.77 8.4212 0.03 392 2388 100.00 38.81 23.3160  
23 98 0.0018 0.0001 100.0 518.67 642.97 1589.03 1411.32 14.62 21.61 553.16 2388.10 9053.25 1.30 47.71 520.90 2388.14 8132.49 8.4443 0.03 394 2388 100.00 38.89 23.2683  
23 99 -0.0033 0.0001 100.0 518.67 642.66 1588.42 1416.24 14.62 21.61 552.51 2388.12 9049.62 1.30 47.55 521.01 2388.14 8132.85 8.4248 0.03 395 2388 100.00 38.72 23.3109  
23 100 0.0030 0.0001 100.0 518.67 642.51 1597.34 1411.17 14.62 21.61 552.53 2388.13 9053.52 1.30 47.60 520.72 2388.17 8127.39 8.4709 0.03 394 2388 100.00 38.84 23.1504  
23 101 0.0027 -0.0001 100.0 518.67 642.66 1584.07 1411.65 14.62 21.61 552.81 2388.15 9051.11 1.30 47.65 520.67 2388.08 8131.79 8.4495 0.03 394 2388 100.00 38.62 23.2358  
23 102 -0.0015 -0.0001 100.0 518.67 643.46 1597.43 1410.54 14.62 21.61 553.28 2388.17 9060.35 1.30 47.67 520.58 2388.17 8129.68 8.4699 0.03 393 2388 100.00 38.76 23.3359  
23 103 -0.0002 -0.0004 100.0 518.67 643.03 1595.80 1410.13 14.62 21.61 553.38 2388.13 9053.35 1.30 47.75 521.38 2388.10 8133.05 8.4654 0.03 395 2388 100.00 38.73 23.3199  
23 104 -0.0013 0.0005 100.0 518.67 643.53 1594.62 1412.36 14.62 21.61 553.36 2388.18 9045.86 1.30 47.67 521.02 2388.11 8131.91 8.4457 0.03 393 2388 100.00 38.66 23.2528  
23 105 0.0017 0.0002 100.0 518.67 641.97 1587.46 1408.99 14.62 21.61 552.80 2388.16 9059.07 1.30 47.67 521.66 2388.14 8135.80 8.4433 0.03 394 2388 100.00 38.75 23.1725  
23 106 0.0022 0.0002 100.0 518.67 642.36 1589.54 1409.59 14.62 21.61 553.77 2388.15 9047.79 1.30 47.58 521.17 2388.16 8128.87 8.4745 0.03 394 2388 100.00 38.78 23.2059  
23 107 0.0023 -0.0005 100.0 518.67 643.19 1590.84 1402.95 14.62 21.61 552.05 2388.12 9054.98 1.30 47.65 520.91 2388.16 8132.00 8.4871 0.03 395 2388 100.00 38.75 23.1456  
23 108 -0.0001 0.0001 100.0 518.67 642.99 1587.60 1418.25 14.62 21.61 552.80 2388.15 9052.23 1.30 47.44 521.34 2388.14 8132.73 8.4655 0.03 394 2388 100.00 38.69 23.3569  
23 109 -0.0014 0.0004 100.0 518.67 643.11 1590.66 1410.86 14.62 21.61 553.44 2388.14 9057.60 1.30 47.49 521.60 2388.14 8130.49 8.4724 0.03 394 2388 100.00 38.76 23.1946  
23 110 0.0011 0.0004 100.0 518.67 642.98 1595.98 1410.77 14.62 21.61 552.78 2388.13 9051.41 1.30 47.62 521.14 2388.13 8128.20 8.4721 0.03 394 2388 100.00 38.81 23.3551  
23 111 0.0004 -0.0004 100.0 518.67 643.15 1590.25 1416.07 14.62 21.61 552.51 2388.16 9049.77 1.30 47.79 520.93 2388.15 8131.71 8.4583 0.03 394 2388 100.00 38.76 23.3043  
23 112 0.0021 0.0005 100.0 518.67 642.90 1589.88 1410.86 14.62 21.61 553.27 2388.17 9051.29 1.30 47.67 521.04 2388.11 8127.38 8.4788 0.03 393 2388 100.00 38.59 23.2557  
23 113 -0.0024 -0.0005 100.0 518.67 642.87 1597.22 1409.09 14.62 21.61 552.99 2388.11 9055.36 1.30 47.74 520.61 2388.10 8130.92 8.4798 0.03 395 2388 100.00 38.71 23.2625  
23 114 -0.0035 -0.0003 100.0 518.67 643.10 1593.12 1414.18 14.62 21.61 553.73 2388.19 9053.79 1.30 47.95 520.78 2388.19 8128.59 8.4209 0.03 394 2388 100.00 38.83 23.2317  
23 115 0.0025 -0.0004 100.0 518.67 643.48 1595.84 1410.73 14.62 21.61 552.35 2388.12 9055.15 1.30 47.63 520.53 2388.14 8133.46 8.4349 0.03 394 2388 100.00 38.75 23.2762  
23 116 -0.0024 -0.0003 100.0 518.67 643.51 1592.55 1414.56 14.62 21.61 552.02 2388.16 9049.71 1.30 47.61 521.25 2388.19 8131.21 8.4640 0.03 394 2388 100.00 38.59 23.1785  
23 117 -0.0002 -0.0001 100.0 518.67 643.36 1592.36 1414.99 14.62 21.61 553.30 2388.17 9056.58 1.30 47.76 520.93 2388.19 8127.31 8.4751 0.03 394 2388 100.00 38.49 23.2055  
23 118 0.0032 -0.0000 100.0 518.67 643.08 1602.27 1410.78 14.62 21.61 553.27 2388.11 9061.19 1.30 47.87 521.19 2388.19 8129.42 8.4462 0.03 393 2388 100.00 38.64 23.1884  
23 119 0.0011 0.0002 100.0 518.67 642.86 1592.32 1414.62 14.62 21.61 552.50 2388.17 9056.01 1.30 47.49 520.79 2388.18 8136.19 8.4592 0.03 395 2388 100.00 38.67 23.2690  
23 120 0.0008 -0.0001 100.0 518.67 642.92 1590.62 1419.23 14.62 21.61 553.01 2388.12 9044.89 1.30 47.60 520.54 2388.19 8129.26 8.4982 0.03 394 2388 100.00 38.65 23.2834  
23 121 0.0017 -0.0003 100.0 518.67 643.11 1589.52 1412.41 14.62 21.61 553.03 2388.15 9060.11 1.30 47.55 520.32 2388.17 8134.06 8.4568 0.03 394 2388 100.00 38.69 23.2224  
23 122 -0.0012 0.0004 100.0 518.67 642.90 1595.64 1422.23 14.62 21.61 553.62 2388.20 9049.10 1.30 47.64 520.97 2388.14 8132.97 8.4647 0.03 391 2388 100.00 38.48 23.2529  
23 123 -0.0024 -0.0002 100.0 518.67 643.13 1592.83 1415.11 14.62 21.61 552.65 2388.21 9060.10 1.30 47.71 520.39 2388.20 8132.40 8.4797 0.03 394 2388 100.00 38.82 23.2799  
23 124 -0.0023 0.0002 100.0 518.67 643.34 1598.27 1416.52 14.62 21.61 552.74 2388.18 9050.40 1.30 47.74 521.14 2388.16 8132.10 8.4341 0.03 395 2388 100.00 38.75 23.1822  
23 125 0.0025 0.0001 100.0 518.67 643.24 1588.55 1414.91 14.62 21.61 553.81 2388.19 9056.65 1.30 47.76 520.99 2388.18 8127.56 8.4222 0.03 394 2388 100.00 38.68 23.2659  
23 126 -0.0055 0.0002 100.0 518.67 643.03 1594.63 1415.43 14.62 21.61 552.66 2388.16 9050.87 1.30 47.84 520.54 2388.14 8130.54 8.4879 0.03 395 2388 100.00 38.78 23.1621  
23 127 -0.0023 -0.0003 100.0 518.67 642.87 1595.38 1413.07 14.62 21.61 552.58 2388.19 9047.10 1.30 47.66 520.73 2388.22 8126.85 8.4685 0.03 395 2388 100.00 38.73 23.2651  
23 128 0.0033 -0.0004 100.0 518.67 642.55 1595.89 1416.63 14.62 21.61 552.05 2388.20 9051.55 1.30 47.75 520.59 2388.17 8125.75 8.4614 0.03 394 2388 100.00 38.65 23.2851  
23 129 0.0013 0.0004 100.0 518.67 642.90 1597.07 1422.22 14.62 21.61 552.09 2388.17 9057.76 1.30 47.75 520.24 2388.16 8132.31 8.4550 0.03 394 2388 100.00 38.54 23.1727  
23 130 -0.0020 0.0004 100.0 518.67 643.18 1593.42 1418.62 14.62 21.61 552.02 2388.14 9051.39 1.30 47.64 520.50 2388.19 8136.74 8.4823 0.03 394 2388 100.00 38.51 23.1145  
23 131 -0.0023 0.0002 100.0 518.67 643.45 1596.12 1418.25 14.62 21.61 552.00 2388.16 9058.33 1.30 47.90 520.50 2388.20 8131.45 8.4778 0.03 395 2388 100.00 38.67 23.2029  
23 132 0.0051 -0.0004 100.0 518.67 643.69 1600.99 1415.10 14.62 21.61 552.90 2388.15 9051.01 1.30 47.68 520.67 2388.14 8124.82 8.4877 0.03 395 2388 100.00 38.56 23.1629  
23 133 -0.0023 0.0001 100.0 518.67 642.74 1596.68 1421.33 14.62 21.61 552.41 2388.16 9053.03 1.30 47.92 520.57 2388.22 8132.74 8.4668 0.03 393 2388 100.00 38.60 23.2084  
23 134 -0.0028 0.0002 100.0 518.67 642.79 1589.93 1413.03 14.62 21.61 552.76 2388.20 9054.54 1.30 47.72 520.64 2388.17 8133.92 8.4860 0.03 394 2388 100.00 38.62 23.1834  
23 135 0.0001 0.0001 100.0 518.67 643.16 1596.17 1411.73 14.62 21.61 552.38 2388.23 9050.62 1.30 47.77 520.47 2388.20 8129.93 8.4896 0.03 394 2388 100.00 38.62 23.1722  
23 136 0.0013 0.0001 100.0 518.67 643.45 1594.78 1418.41 14.62 21.61 553.03 2388.16 9057.70 1.30 47.96 520.66 2388.19 8128.50 8.5144 0.03 395 2388 100.00 38.62 23.2420  
23 137 0.0002 0.0004 100.0 518.67 643.00 1593.20 1412.75 14.62 21.61 552.13 2388.21 9058.81 1.30 47.87 520.49 2388.18 8129.55 8.4394 0.03 397 2388 100.00 38.84 23.2398  
23 138 0.0028 -0.0004 100.0 518.67 643.30 1600.93 1419.12 14.62 21.61 552.41 2388.16 9052.86 1.30 47.94 521.02 2388.18 8133.11 8.5100 0.03 394 2388 100.00 38.43 23.1726  
23 139 0.0026 -0.0002 100.0 518.67 643.18 1597.69 1417.59 14.62 21.61 551.65 2388.25 9050.79 1.30 47.87 520.22 2388.17 8133.93 8.4864 0.03 395 2388 100.00 38.64 23.1250  
23 140 -0.0035 -0.0003 100.0 518.67 643.43 1594.82 1410.37 14.62 21.61 552.11 2388.14 9060.29 1.30 47.90 520.93 2388.17 8127.31 8.4701 0.03 394 2388 100.00 38.41 23.2149  
23 141 -0.0012 0.0001 100.0 518.67 643.20 1603.27 1414.31 14.62 21.61 551.95 2388.20 9055.86 1.30 47.77 520.50 2388.25 8132.49 8.4582 0.03 393 2388 100.00 38.56 23.2728  
23 142 -0.0002 0.0001 100.0 518.67 643.07 1599.03 1420.17 14.62 21.61 552.41 2388.21 9052.90 1.30 48.06 520.61 2388.18 8128.68 8.4649 0.03 393 2388 100.00 38.66 23.0967  
23 143 -0.0021 -0.0001 100.0 518.67 642.97 1594.65 1419.25 14.62 21.61 551.66 2388.19 9053.52 1.30 47.79 520.04 2388.22 8128.28 8.5041 0.03 395 2388 100.00 38.60 23.1501  
23 144 -0.0037 -0.0002 100.0 518.67 643.01 1594.32 1423.07 14.62 21.61 552.51 2388.22 9055.63 1.30 47.99 520.87 2388.18 8128.28 8.4866 0.03 395 2388 100.00 38.52 23.1761  
23 145 0.0036 0.0002 100.0 518.67 643.33 1594.20 1415.71 14.62 21.61 552.20 2388.19 9055.50 1.30 48.01 520.44 2388.19 8124.90 8.4874 0.03 396 2388 100.00 38.69 23.1258  
23 146 0.0004 0.0005 100.0 518.67 643.61 1594.10 1421.26 14.62 21.61 552.72 2388.21 9058.69 1.30 47.97 520.36 2388.26 8127.21 8.4939 0.03 396 2388 100.00 38.45 23.1684  
23 147 0.0010 0.0001 100.0 518.67 643.49 1596.31 1424.51 14.62 21.61 551.71 2388.21 9050.41 1.30 47.93 520.94 2388.18 8130.95 8.4698 0.03 395 2388 100.00 38.64 23.1885  
23 148 0.0020 -0.0001 100.0 518.67 643.46 1597.10 1422.95 14.62 21.61 552.05 2388.22 9054.02 1.30 48.03 519.77 2388.22 8130.24 8.5058 0.03 395 2388 100.00 38.66 23.1745  
23 149 -0.0023 0.0003 100.0 518.67 643.20 1600.07 1422.14 14.62 21.61 551.70 2388.23 9045.97 1.30 47.95 520.36 2388.20 8130.33 8.4874 0.03 395 2388 100.00 38.50 23.0865  
23 150 -0.0025 0.0005 100.0 518.67 643.25 1592.41 1423.00 14.62 21.61 551.38 2388.26 9051.55 1.30 48.01 520.18 2388.20 8126.70 8.4419 0.03 396 2388 100.00 38.54 23.0430  
23 151 0.0001 0.0002 100.0 518.67 643.44 1602.40 1425.55 14.62 21.61 551.72 2388.23 9059.81 1.30 47.88 520.22 2388.23 8132.35 8.5021 0.03 395 2388 100.00 38.63 23.1031  
23 152 0.0003 -0.0002 100.0 518.67 642.96 1598.41 1420.20 14.62 21.61 551.87 2388.23 9060.07 1.30 48.07 519.93 2388.25 8131.58 8.4888 0.03 396 2388 100.00 38.41 23.1321  
23 153 -0.0006 -0.0002 100.0 518.67 643.44 1604.51 1424.57 14.62 21.61 551.58 2388.23 9058.46 1.30 47.87 520.76 2388.21 8129.64 8.5274 0.03 396 2388 100.00 38.86 23.0991  
23 154 -0.0001 -0.0004 100.0 518.67 643.55 1595.98 1429.64 14.62 21.61 551.55 2388.23 9060.39 1.30 48.08 519.86 2388.20 8127.58 8.4979 0.03 395 2388 100.00 38.50 23.1401  
23 155 0.0020 0.0003 100.0 518.67 643.03 1598.15 1423.94 14.62 21.61 552.15 2388.22 9052.52 1.30 48.12 520.50 2388.21 8129.99 8.4805 0.03 395 2388 100.00 38.59 23.1968  
23 156 0.0036 -0.0000 100.0 518.67 643.24 1596.66 1425.52 14.62 21.61 552.10 2388.30 9058.96 1.30 47.90 520.01 2388.24 8127.52 8.4631 0.03 393 2388 100.00 38.67 23.1932  
23 157 0.0003 0.0004 100.0 518.67 643.29 1604.68 1426.83 14.62 21.61 552.60 2388.29 9061.30 1.30 48.05 519.76 2388.20 8124.77 8.5077 0.03 397 2388 100.00 38.51 23.1551  
23 158 -0.0013 -0.0001 100.0 518.67 643.27 1598.58 1425.76 14.62 21.61 551.77 2388.24 9061.70 1.30 48.15 519.91 2388.26 8128.57 8.4752 0.03 396 2388 100.00 38.31 23.0834  
23 159 0.0026 -0.0002 100.0 518.67 643.77 1599.79 1432.24 14.62 21.61 551.84 2388.28 9063.89 1.30 48.07 520.52 2388.24 8128.10 8.5183 0.03 397 2388 100.00 38.33 23.1688  
23 160 0.0010 0.0002 100.0 518.67 643.51 1601.65 1421.60 14.62 21.61 551.59 2388.24 9054.66 1.30 48.10 520.60 2388.27 8129.37 8.4980 0.03 397 2388 100.00 38.40 23.1373  
23 161 -0.0017 -0.0002 100.0 518.67 643.93 1595.92 1422.20 14.62 21.61 551.66 2388.31 9064.58 1.30 48.12 520.14 2388.27 8132.69 8.5325 0.03 395 2388 100.00 38.38 23.1142  
23 162 -0.0041 -0.0004 100.0 518.67 643.22 1603.35 1427.07 14.62 21.61 551.82 2388.22 9063.98 1.30 48.03 519.58 2388.29 8130.19 8.5626 0.03 397 2388 100.00 38.66 23.1499  
23 163 0.0021 0.0005 100.0 518.67 643.58 1597.26 1424.40 14.62 21.61 551.72 2388.27 9049.13 1.30 48.12 520.51 2388.25 8133.24 8.5085 0.03 397 2388 100.00 38.49 23.0826  
23 164 0.0009 0.0001 100.0 518.67 643.52 1600.25 1426.59 14.62 21.61 551.33 2388.30 9058.38 1.30 48.12 519.48 2388.26 8136.45 8.5117 0.03 396 2388 100.00 38.23 23.2024  
23 165 0.0034 0.0003 100.0 518.67 643.71 1598.78 1425.41 14.62 21.61 551.41 2388.31 9058.02 1.30 48.17 520.53 2388.25 8127.93 8.5116 0.03 397 2388 100.00 38.62 23.1106  
23 166 0.0003 0.0004 100.0 518.67 644.07 1598.20 1431.62 14.62 21.61 551.45 2388.32 9060.28 1.30 48.08 519.49 2388.25 8124.49 8.4708 0.03 396 2388 100.00 38.37 23.1147  
23 167 0.0037 0.0002 100.0 518.67 643.76 1603.61 1431.60 14.62 21.61 550.78 2388.27 9057.35 1.30 48.02 519.22 2388.27 8129.57 8.5071 0.03 397 2388 100.00 38.37 23.0965  
23 168 -0.0007 0.0002 100.0 518.67 643.32 1604.16 1431.69 14.62 21.61 551.26 2388.26 9059.37 1.30 48.19 519.71 2388.36 8127.93 8.5169 0.03 397 2388 100.00 38.32 22.9071  
24 1 0.0008 -0.0004 100.0 518.67 642.17 1587.90 1403.12 14.62 21.61 554.00 2388.07 9066.64 1.30 47.10 522.08 2388.00 8146.09 8.4030 0.03 391 2388 100.00 39.08 23.3594  
24 2 0.0017 0.0001 100.0 518.67 642.00 1583.50 1394.49 14.62 21.61 554.09 2387.96 9059.99 1.30 47.17 522.26 2388.03 8144.87 8.4018 0.03 392 2388 100.00 38.93 23.5059  
24 3 0.0000 -0.0002 100.0 518.67 642.43 1587.55 1399.37 14.62 21.61 554.49 2388.05 9068.46 1.30 47.37 522.32 2388.01 8141.34 8.4485 0.03 390 2388 100.00 38.82 23.3265  
24 4 0.0011 0.0002 100.0 518.67 642.79 1587.68 1403.17 14.62 21.61 553.99 2388.05 9063.20 1.30 47.26 522.60 2387.97 8146.51 8.4061 0.03 393 2388 100.00 39.00 23.4368  
24 5 0.0001 0.0003 100.0 518.67 642.49 1579.15 1398.93 14.62 21.61 553.73 2388.02 9059.16 1.30 47.35 521.71 2387.99 8146.21 8.4659 0.03 393 2388 100.00 38.82 23.3640  
24 6 0.0004 0.0002 100.0 518.67 642.65 1583.39 1403.43 14.62 21.61 554.83 2388.06 9060.00 1.30 47.15 522.07 2388.05 8138.36 8.3908 0.03 391 2388 100.00 38.92 23.3192  
24 7 -0.0033 0.0001 100.0 518.67 642.71 1582.08 1401.82 14.62 21.61 553.90 2388.09 9051.18 1.30 47.06 522.48 2388.00 8144.22 8.4266 0.03 392 2388 100.00 38.89 23.4144  
24 8 0.0023 -0.0004 100.0 518.67 642.37 1591.51 1403.71 14.62 21.61 553.78 2387.97 9070.06 1.30 47.25 521.91 2387.99 8143.16 8.4075 0.03 391 2388 100.00 38.95 23.3935  
24 9 -0.0042 0.0002 100.0 518.67 642.05 1584.67 1400.66 14.62 21.61 554.07 2388.04 9062.91 1.30 47.32 522.16 2388.02 8140.55 8.4071 0.03 392 2388 100.00 38.94 23.5244  
24 10 0.0023 -0.0004 100.0 518.67 642.36 1593.63 1404.16 14.62 21.60 553.85 2388.04 9068.35 1.30 47.47 521.96 2388.03 8146.51 8.4100 0.03 392 2388 100.00 38.99 23.2652  
24 11 -0.0029 -0.0003 100.0 518.67 642.58 1586.85 1398.80 14.62 21.61 554.66 2388.03 9064.46 1.30 47.33 522.34 2388.05 8142.67 8.3771 0.03 392 2388 100.00 38.98 23.3489  
24 12 -0.0035 -0.0003 100.0 518.67 642.61 1589.01 1395.95 14.62 21.61 554.08 2388.04 9070.02 1.30 47.23 522.46 2388.01 8148.23 8.4139 0.03 392 2388 100.00 38.85 23.4507  
24 13 0.0030 -0.0001 100.0 518.67 642.54 1583.57 1406.37 14.62 21.61 554.01 2387.99 9060.80 1.30 47.27 521.95 2388.04 8142.55 8.4126 0.03 394 2388 100.00 38.80 23.4197  
24 14 0.0007 -0.0004 100.0 518.67 642.44 1591.83 1396.63 14.62 21.61 554.16 2388.06 9065.31 1.30 47.26 522.18 2388.03 8143.19 8.4313 0.03 391 2388 100.00 38.98 23.3812  
24 15 -0.0002 -0.0004 100.0 518.67 641.95 1585.53 1400.18 14.62 21.61 553.82 2388.03 9069.69 1.30 47.34 522.35 2388.06 8146.39 8.3905 0.03 392 2388 100.00 38.85 23.4346  
24 16 -0.0000 -0.0005 100.0 518.67 642.19 1591.68 1400.99 14.62 21.61 554.38 2388.04 9063.71 1.30 47.52 521.62 2388.03 8138.79 8.4051 0.03 391 2388 100.00 39.01 23.3267  
24 17 0.0025 -0.0005 100.0 518.67 642.07 1588.87 1403.73 14.62 21.61 554.54 2388.02 9071.82 1.30 47.41 521.76 2388.04 8137.40 8.4259 0.03 392 2388 100.00 38.81 23.3594  
24 18 -0.0000 0.0003 100.0 518.67 642.42 1591.25 1397.63 14.62 21.61 554.09 2388.01 9068.10 1.30 47.19 522.07 2388.01 8144.20 8.4163 0.03 393 2388 100.00 38.86 23.4568  
24 19 0.0007 -0.0003 100.0 518.67 642.69 1585.85 1395.70 14.62 21.60 554.14 2388.02 9064.97 1.30 47.26 521.89 2388.01 8147.39 8.4354 0.03 392 2388 100.00 39.09 23.3865  
24 20 -0.0010 0.0002 100.0 518.67 642.37 1587.49 1398.86 14.62 21.61 554.34 2388.08 9065.66 1.30 47.13 521.69 2388.08 8144.84 8.4135 0.03 392 2388 100.00 39.13 23.3214  
24 21 0.0006 -0.0002 100.0 518.67 642.28 1591.12 1398.91 14.62 21.61 554.48 2388.01 9066.81 1.30 47.26 522.13 2388.02 8140.61 8.3914 0.03 391 2388 100.00 39.00 23.3588  
24 22 -0.0023 0.0000 100.0 518.67 642.15 1582.61 1397.73 14.62 21.61 554.30 2388.04 9060.34 1.30 47.07 521.87 2388.02 8145.95 8.3933 0.03 392 2388 100.00 38.90 23.2522  
24 23 0.0009 -0.0005 100.0 518.67 642.40 1589.02 1397.58 14.62 21.61 554.03 2388.06 9063.61 1.30 47.25 521.77 2388.07 8141.79 8.4247 0.03 392 2388 100.00 38.86 23.3984  
24 24 -0.0002 0.0002 100.0 518.67 642.30 1588.03 1408.87 14.62 21.61 555.07 2388.00 9064.80 1.30 47.25 522.15 2388.07 8148.24 8.3969 0.03 392 2388 100.00 39.00 23.4527  
24 25 -0.0045 0.0000 100.0 518.67 642.06 1585.43 1401.12 14.62 21.61 554.12 2388.05 9060.62 1.30 47.28 522.41 2388.01 8145.21 8.3795 0.03 392 2388 100.00 38.84 23.3955  
24 26 0.0007 -0.0003 100.0 518.67 642.30 1588.92 1400.68 14.62 21.61 554.67 2388.10 9064.13 1.30 47.56 521.77 2388.04 8149.87 8.3807 0.03 392 2388 100.00 39.02 23.3911  
24 27 -0.0002 -0.0001 100.0 518.67 642.03 1590.31 1401.05 14.62 21.61 554.24 2388.08 9066.94 1.30 47.32 521.63 2387.99 8146.69 8.4146 0.03 393 2388 100.00 38.94 23.3673  
24 28 0.0013 -0.0005 100.0 518.67 642.01 1587.34 1400.39 14.62 21.61 553.03 2388.06 9063.63 1.30 47.28 521.63 2388.00 8145.09 8.4249 0.03 393 2388 100.00 38.91 23.3878  
24 29 0.0001 0.0002 100.0 518.67 642.74 1587.78 1397.77 14.62 21.61 554.34 2388.01 9066.63 1.30 47.18 522.52 2388.07 8141.60 8.4287 0.03 392 2388 100.00 39.16 23.3126  
24 30 -0.0022 0.0004 100.0 518.67 642.60 1585.12 1403.37 14.62 21.61 553.54 2388.00 9052.18 1.30 47.37 522.17 2388.02 8138.63 8.4284 0.03 393 2388 100.00 38.90 23.3928  
24 31 0.0009 -0.0001 100.0 518.67 642.52 1590.29 1403.23 14.62 21.61 554.57 2388.01 9063.78 1.30 47.31 521.91 2388.01 8144.82 8.4080 0.03 393 2388 100.00 38.85 23.4260  
24 32 0.0005 -0.0000 100.0 518.67 642.03 1589.62 1407.47 14.62 21.61 553.35 2388.04 9063.74 1.30 47.29 522.17 2388.04 8142.12 8.3844 0.03 391 2388 100.00 39.14 23.3081  
24 33 0.0005 -0.0002 100.0 518.67 642.56 1581.33 1406.88 14.62 21.61 553.72 2388.06 9063.20 1.30 47.28 522.08 2387.99 8144.38 8.4602 0.03 392 2388 100.00 39.01 23.2799  
24 34 0.0019 0.0003 100.0 518.67 641.62 1587.05 1405.23 14.62 21.61 554.27 2388.03 9056.15 1.30 47.25 522.05 2388.00 8150.91 8.4140 0.03 392 2388 100.00 38.87 23.3871  
24 35 -0.0020 -0.0004 100.0 518.67 642.22 1586.20 1401.04 14.62 21.61 554.52 2387.99 9061.93 1.30 47.37 522.26 2388.07 8149.02 8.4339 0.03 393 2388 100.00 38.93 23.2939  
24 36 -0.0027 0.0003 100.0 518.67 642.49 1590.94 1407.83 14.62 21.61 554.28 2388.01 9060.37 1.30 47.24 521.70 2388.04 8145.12 8.4116 0.03 392 2388 100.00 39.00 23.2791  
24 37 0.0010 -0.0004 100.0 518.67 641.96 1589.53 1391.90 14.62 21.61 554.41 2388.05 9054.24 1.30 47.24 522.00 2388.03 8148.96 8.3999 0.03 392 2388 100.00 39.10 23.3709  
24 38 -0.0015 -0.0002 100.0 518.67 642.64 1590.99 1403.92 14.62 21.61 554.41 2388.04 9062.29 1.30 47.36 522.18 2388.08 8144.05 8.4231 0.03 394 2388 100.00 38.97 23.4177  
24 39 -0.0015 0.0004 100.0 518.67 642.36 1588.79 1407.39 14.62 21.61 554.43 2388.00 9067.18 1.30 47.32 522.14 2388.04 8142.88 8.4425 0.03 392 2388 100.00 38.92 23.3965  
24 40 0.0049 0.0002 100.0 518.67 642.34 1581.68 1396.83 14.62 21.61 554.05 2388.06 9059.43 1.30 47.26 521.76 2388.02 8145.00 8.4201 0.03 394 2388 100.00 38.94 23.5132  
24 41 -0.0032 -0.0000 100.0 518.67 642.60 1587.39 1407.93 14.62 21.61 554.18 2388.06 9064.10 1.30 47.37 522.25 2388.02 8143.50 8.4360 0.03 390 2388 100.00 38.88 23.3587  
24 42 -0.0004 0.0002 100.0 518.67 643.26 1586.45 1408.61 14.62 21.61 554.07 2388.06 9064.75 1.30 47.28 522.39 2388.05 8138.11 8.4103 0.03 392 2388 100.00 39.10 23.4542  
24 43 0.0024 -0.0002 100.0 518.67 641.84 1589.08 1405.49 14.62 21.61 554.26 2388.05 9062.20 1.30 47.13 521.86 2388.03 8141.11 8.4227 0.03 394 2388 100.00 39.07 23.3482  
24 44 -0.0005 -0.0004 100.0 518.67 642.05 1587.93 1402.84 14.62 21.61 554.55 2388.05 9069.50 1.30 47.11 522.09 2387.99 8148.92 8.4010 0.03 390 2388 100.00 39.00 23.3801  
24 45 0.0001 0.0000 100.0 518.67 642.61 1587.72 1397.75 14.62 21.61 554.03 2388.05 9067.01 1.30 47.13 522.12 2388.03 8141.39 8.4133 0.03 393 2388 100.00 38.91 23.3466  
24 46 0.0012 0.0003 100.0 518.67 642.04 1585.95 1403.61 14.62 21.61 554.54 2388.06 9061.18 1.30 47.57 522.14 2388.03 8144.00 8.4453 0.03 392 2388 100.00 38.79 23.3287  
24 47 0.0020 -0.0005 100.0 518.67 642.37 1587.39 1404.69 14.62 21.61 553.58 2388.03 9056.42 1.30 47.29 522.24 2388.06 8143.99 8.4129 0.03 394 2388 100.00 38.98 23.4506  
24 48 0.0002 0.0001 100.0 518.67 642.41 1583.04 1407.63 14.62 21.61 553.47 2388.00 9065.83 1.30 47.40 521.99 2388.03 8142.25 8.3916 0.03 395 2388 100.00 39.06 23.3988  
24 49 0.0006 0.0003 100.0 518.67 642.05 1591.53 1405.48 14.62 21.61 554.14 2388.07 9057.89 1.30 47.23 521.37 2388.03 8148.84 8.4254 0.03 393 2388 100.00 38.87 23.3605  
24 50 0.0003 -0.0004 100.0 518.67 642.19 1588.34 1400.57 14.62 21.61 553.66 2388.01 9064.85 1.30 47.25 521.52 2388.02 8141.43 8.4201 0.03 394 2388 100.00 39.01 23.3177  
24 51 0.0012 -0.0002 100.0 518.67 642.24 1587.10 1404.95 14.62 21.61 553.75 2388.10 9061.01 1.30 47.47 522.56 2387.97 8145.11 8.4279 0.03 393 2388 100.00 39.01 23.3056  
24 52 -0.0022 0.0003 100.0 518.67 642.62 1588.96 1401.60 14.62 21.61 553.86 2388.07 9066.67 1.30 47.28 522.09 2388.00 8136.07 8.4314 0.03 391 2388 100.00 39.04 23.1962  
24 53 -0.0004 -0.0001 100.0 518.67 642.41 1588.59 1402.16 14.62 21.61 554.01 2388.08 9064.10 1.30 47.41 521.84 2388.02 8143.15 8.4309 0.03 391 2388 100.00 38.98 23.4453  
24 54 -0.0015 -0.0003 100.0 518.67 642.44 1582.24 1400.91 14.62 21.61 554.02 2388.05 9066.28 1.30 47.49 521.70 2388.05 8141.15 8.3712 0.03 392 2388 100.00 38.90 23.4548  
24 55 -0.0061 -0.0003 100.0 518.67 642.11 1588.14 1400.03 14.62 21.61 553.89 2388.03 9068.77 1.30 47.32 521.66 2388.06 8143.96 8.4187 0.03 393 2388 100.00 38.66 23.5099  
24 56 0.0049 -0.0000 100.0 518.67 642.60 1585.77 1405.08 14.62 21.61 555.09 2388.08 9061.05 1.30 47.29 521.75 2388.06 8142.83 8.4316 0.03 394 2388 100.00 39.04 23.3128  
24 57 -0.0025 0.0002 100.0 518.67 642.83 1589.13 1405.98 14.62 21.61 554.13 2387.97 9061.08 1.30 47.43 521.48 2388.05 8144.91 8.4469 0.03 392 2388 100.00 38.92 23.2483  
24 58 -0.0021 -0.0004 100.0 518.67 642.30 1584.08 1402.37 14.62 21.61 553.96 2388.04 9061.72 1.30 47.29 521.49 2388.06 8144.77 8.4030 0.03 392 2388 100.00 38.75 23.3011  
24 59 -0.0007 0.0001 100.0 518.67 642.49 1587.03 1402.82 14.62 21.61 554.33 2388.05 9067.53 1.30 47.44 522.35 2388.01 8139.90 8.4218 0.03 392 2388 100.00 38.85 23.3302  
24 60 -0.0002 -0.0005 100.0 518.67 642.42 1584.66 1400.81 14.62 21.61 553.86 2388.02 9057.66 1.30 47.45 521.94 2388.05 8143.00 8.3957 0.03 393 2388 100.00 38.86 23.3398  
24 61 0.0028 0.0004 100.0 518.67 642.76 1588.77 1400.30 14.62 21.61 553.82 2388.05 9067.82 1.30 47.56 521.69 2388.08 8142.72 8.4141 0.03 393 2388 100.00 39.06 23.3946  
24 62 -0.0015 -0.0003 100.0 518.67 642.30 1587.58 1404.53 14.62 21.61 553.62 2388.06 9063.23 1.30 47.21 521.82 2388.08 8143.81 8.4003 0.03 393 2388 100.00 38.94 23.3958  
24 63 -0.0007 -0.0005 100.0 518.67 642.70 1589.25 1408.40 14.62 21.61 554.72 2388.06 9057.11 1.30 47.38 521.89 2387.99 8141.17 8.4265 0.03 394 2388 100.00 38.85 23.3199  
24 64 -0.0050 -0.0003 100.0 518.67 642.98 1583.03 1399.33 14.62 21.61 553.98 2388.07 9057.35 1.30 47.45 521.52 2388.08 8141.11 8.3952 0.03 393 2388 100.00 38.83 23.4016  
24 65 -0.0000 0.0004 100.0 518.67 642.60 1587.32 1405.48 14.62 21.61 553.88 2388.09 9062.61 1.30 47.28 521.69 2388.11 8137.22 8.4181 0.03 393 2388 100.00 38.81 23.2913  
24 66 0.0008 -0.0003 100.0 518.67 642.44 1588.16 1401.97 14.62 21.61 554.22 2388.01 9060.68 1.30 47.27 521.29 2388.05 8144.87 8.4125 0.03 391 2388 100.00 38.94 23.2961  
24 67 -0.0011 0.0001 100.0 518.67 643.06 1590.24 1399.31 14.62 21.61 553.73 2388.02 9063.73 1.30 47.24 521.68 2388.05 8141.02 8.4111 0.03 395 2388 100.00 38.86 23.3732  
24 68 0.0003 -0.0001 100.0 518.67 642.05 1584.76 1401.10 14.62 21.61 553.97 2388.09 9061.01 1.30 47.35 522.00 2388.04 8141.58 8.4018 0.03 393 2388 100.00 38.82 23.4338  
24 69 -0.0001 0.0003 100.0 518.67 642.63 1587.10 1403.09 14.62 21.61 554.00 2388.03 9064.86 1.30 47.51 521.63 2388.06 8148.00 8.3910 0.03 391 2388 100.00 38.90 23.3073  
24 70 -0.0060 -0.0002 100.0 518.67 642.33 1581.31 1408.91 14.62 21.61 553.40 2388.11 9060.35 1.30 47.50 521.94 2388.03 8143.88 8.4536 0.03 394 2388 100.00 39.00 23.2243  
24 71 -0.0024 -0.0001 100.0 518.67 642.82 1587.68 1404.28 14.62 21.61 554.18 2388.05 9067.71 1.30 47.53 521.72 2388.05 8147.25 8.4344 0.03 393 2388 100.00 38.89 23.2640  
24 72 -0.0008 0.0000 100.0 518.67 642.45 1585.23 1392.90 14.62 21.61 553.58 2388.02 9055.98 1.30 47.50 522.06 2388.09 8141.67 8.3822 0.03 392 2388 100.00 38.88 23.3387  
24 73 -0.0013 -0.0005 100.0 518.67 642.76 1585.22 1409.77 14.62 21.61 554.61 2388.04 9058.60 1.30 47.46 521.90 2388.06 8141.55 8.4179 0.03 394 2388 100.00 38.89 23.4315  
24 74 0.0016 0.0002 100.0 518.67 642.53 1584.05 1412.74 14.62 21.61 553.49 2388.12 9062.94 1.30 47.44 521.22 2388.07 8140.01 8.4445 0.03 392 2388 100.00 38.76 23.2980  
24 75 0.0051 0.0003 100.0 518.67 642.32 1580.22 1408.82 14.62 21.61 554.21 2388.10 9065.89 1.30 47.34 522.00 2388.07 8141.92 8.4288 0.03 393 2388 100.00 38.87 23.3155  
24 76 -0.0011 0.0000 100.0 518.67 643.02 1591.79 1408.74 14.62 21.61 554.26 2388.06 9061.65 1.30 47.37 521.38 2388.08 8144.63 8.4114 0.03 392 2388 100.00 38.96 23.3752  
24 77 0.0016 0.0003 100.0 518.67 642.61 1590.02 1406.80 14.62 21.61 553.45 2388.04 9065.32 1.30 47.43 521.44 2388.08 8143.56 8.4604 0.03 391 2388 100.00 38.74 23.3101  
24 78 0.0015 -0.0002 100.0 518.67 642.63 1586.00 1401.77 14.62 21.61 553.58 2388.07 9065.92 1.30 47.45 521.89 2388.00 8144.74 8.4700 0.03 392 2388 100.00 38.96 23.3571  
24 79 -0.0027 0.0002 100.0 518.67 642.49 1584.61 1404.53 14.62 21.61 553.23 2388.03 9065.63 1.30 47.31 522.04 2388.07 8143.56 8.3857 0.03 392 2388 100.00 39.11 23.4013  
24 80 -0.0002 0.0004 100.0 518.67 642.84 1577.14 1406.36 14.62 21.61 553.97 2388.11 9065.99 1.30 47.40 521.37 2388.05 8142.24 8.4437 0.03 392 2388 100.00 38.84 23.2933  
24 81 0.0025 -0.0004 100.0 518.67 642.72 1594.25 1401.01 14.62 21.61 553.45 2388.10 9056.38 1.30 47.29 521.71 2388.07 8138.23 8.4197 0.03 392 2388 100.00 38.95 23.2721  
24 82 0.0012 -0.0001 100.0 518.67 642.84 1591.47 1409.12 14.62 21.61 553.98 2388.10 9067.19 1.30 47.30 522.04 2388.01 8146.68 8.4696 0.03 394 2388 100.00 38.84 23.3519  
24 83 -0.0012 0.0000 100.0 518.67 642.00 1586.13 1413.19 14.62 21.61 553.66 2388.08 9052.40 1.30 47.49 521.78 2388.10 8138.78 8.4678 0.03 394 2388 100.00 38.97 23.2967  
24 84 -0.0004 0.0003 100.0 518.67 642.36 1588.31 1405.40 14.62 21.61 553.83 2388.12 9060.40 1.30 47.48 522.00 2388.03 8138.51 8.4399 0.03 393 2388 100.00 38.89 23.3512  
24 85 -0.0015 0.0003 100.0 518.67 642.40 1596.31 1403.32 14.62 21.61 553.91 2388.11 9055.59 1.30 47.47 521.83 2388.11 8144.72 8.4139 0.03 393 2388 100.00 38.97 23.3813  
24 86 0.0006 0.0003 100.0 518.67 642.24 1588.61 1405.03 14.62 21.61 553.21 2388.07 9061.67 1.30 47.47 521.38 2388.07 8138.01 8.4470 0.03 394 2388 100.00 38.90 23.3010  
24 87 -0.0016 0.0003 100.0 518.67 642.62 1590.12 1403.86 14.62 21.61 552.96 2388.08 9058.94 1.30 47.49 521.34 2388.11 8137.70 8.4497 0.03 393 2388 100.00 38.82 23.3841  
24 88 -0.0004 0.0001 100.0 518.67 642.95 1588.05 1402.62 14.62 21.61 553.01 2388.13 9069.31 1.30 47.45 521.51 2388.04 8138.10 8.4622 0.03 392 2388 100.00 38.80 23.2387  
24 89 -0.0050 0.0002 100.0 518.67 642.04 1593.09 1402.91 14.62 21.61 553.28 2388.11 9062.74 1.30 47.41 521.94 2388.06 8139.57 8.4235 0.03 392 2388 100.00 38.94 23.4134  
24 90 0.0021 0.0003 100.0 518.67 642.61 1596.86 1408.40 14.62 21.61 553.15 2388.08 9057.84 1.30 47.55 521.51 2388.12 8138.95 8.4494 0.03 392 2388 100.00 38.92 23.3850  
24 91 0.0034 -0.0004 100.0 518.67 642.94 1594.11 1403.93 14.62 21.61 553.49 2388.11 9059.44 1.30 47.47 521.60 2388.14 8135.01 8.4436 0.03 392 2388 100.00 38.79 23.2728  
24 92 0.0004 0.0003 100.0 518.67 642.58 1593.20 1406.97 14.62 21.61 553.33 2388.16 9062.68 1.30 47.63 522.23 2388.08 8136.91 8.4103 0.03 394 2388 100.00 38.92 23.3384  
24 93 -0.0004 0.0003 100.0 518.67 642.97 1589.27 1399.15 14.62 21.61 553.66 2388.07 9062.54 1.30 47.61 521.66 2388.03 8144.87 8.4642 0.03 393 2388 100.00 38.72 23.3162  
24 94 0.0006 -0.0002 100.0 518.67 642.55 1585.82 1403.16 14.62 21.61 553.13 2388.09 9060.93 1.30 47.48 521.99 2388.08 8137.70 8.4246 0.03 392 2388 100.00 38.86 23.4483  
24 95 -0.0000 -0.0000 100.0 518.67 642.26 1591.32 1409.64 14.62 21.61 553.99 2388.13 9068.19 1.30 47.45 521.00 2388.06 8140.14 8.3932 0.03 392 2388 100.00 38.85 23.2966  
24 96 -0.0002 0.0004 100.0 518.67 642.97 1592.25 1407.47 14.62 21.61 553.06 2388.10 9059.73 1.30 47.55 521.33 2388.05 8145.16 8.4211 0.03 393 2388 100.00 38.77 23.3446  
24 97 0.0016 0.0000 100.0 518.67 642.20 1591.70 1406.53 14.62 21.61 553.12 2388.08 9064.65 1.30 47.54 521.37 2388.11 8140.95 8.4557 0.03 392 2388 100.00 38.91 23.2572  
24 98 0.0040 -0.0002 100.0 518.67 643.07 1598.05 1410.35 14.62 21.61 553.76 2388.11 9055.52 1.30 47.52 521.21 2388.12 8143.74 8.4629 0.03 394 2388 100.00 38.82 23.2879  
24 99 -0.0028 -0.0001 100.0 518.67 642.66 1590.34 1409.81 14.62 21.61 552.80 2388.18 9058.85 1.30 47.46 521.10 2388.16 8140.75 8.4142 0.03 394 2388 100.00 38.89 23.1994  
24 100 -0.0008 0.0000 100.0 518.67 642.95 1588.97 1409.36 14.62 21.61 553.51 2388.05 9063.59 1.30 47.72 521.28 2388.07 8137.55 8.4540 0.03 394 2388 100.00 38.72 23.2554  
24 101 -0.0012 -0.0002 100.0 518.67 642.90 1593.97 1405.44 14.62 21.61 553.05 2388.09 9060.88 1.30 47.66 521.31 2388.05 8137.13 8.4723 0.03 394 2388 100.00 38.75 23.2844  
24 102 0.0006 0.0004 100.0 518.67 642.97 1592.70 1406.76 14.62 21.61 553.24 2388.07 9063.30 1.30 47.22 521.68 2388.10 8132.97 8.4587 0.03 393 2388 100.00 38.80 23.2367  
24 103 -0.0005 -0.0000 100.0 518.67 642.78 1592.28 1406.72 14.62 21.61 552.61 2388.11 9061.25 1.30 47.66 521.14 2388.11 8142.47 8.4627 0.03 394 2388 100.00 38.86 23.3045  
24 104 0.0014 -0.0002 100.0 518.67 642.97 1592.97 1406.05 14.62 21.61 553.34 2388.18 9054.68 1.30 47.56 521.47 2388.16 8138.00 8.4624 0.03 392 2388 100.00 38.86 23.3497  
24 105 0.0009 0.0000 100.0 518.67 643.01 1594.98 1414.26 14.62 21.61 553.07 2388.11 9062.02 1.30 47.54 521.15 2388.10 8140.40 8.4555 0.03 393 2388 100.00 38.85 23.2629  
24 106 0.0001 0.0000 100.0 518.67 642.82 1591.46 1404.18 14.62 21.61 553.11 2388.08 9056.90 1.30 47.70 521.00 2388.14 8140.38 8.4453 0.03 393 2388 100.00 38.73 23.2973  
24 107 0.0017 0.0000 100.0 518.67 643.10 1580.73 1413.42 14.62 21.61 553.62 2388.11 9055.24 1.30 47.46 520.96 2388.08 8142.23 8.4454 0.03 394 2388 100.00 38.80 23.3416  
24 108 0.0011 0.0001 100.0 518.67 642.89 1593.46 1407.23 14.62 21.61 554.31 2388.07 9055.48 1.30 47.51 521.39 2388.14 8142.40 8.4457 0.03 393 2388 100.00 38.83 23.2695  
24 109 0.0035 0.0002 100.0 518.67 642.56 1589.94 1406.28 14.62 21.61 552.75 2388.17 9064.00 1.30 47.67 521.42 2388.13 8139.90 8.4483 0.03 393 2388 100.00 38.77 23.2308  
24 110 0.0067 0.0000 100.0 518.67 643.03 1594.02 1407.36 14.62 21.61 554.21 2388.16 9054.37 1.30 47.75 521.02 2388.08 8138.12 8.4710 0.03 393 2388 100.00 38.87 23.2551  
24 111 -0.0008 -0.0002 100.0 518.67 642.93 1590.20 1412.92 14.62 21.61 552.56 2388.09 9054.03 1.30 47.57 521.10 2388.19 8136.64 8.4471 0.03 392 2388 100.00 38.82 23.2024  
24 112 -0.0060 0.0001 100.0 518.67 642.64 1597.48 1414.98 14.62 21.61 553.50 2388.13 9061.23 1.30 47.59 520.98 2388.15 8137.89 8.4469 0.03 394 2388 100.00 38.90 23.2226  
24 113 -0.0052 -0.0003 100.0 518.67 643.65 1591.48 1410.08 14.62 21.61 552.72 2388.11 9062.87 1.30 47.71 521.22 2388.13 8139.90 8.4638 0.03 394 2388 100.00 38.58 23.1055  
24 114 0.0029 -0.0002 100.0 518.67 643.14 1592.60 1413.93 14.62 21.61 552.92 2388.15 9054.79 1.30 47.61 521.34 2388.18 8131.54 8.4777 0.03 395 2388 100.00 38.87 23.3200  
24 115 -0.0017 0.0003 100.0 518.67 642.45 1592.77 1418.25 14.62 21.61 553.07 2388.15 9061.48 1.30 47.66 521.29 2388.17 8133.15 8.4474 0.03 393 2388 100.00 38.89 23.2865  
24 116 -0.0019 -0.0003 100.0 518.67 642.52 1590.26 1414.08 14.62 21.61 552.13 2388.16 9062.46 1.30 47.50 520.94 2388.19 8138.89 8.4689 0.03 391 2388 100.00 38.84 23.2628  
24 117 0.0037 0.0004 100.0 518.67 642.54 1595.04 1420.26 14.62 21.61 553.10 2388.20 9058.28 1.30 47.67 521.45 2388.16 8135.54 8.4329 0.03 396 2388 100.00 38.84 23.2382  
24 118 0.0026 -0.0004 100.0 518.67 642.86 1591.27 1415.42 14.62 21.61 552.66 2388.18 9058.91 1.30 47.72 520.72 2388.13 8138.23 8.4527 0.03 394 2388 100.00 38.66 23.2601  
24 119 -0.0003 0.0003 100.0 518.67 642.56 1593.45 1418.44 14.62 21.61 552.95 2388.12 9056.77 1.30 47.70 521.01 2388.14 8
